PATTY,block-grouping,files/block-grouping/domain.pddl,files/block-grouping/instances/instance_100_10_2_1.pddl
PATTY-BV,block-grouping,files/block-grouping/domain.pddl,files/block-grouping/instances/instance_100_10_2_1.pddl
ENHSP,block-grouping,files/block-grouping/domain.pddl,files/block-grouping/instances/instance_100_10_2_1.pddl
PATTY,block-grouping,files/block-grouping/domain.pddl,files/block-grouping/instances/instance_100_10_2_2.pddl
PATTY-BV,block-grouping,files/block-grouping/domain.pddl,files/block-grouping/instances/instance_100_10_2_2.pddl
ENHSP,block-grouping,files/block-grouping/domain.pddl,files/block-grouping/instances/instance_100_10_2_2.pddl
PATTY,block-grouping,files/block-grouping/domain.pddl,files/block-grouping/instances/instance_100_10_2_3.pddl
PATTY-BV,block-grouping,files/block-grouping/domain.pddl,files/block-grouping/instances/instance_100_10_2_3.pddl
ENHSP,block-grouping,files/block-grouping/domain.pddl,files/block-grouping/instances/instance_100_10_2_3.pddl
PATTY,block-grouping,files/block-grouping/domain.pddl,files/block-grouping/instances/instance_100_15_3_1.pddl
PATTY-BV,block-grouping,files/block-grouping/domain.pddl,files/block-grouping/instances/instance_100_15_3_1.pddl
ENHSP,block-grouping,files/block-grouping/domain.pddl,files/block-grouping/instances/instance_100_15_3_1.pddl
PATTY,block-grouping,files/block-grouping/domain.pddl,files/block-grouping/instances/instance_100_15_3_2.pddl
PATTY-BV,block-grouping,files/block-grouping/domain.pddl,files/block-grouping/instances/instance_100_15_3_2.pddl
ENHSP,block-grouping,files/block-grouping/domain.pddl,files/block-grouping/instances/instance_100_15_3_2.pddl
PATTY,block-grouping,files/block-grouping/domain.pddl,files/block-grouping/instances/instance_100_15_3_3.pddl
PATTY-BV,block-grouping,files/block-grouping/domain.pddl,files/block-grouping/instances/instance_100_15_3_3.pddl
ENHSP,block-grouping,files/block-grouping/domain.pddl,files/block-grouping/instances/instance_100_15_3_3.pddl
PATTY,block-grouping,files/block-grouping/domain.pddl,files/block-grouping/instances/instance_100_20_5_1.pddl
PATTY-BV,block-grouping,files/block-grouping/domain.pddl,files/block-grouping/instances/instance_100_20_5_1.pddl
ENHSP,block-grouping,files/block-grouping/domain.pddl,files/block-grouping/instances/instance_100_20_5_1.pddl
PATTY,block-grouping,files/block-grouping/domain.pddl,files/block-grouping/instances/instance_100_20_5_2.pddl
PATTY-BV,block-grouping,files/block-grouping/domain.pddl,files/block-grouping/instances/instance_100_20_5_2.pddl
ENHSP,block-grouping,files/block-grouping/domain.pddl,files/block-grouping/instances/instance_100_20_5_2.pddl
PATTY,block-grouping,files/block-grouping/domain.pddl,files/block-grouping/instances/instance_100_20_5_3.pddl
PATTY-BV,block-grouping,files/block-grouping/domain.pddl,files/block-grouping/instances/instance_100_20_5_3.pddl
ENHSP,block-grouping,files/block-grouping/domain.pddl,files/block-grouping/instances/instance_100_20_5_3.pddl
PATTY,block-grouping,files/block-grouping/domain.pddl,files/block-grouping/instances/instance_100_25_6_1.pddl
PATTY-BV,block-grouping,files/block-grouping/domain.pddl,files/block-grouping/instances/instance_100_25_6_1.pddl
ENHSP,block-grouping,files/block-grouping/domain.pddl,files/block-grouping/instances/instance_100_25_6_1.pddl
PATTY,block-grouping,files/block-grouping/domain.pddl,files/block-grouping/instances/instance_100_25_6_2.pddl
PATTY-BV,block-grouping,files/block-grouping/domain.pddl,files/block-grouping/instances/instance_100_25_6_2.pddl
ENHSP,block-grouping,files/block-grouping/domain.pddl,files/block-grouping/instances/instance_100_25_6_2.pddl
PATTY,block-grouping,files/block-grouping/domain.pddl,files/block-grouping/instances/instance_100_25_6_3.pddl
PATTY-BV,block-grouping,files/block-grouping/domain.pddl,files/block-grouping/instances/instance_100_25_6_3.pddl
ENHSP,block-grouping,files/block-grouping/domain.pddl,files/block-grouping/instances/instance_100_25_6_3.pddl
PATTY,block-grouping,files/block-grouping/domain.pddl,files/block-grouping/instances/instance_100_30_7_1.pddl
PATTY-BV,block-grouping,files/block-grouping/domain.pddl,files/block-grouping/instances/instance_100_30_7_1.pddl
ENHSP,block-grouping,files/block-grouping/domain.pddl,files/block-grouping/instances/instance_100_30_7_1.pddl
PATTY,block-grouping,files/block-grouping/domain.pddl,files/block-grouping/instances/instance_100_30_7_2.pddl
PATTY-BV,block-grouping,files/block-grouping/domain.pddl,files/block-grouping/instances/instance_100_30_7_2.pddl
ENHSP,block-grouping,files/block-grouping/domain.pddl,files/block-grouping/instances/instance_100_30_7_2.pddl
PATTY,block-grouping,files/block-grouping/domain.pddl,files/block-grouping/instances/instance_100_30_7_3.pddl
PATTY-BV,block-grouping,files/block-grouping/domain.pddl,files/block-grouping/instances/instance_100_30_7_3.pddl
ENHSP,block-grouping,files/block-grouping/domain.pddl,files/block-grouping/instances/instance_100_30_7_3.pddl
PATTY,block-grouping,files/block-grouping/domain.pddl,files/block-grouping/instances/instance_100_35_8_1.pddl
PATTY-BV,block-grouping,files/block-grouping/domain.pddl,files/block-grouping/instances/instance_100_35_8_1.pddl
ENHSP,block-grouping,files/block-grouping/domain.pddl,files/block-grouping/instances/instance_100_35_8_1.pddl
PATTY,block-grouping,files/block-grouping/domain.pddl,files/block-grouping/instances/instance_100_35_8_2.pddl
PATTY-BV,block-grouping,files/block-grouping/domain.pddl,files/block-grouping/instances/instance_100_35_8_2.pddl
ENHSP,block-grouping,files/block-grouping/domain.pddl,files/block-grouping/instances/instance_100_35_8_2.pddl
PATTY,block-grouping,files/block-grouping/domain.pddl,files/block-grouping/instances/instance_100_35_8_3.pddl
PATTY-BV,block-grouping,files/block-grouping/domain.pddl,files/block-grouping/instances/instance_100_35_8_3.pddl
ENHSP,block-grouping,files/block-grouping/domain.pddl,files/block-grouping/instances/instance_100_35_8_3.pddl
PATTY,block-grouping,files/block-grouping/domain.pddl,files/block-grouping/instances/instance_100_40_10_1.pddl
PATTY-BV,block-grouping,files/block-grouping/domain.pddl,files/block-grouping/instances/instance_100_40_10_1.pddl
ENHSP,block-grouping,files/block-grouping/domain.pddl,files/block-grouping/instances/instance_100_40_10_1.pddl
PATTY,block-grouping,files/block-grouping/domain.pddl,files/block-grouping/instances/instance_100_40_10_2.pddl
PATTY-BV,block-grouping,files/block-grouping/domain.pddl,files/block-grouping/instances/instance_100_40_10_2.pddl
ENHSP,block-grouping,files/block-grouping/domain.pddl,files/block-grouping/instances/instance_100_40_10_2.pddl
PATTY,block-grouping,files/block-grouping/domain.pddl,files/block-grouping/instances/instance_100_40_10_3.pddl
PATTY-BV,block-grouping,files/block-grouping/domain.pddl,files/block-grouping/instances/instance_100_40_10_3.pddl
ENHSP,block-grouping,files/block-grouping/domain.pddl,files/block-grouping/instances/instance_100_40_10_3.pddl
PATTY,block-grouping,files/block-grouping/domain.pddl,files/block-grouping/instances/instance_100_5_2_1.pddl
PATTY-BV,block-grouping,files/block-grouping/domain.pddl,files/block-grouping/instances/instance_100_5_2_1.pddl
ENHSP,block-grouping,files/block-grouping/domain.pddl,files/block-grouping/instances/instance_100_5_2_1.pddl
PATTY,block-grouping,files/block-grouping/domain.pddl,files/block-grouping/instances/instance_100_5_2_2.pddl
PATTY-BV,block-grouping,files/block-grouping/domain.pddl,files/block-grouping/instances/instance_100_5_2_2.pddl
ENHSP,block-grouping,files/block-grouping/domain.pddl,files/block-grouping/instances/instance_100_5_2_2.pddl
PATTY,block-grouping,files/block-grouping/domain.pddl,files/block-grouping/instances/instance_100_5_2_3.pddl
PATTY-BV,block-grouping,files/block-grouping/domain.pddl,files/block-grouping/instances/instance_100_5_2_3.pddl
ENHSP,block-grouping,files/block-grouping/domain.pddl,files/block-grouping/instances/instance_100_5_2_3.pddl
PATTY,block-grouping,files/block-grouping/domain.pddl,files/block-grouping/instances/instance_11_10_2_1.pddl
PATTY-BV,block-grouping,files/block-grouping/domain.pddl,files/block-grouping/instances/instance_11_10_2_1.pddl
ENHSP,block-grouping,files/block-grouping/domain.pddl,files/block-grouping/instances/instance_11_10_2_1.pddl
PATTY,block-grouping,files/block-grouping/domain.pddl,files/block-grouping/instances/instance_11_10_2_2.pddl
PATTY-BV,block-grouping,files/block-grouping/domain.pddl,files/block-grouping/instances/instance_11_10_2_2.pddl
ENHSP,block-grouping,files/block-grouping/domain.pddl,files/block-grouping/instances/instance_11_10_2_2.pddl
PATTY,block-grouping,files/block-grouping/domain.pddl,files/block-grouping/instances/instance_11_10_2_3.pddl
PATTY-BV,block-grouping,files/block-grouping/domain.pddl,files/block-grouping/instances/instance_11_10_2_3.pddl
ENHSP,block-grouping,files/block-grouping/domain.pddl,files/block-grouping/instances/instance_11_10_2_3.pddl
PATTY,block-grouping,files/block-grouping/domain.pddl,files/block-grouping/instances/instance_11_15_3_1.pddl
PATTY-BV,block-grouping,files/block-grouping/domain.pddl,files/block-grouping/instances/instance_11_15_3_1.pddl
ENHSP,block-grouping,files/block-grouping/domain.pddl,files/block-grouping/instances/instance_11_15_3_1.pddl
PATTY,block-grouping,files/block-grouping/domain.pddl,files/block-grouping/instances/instance_11_15_3_2.pddl
PATTY-BV,block-grouping,files/block-grouping/domain.pddl,files/block-grouping/instances/instance_11_15_3_2.pddl
ENHSP,block-grouping,files/block-grouping/domain.pddl,files/block-grouping/instances/instance_11_15_3_2.pddl
PATTY,block-grouping,files/block-grouping/domain.pddl,files/block-grouping/instances/instance_11_15_3_3.pddl
PATTY-BV,block-grouping,files/block-grouping/domain.pddl,files/block-grouping/instances/instance_11_15_3_3.pddl
ENHSP,block-grouping,files/block-grouping/domain.pddl,files/block-grouping/instances/instance_11_15_3_3.pddl
PATTY,block-grouping,files/block-grouping/domain.pddl,files/block-grouping/instances/instance_11_20_5_1.pddl
PATTY-BV,block-grouping,files/block-grouping/domain.pddl,files/block-grouping/instances/instance_11_20_5_1.pddl
ENHSP,block-grouping,files/block-grouping/domain.pddl,files/block-grouping/instances/instance_11_20_5_1.pddl
PATTY,block-grouping,files/block-grouping/domain.pddl,files/block-grouping/instances/instance_11_20_5_2.pddl
PATTY-BV,block-grouping,files/block-grouping/domain.pddl,files/block-grouping/instances/instance_11_20_5_2.pddl
ENHSP,block-grouping,files/block-grouping/domain.pddl,files/block-grouping/instances/instance_11_20_5_2.pddl
PATTY,block-grouping,files/block-grouping/domain.pddl,files/block-grouping/instances/instance_11_20_5_3.pddl
PATTY-BV,block-grouping,files/block-grouping/domain.pddl,files/block-grouping/instances/instance_11_20_5_3.pddl
ENHSP,block-grouping,files/block-grouping/domain.pddl,files/block-grouping/instances/instance_11_20_5_3.pddl
PATTY,block-grouping,files/block-grouping/domain.pddl,files/block-grouping/instances/instance_11_25_6_1.pddl
PATTY-BV,block-grouping,files/block-grouping/domain.pddl,files/block-grouping/instances/instance_11_25_6_1.pddl
ENHSP,block-grouping,files/block-grouping/domain.pddl,files/block-grouping/instances/instance_11_25_6_1.pddl
PATTY,block-grouping,files/block-grouping/domain.pddl,files/block-grouping/instances/instance_11_25_6_2.pddl
PATTY-BV,block-grouping,files/block-grouping/domain.pddl,files/block-grouping/instances/instance_11_25_6_2.pddl
ENHSP,block-grouping,files/block-grouping/domain.pddl,files/block-grouping/instances/instance_11_25_6_2.pddl
PATTY,block-grouping,files/block-grouping/domain.pddl,files/block-grouping/instances/instance_11_25_6_3.pddl
PATTY-BV,block-grouping,files/block-grouping/domain.pddl,files/block-grouping/instances/instance_11_25_6_3.pddl
ENHSP,block-grouping,files/block-grouping/domain.pddl,files/block-grouping/instances/instance_11_25_6_3.pddl
PATTY,block-grouping,files/block-grouping/domain.pddl,files/block-grouping/instances/instance_11_30_7_1.pddl
PATTY-BV,block-grouping,files/block-grouping/domain.pddl,files/block-grouping/instances/instance_11_30_7_1.pddl
ENHSP,block-grouping,files/block-grouping/domain.pddl,files/block-grouping/instances/instance_11_30_7_1.pddl
PATTY,block-grouping,files/block-grouping/domain.pddl,files/block-grouping/instances/instance_11_30_7_2.pddl
PATTY-BV,block-grouping,files/block-grouping/domain.pddl,files/block-grouping/instances/instance_11_30_7_2.pddl
ENHSP,block-grouping,files/block-grouping/domain.pddl,files/block-grouping/instances/instance_11_30_7_2.pddl
PATTY,block-grouping,files/block-grouping/domain.pddl,files/block-grouping/instances/instance_11_30_7_3.pddl
PATTY-BV,block-grouping,files/block-grouping/domain.pddl,files/block-grouping/instances/instance_11_30_7_3.pddl
ENHSP,block-grouping,files/block-grouping/domain.pddl,files/block-grouping/instances/instance_11_30_7_3.pddl
PATTY,block-grouping,files/block-grouping/domain.pddl,files/block-grouping/instances/instance_11_35_8_1.pddl
PATTY-BV,block-grouping,files/block-grouping/domain.pddl,files/block-grouping/instances/instance_11_35_8_1.pddl
ENHSP,block-grouping,files/block-grouping/domain.pddl,files/block-grouping/instances/instance_11_35_8_1.pddl
PATTY,block-grouping,files/block-grouping/domain.pddl,files/block-grouping/instances/instance_11_35_8_2.pddl
PATTY-BV,block-grouping,files/block-grouping/domain.pddl,files/block-grouping/instances/instance_11_35_8_2.pddl
ENHSP,block-grouping,files/block-grouping/domain.pddl,files/block-grouping/instances/instance_11_35_8_2.pddl
PATTY,block-grouping,files/block-grouping/domain.pddl,files/block-grouping/instances/instance_11_35_8_3.pddl
PATTY-BV,block-grouping,files/block-grouping/domain.pddl,files/block-grouping/instances/instance_11_35_8_3.pddl
ENHSP,block-grouping,files/block-grouping/domain.pddl,files/block-grouping/instances/instance_11_35_8_3.pddl
PATTY,block-grouping,files/block-grouping/domain.pddl,files/block-grouping/instances/instance_11_40_10_1.pddl
PATTY-BV,block-grouping,files/block-grouping/domain.pddl,files/block-grouping/instances/instance_11_40_10_1.pddl
ENHSP,block-grouping,files/block-grouping/domain.pddl,files/block-grouping/instances/instance_11_40_10_1.pddl
PATTY,block-grouping,files/block-grouping/domain.pddl,files/block-grouping/instances/instance_11_40_10_2.pddl
PATTY-BV,block-grouping,files/block-grouping/domain.pddl,files/block-grouping/instances/instance_11_40_10_2.pddl
ENHSP,block-grouping,files/block-grouping/domain.pddl,files/block-grouping/instances/instance_11_40_10_2.pddl
PATTY,block-grouping,files/block-grouping/domain.pddl,files/block-grouping/instances/instance_11_40_10_3.pddl
PATTY-BV,block-grouping,files/block-grouping/domain.pddl,files/block-grouping/instances/instance_11_40_10_3.pddl
ENHSP,block-grouping,files/block-grouping/domain.pddl,files/block-grouping/instances/instance_11_40_10_3.pddl
PATTY,block-grouping,files/block-grouping/domain.pddl,files/block-grouping/instances/instance_11_5_2_1.pddl
PATTY-BV,block-grouping,files/block-grouping/domain.pddl,files/block-grouping/instances/instance_11_5_2_1.pddl
ENHSP,block-grouping,files/block-grouping/domain.pddl,files/block-grouping/instances/instance_11_5_2_1.pddl
PATTY,block-grouping,files/block-grouping/domain.pddl,files/block-grouping/instances/instance_11_5_2_2.pddl
PATTY-BV,block-grouping,files/block-grouping/domain.pddl,files/block-grouping/instances/instance_11_5_2_2.pddl
ENHSP,block-grouping,files/block-grouping/domain.pddl,files/block-grouping/instances/instance_11_5_2_2.pddl
PATTY,block-grouping,files/block-grouping/domain.pddl,files/block-grouping/instances/instance_11_5_2_3.pddl
PATTY-BV,block-grouping,files/block-grouping/domain.pddl,files/block-grouping/instances/instance_11_5_2_3.pddl
ENHSP,block-grouping,files/block-grouping/domain.pddl,files/block-grouping/instances/instance_11_5_2_3.pddl
PATTY,block-grouping,files/block-grouping/domain.pddl,files/block-grouping/instances/instance_15_10_2_1.pddl
PATTY-BV,block-grouping,files/block-grouping/domain.pddl,files/block-grouping/instances/instance_15_10_2_1.pddl
ENHSP,block-grouping,files/block-grouping/domain.pddl,files/block-grouping/instances/instance_15_10_2_1.pddl
PATTY,block-grouping,files/block-grouping/domain.pddl,files/block-grouping/instances/instance_15_10_2_2.pddl
PATTY-BV,block-grouping,files/block-grouping/domain.pddl,files/block-grouping/instances/instance_15_10_2_2.pddl
ENHSP,block-grouping,files/block-grouping/domain.pddl,files/block-grouping/instances/instance_15_10_2_2.pddl
PATTY,block-grouping,files/block-grouping/domain.pddl,files/block-grouping/instances/instance_15_10_2_3.pddl
PATTY-BV,block-grouping,files/block-grouping/domain.pddl,files/block-grouping/instances/instance_15_10_2_3.pddl
ENHSP,block-grouping,files/block-grouping/domain.pddl,files/block-grouping/instances/instance_15_10_2_3.pddl
PATTY,block-grouping,files/block-grouping/domain.pddl,files/block-grouping/instances/instance_15_15_3_1.pddl
PATTY-BV,block-grouping,files/block-grouping/domain.pddl,files/block-grouping/instances/instance_15_15_3_1.pddl
ENHSP,block-grouping,files/block-grouping/domain.pddl,files/block-grouping/instances/instance_15_15_3_1.pddl
PATTY,block-grouping,files/block-grouping/domain.pddl,files/block-grouping/instances/instance_15_15_3_2.pddl
PATTY-BV,block-grouping,files/block-grouping/domain.pddl,files/block-grouping/instances/instance_15_15_3_2.pddl
ENHSP,block-grouping,files/block-grouping/domain.pddl,files/block-grouping/instances/instance_15_15_3_2.pddl
PATTY,block-grouping,files/block-grouping/domain.pddl,files/block-grouping/instances/instance_15_15_3_3.pddl
PATTY-BV,block-grouping,files/block-grouping/domain.pddl,files/block-grouping/instances/instance_15_15_3_3.pddl
ENHSP,block-grouping,files/block-grouping/domain.pddl,files/block-grouping/instances/instance_15_15_3_3.pddl
PATTY,block-grouping,files/block-grouping/domain.pddl,files/block-grouping/instances/instance_15_20_5_1.pddl
PATTY-BV,block-grouping,files/block-grouping/domain.pddl,files/block-grouping/instances/instance_15_20_5_1.pddl
ENHSP,block-grouping,files/block-grouping/domain.pddl,files/block-grouping/instances/instance_15_20_5_1.pddl
PATTY,block-grouping,files/block-grouping/domain.pddl,files/block-grouping/instances/instance_15_20_5_2.pddl
PATTY-BV,block-grouping,files/block-grouping/domain.pddl,files/block-grouping/instances/instance_15_20_5_2.pddl
ENHSP,block-grouping,files/block-grouping/domain.pddl,files/block-grouping/instances/instance_15_20_5_2.pddl
PATTY,block-grouping,files/block-grouping/domain.pddl,files/block-grouping/instances/instance_15_20_5_3.pddl
PATTY-BV,block-grouping,files/block-grouping/domain.pddl,files/block-grouping/instances/instance_15_20_5_3.pddl
ENHSP,block-grouping,files/block-grouping/domain.pddl,files/block-grouping/instances/instance_15_20_5_3.pddl
PATTY,block-grouping,files/block-grouping/domain.pddl,files/block-grouping/instances/instance_15_25_6_1.pddl
PATTY-BV,block-grouping,files/block-grouping/domain.pddl,files/block-grouping/instances/instance_15_25_6_1.pddl
ENHSP,block-grouping,files/block-grouping/domain.pddl,files/block-grouping/instances/instance_15_25_6_1.pddl
PATTY,block-grouping,files/block-grouping/domain.pddl,files/block-grouping/instances/instance_15_25_6_2.pddl
PATTY-BV,block-grouping,files/block-grouping/domain.pddl,files/block-grouping/instances/instance_15_25_6_2.pddl
ENHSP,block-grouping,files/block-grouping/domain.pddl,files/block-grouping/instances/instance_15_25_6_2.pddl
PATTY,block-grouping,files/block-grouping/domain.pddl,files/block-grouping/instances/instance_15_25_6_3.pddl
PATTY-BV,block-grouping,files/block-grouping/domain.pddl,files/block-grouping/instances/instance_15_25_6_3.pddl
ENHSP,block-grouping,files/block-grouping/domain.pddl,files/block-grouping/instances/instance_15_25_6_3.pddl
PATTY,block-grouping,files/block-grouping/domain.pddl,files/block-grouping/instances/instance_15_30_7_1.pddl
PATTY-BV,block-grouping,files/block-grouping/domain.pddl,files/block-grouping/instances/instance_15_30_7_1.pddl
ENHSP,block-grouping,files/block-grouping/domain.pddl,files/block-grouping/instances/instance_15_30_7_1.pddl
PATTY,block-grouping,files/block-grouping/domain.pddl,files/block-grouping/instances/instance_15_30_7_2.pddl
PATTY-BV,block-grouping,files/block-grouping/domain.pddl,files/block-grouping/instances/instance_15_30_7_2.pddl
ENHSP,block-grouping,files/block-grouping/domain.pddl,files/block-grouping/instances/instance_15_30_7_2.pddl
PATTY,block-grouping,files/block-grouping/domain.pddl,files/block-grouping/instances/instance_15_30_7_3.pddl
PATTY-BV,block-grouping,files/block-grouping/domain.pddl,files/block-grouping/instances/instance_15_30_7_3.pddl
ENHSP,block-grouping,files/block-grouping/domain.pddl,files/block-grouping/instances/instance_15_30_7_3.pddl
PATTY,block-grouping,files/block-grouping/domain.pddl,files/block-grouping/instances/instance_15_35_8_1.pddl
PATTY-BV,block-grouping,files/block-grouping/domain.pddl,files/block-grouping/instances/instance_15_35_8_1.pddl
ENHSP,block-grouping,files/block-grouping/domain.pddl,files/block-grouping/instances/instance_15_35_8_1.pddl
PATTY,block-grouping,files/block-grouping/domain.pddl,files/block-grouping/instances/instance_15_35_8_2.pddl
PATTY-BV,block-grouping,files/block-grouping/domain.pddl,files/block-grouping/instances/instance_15_35_8_2.pddl
ENHSP,block-grouping,files/block-grouping/domain.pddl,files/block-grouping/instances/instance_15_35_8_2.pddl
PATTY,block-grouping,files/block-grouping/domain.pddl,files/block-grouping/instances/instance_15_35_8_3.pddl
PATTY-BV,block-grouping,files/block-grouping/domain.pddl,files/block-grouping/instances/instance_15_35_8_3.pddl
ENHSP,block-grouping,files/block-grouping/domain.pddl,files/block-grouping/instances/instance_15_35_8_3.pddl
PATTY,block-grouping,files/block-grouping/domain.pddl,files/block-grouping/instances/instance_15_40_10_1.pddl
PATTY-BV,block-grouping,files/block-grouping/domain.pddl,files/block-grouping/instances/instance_15_40_10_1.pddl
ENHSP,block-grouping,files/block-grouping/domain.pddl,files/block-grouping/instances/instance_15_40_10_1.pddl
PATTY,block-grouping,files/block-grouping/domain.pddl,files/block-grouping/instances/instance_15_40_10_2.pddl
PATTY-BV,block-grouping,files/block-grouping/domain.pddl,files/block-grouping/instances/instance_15_40_10_2.pddl
ENHSP,block-grouping,files/block-grouping/domain.pddl,files/block-grouping/instances/instance_15_40_10_2.pddl
PATTY,block-grouping,files/block-grouping/domain.pddl,files/block-grouping/instances/instance_15_40_10_3.pddl
PATTY-BV,block-grouping,files/block-grouping/domain.pddl,files/block-grouping/instances/instance_15_40_10_3.pddl
ENHSP,block-grouping,files/block-grouping/domain.pddl,files/block-grouping/instances/instance_15_40_10_3.pddl
PATTY,block-grouping,files/block-grouping/domain.pddl,files/block-grouping/instances/instance_15_5_2_1.pddl
PATTY-BV,block-grouping,files/block-grouping/domain.pddl,files/block-grouping/instances/instance_15_5_2_1.pddl
ENHSP,block-grouping,files/block-grouping/domain.pddl,files/block-grouping/instances/instance_15_5_2_1.pddl
PATTY,block-grouping,files/block-grouping/domain.pddl,files/block-grouping/instances/instance_15_5_2_2.pddl
PATTY-BV,block-grouping,files/block-grouping/domain.pddl,files/block-grouping/instances/instance_15_5_2_2.pddl
ENHSP,block-grouping,files/block-grouping/domain.pddl,files/block-grouping/instances/instance_15_5_2_2.pddl
PATTY,block-grouping,files/block-grouping/domain.pddl,files/block-grouping/instances/instance_15_5_2_3.pddl
PATTY-BV,block-grouping,files/block-grouping/domain.pddl,files/block-grouping/instances/instance_15_5_2_3.pddl
ENHSP,block-grouping,files/block-grouping/domain.pddl,files/block-grouping/instances/instance_15_5_2_3.pddl
PATTY,block-grouping,files/block-grouping/domain.pddl,files/block-grouping/instances/instance_20_10_2_1.pddl
PATTY-BV,block-grouping,files/block-grouping/domain.pddl,files/block-grouping/instances/instance_20_10_2_1.pddl
ENHSP,block-grouping,files/block-grouping/domain.pddl,files/block-grouping/instances/instance_20_10_2_1.pddl
PATTY,block-grouping,files/block-grouping/domain.pddl,files/block-grouping/instances/instance_20_10_2_2.pddl
PATTY-BV,block-grouping,files/block-grouping/domain.pddl,files/block-grouping/instances/instance_20_10_2_2.pddl
ENHSP,block-grouping,files/block-grouping/domain.pddl,files/block-grouping/instances/instance_20_10_2_2.pddl
PATTY,block-grouping,files/block-grouping/domain.pddl,files/block-grouping/instances/instance_20_10_2_3.pddl
PATTY-BV,block-grouping,files/block-grouping/domain.pddl,files/block-grouping/instances/instance_20_10_2_3.pddl
ENHSP,block-grouping,files/block-grouping/domain.pddl,files/block-grouping/instances/instance_20_10_2_3.pddl
PATTY,block-grouping,files/block-grouping/domain.pddl,files/block-grouping/instances/instance_20_15_3_1.pddl
PATTY-BV,block-grouping,files/block-grouping/domain.pddl,files/block-grouping/instances/instance_20_15_3_1.pddl
ENHSP,block-grouping,files/block-grouping/domain.pddl,files/block-grouping/instances/instance_20_15_3_1.pddl
PATTY,block-grouping,files/block-grouping/domain.pddl,files/block-grouping/instances/instance_20_15_3_2.pddl
PATTY-BV,block-grouping,files/block-grouping/domain.pddl,files/block-grouping/instances/instance_20_15_3_2.pddl
ENHSP,block-grouping,files/block-grouping/domain.pddl,files/block-grouping/instances/instance_20_15_3_2.pddl
PATTY,block-grouping,files/block-grouping/domain.pddl,files/block-grouping/instances/instance_20_15_3_3.pddl
PATTY-BV,block-grouping,files/block-grouping/domain.pddl,files/block-grouping/instances/instance_20_15_3_3.pddl
ENHSP,block-grouping,files/block-grouping/domain.pddl,files/block-grouping/instances/instance_20_15_3_3.pddl
PATTY,block-grouping,files/block-grouping/domain.pddl,files/block-grouping/instances/instance_20_20_5_1.pddl
PATTY-BV,block-grouping,files/block-grouping/domain.pddl,files/block-grouping/instances/instance_20_20_5_1.pddl
ENHSP,block-grouping,files/block-grouping/domain.pddl,files/block-grouping/instances/instance_20_20_5_1.pddl
PATTY,block-grouping,files/block-grouping/domain.pddl,files/block-grouping/instances/instance_20_20_5_2.pddl
PATTY-BV,block-grouping,files/block-grouping/domain.pddl,files/block-grouping/instances/instance_20_20_5_2.pddl
ENHSP,block-grouping,files/block-grouping/domain.pddl,files/block-grouping/instances/instance_20_20_5_2.pddl
PATTY,block-grouping,files/block-grouping/domain.pddl,files/block-grouping/instances/instance_20_20_5_3.pddl
PATTY-BV,block-grouping,files/block-grouping/domain.pddl,files/block-grouping/instances/instance_20_20_5_3.pddl
ENHSP,block-grouping,files/block-grouping/domain.pddl,files/block-grouping/instances/instance_20_20_5_3.pddl
PATTY,block-grouping,files/block-grouping/domain.pddl,files/block-grouping/instances/instance_20_25_6_1.pddl
PATTY-BV,block-grouping,files/block-grouping/domain.pddl,files/block-grouping/instances/instance_20_25_6_1.pddl
ENHSP,block-grouping,files/block-grouping/domain.pddl,files/block-grouping/instances/instance_20_25_6_1.pddl
PATTY,block-grouping,files/block-grouping/domain.pddl,files/block-grouping/instances/instance_20_25_6_2.pddl
PATTY-BV,block-grouping,files/block-grouping/domain.pddl,files/block-grouping/instances/instance_20_25_6_2.pddl
ENHSP,block-grouping,files/block-grouping/domain.pddl,files/block-grouping/instances/instance_20_25_6_2.pddl
PATTY,block-grouping,files/block-grouping/domain.pddl,files/block-grouping/instances/instance_20_25_6_3.pddl
PATTY-BV,block-grouping,files/block-grouping/domain.pddl,files/block-grouping/instances/instance_20_25_6_3.pddl
ENHSP,block-grouping,files/block-grouping/domain.pddl,files/block-grouping/instances/instance_20_25_6_3.pddl
PATTY,block-grouping,files/block-grouping/domain.pddl,files/block-grouping/instances/instance_20_30_7_1.pddl
PATTY-BV,block-grouping,files/block-grouping/domain.pddl,files/block-grouping/instances/instance_20_30_7_1.pddl
ENHSP,block-grouping,files/block-grouping/domain.pddl,files/block-grouping/instances/instance_20_30_7_1.pddl
PATTY,block-grouping,files/block-grouping/domain.pddl,files/block-grouping/instances/instance_20_30_7_2.pddl
PATTY-BV,block-grouping,files/block-grouping/domain.pddl,files/block-grouping/instances/instance_20_30_7_2.pddl
ENHSP,block-grouping,files/block-grouping/domain.pddl,files/block-grouping/instances/instance_20_30_7_2.pddl
PATTY,block-grouping,files/block-grouping/domain.pddl,files/block-grouping/instances/instance_20_30_7_3.pddl
PATTY-BV,block-grouping,files/block-grouping/domain.pddl,files/block-grouping/instances/instance_20_30_7_3.pddl
ENHSP,block-grouping,files/block-grouping/domain.pddl,files/block-grouping/instances/instance_20_30_7_3.pddl
PATTY,block-grouping,files/block-grouping/domain.pddl,files/block-grouping/instances/instance_20_35_8_1.pddl
PATTY-BV,block-grouping,files/block-grouping/domain.pddl,files/block-grouping/instances/instance_20_35_8_1.pddl
ENHSP,block-grouping,files/block-grouping/domain.pddl,files/block-grouping/instances/instance_20_35_8_1.pddl
PATTY,block-grouping,files/block-grouping/domain.pddl,files/block-grouping/instances/instance_20_35_8_2.pddl
PATTY-BV,block-grouping,files/block-grouping/domain.pddl,files/block-grouping/instances/instance_20_35_8_2.pddl
ENHSP,block-grouping,files/block-grouping/domain.pddl,files/block-grouping/instances/instance_20_35_8_2.pddl
PATTY,block-grouping,files/block-grouping/domain.pddl,files/block-grouping/instances/instance_20_35_8_3.pddl
PATTY-BV,block-grouping,files/block-grouping/domain.pddl,files/block-grouping/instances/instance_20_35_8_3.pddl
ENHSP,block-grouping,files/block-grouping/domain.pddl,files/block-grouping/instances/instance_20_35_8_3.pddl
PATTY,block-grouping,files/block-grouping/domain.pddl,files/block-grouping/instances/instance_20_40_10_1.pddl
PATTY-BV,block-grouping,files/block-grouping/domain.pddl,files/block-grouping/instances/instance_20_40_10_1.pddl
ENHSP,block-grouping,files/block-grouping/domain.pddl,files/block-grouping/instances/instance_20_40_10_1.pddl
PATTY,block-grouping,files/block-grouping/domain.pddl,files/block-grouping/instances/instance_20_40_10_2.pddl
PATTY-BV,block-grouping,files/block-grouping/domain.pddl,files/block-grouping/instances/instance_20_40_10_2.pddl
ENHSP,block-grouping,files/block-grouping/domain.pddl,files/block-grouping/instances/instance_20_40_10_2.pddl
PATTY,block-grouping,files/block-grouping/domain.pddl,files/block-grouping/instances/instance_20_40_10_3.pddl
PATTY-BV,block-grouping,files/block-grouping/domain.pddl,files/block-grouping/instances/instance_20_40_10_3.pddl
ENHSP,block-grouping,files/block-grouping/domain.pddl,files/block-grouping/instances/instance_20_40_10_3.pddl
PATTY,block-grouping,files/block-grouping/domain.pddl,files/block-grouping/instances/instance_20_5_2_1.pddl
PATTY-BV,block-grouping,files/block-grouping/domain.pddl,files/block-grouping/instances/instance_20_5_2_1.pddl
ENHSP,block-grouping,files/block-grouping/domain.pddl,files/block-grouping/instances/instance_20_5_2_1.pddl
PATTY,block-grouping,files/block-grouping/domain.pddl,files/block-grouping/instances/instance_20_5_2_2.pddl
PATTY-BV,block-grouping,files/block-grouping/domain.pddl,files/block-grouping/instances/instance_20_5_2_2.pddl
ENHSP,block-grouping,files/block-grouping/domain.pddl,files/block-grouping/instances/instance_20_5_2_2.pddl
PATTY,block-grouping,files/block-grouping/domain.pddl,files/block-grouping/instances/instance_20_5_2_3.pddl
PATTY-BV,block-grouping,files/block-grouping/domain.pddl,files/block-grouping/instances/instance_20_5_2_3.pddl
ENHSP,block-grouping,files/block-grouping/domain.pddl,files/block-grouping/instances/instance_20_5_2_3.pddl
PATTY,block-grouping,files/block-grouping/domain.pddl,files/block-grouping/instances/instance_25_10_2_1.pddl
PATTY-BV,block-grouping,files/block-grouping/domain.pddl,files/block-grouping/instances/instance_25_10_2_1.pddl
ENHSP,block-grouping,files/block-grouping/domain.pddl,files/block-grouping/instances/instance_25_10_2_1.pddl
PATTY,block-grouping,files/block-grouping/domain.pddl,files/block-grouping/instances/instance_25_10_2_2.pddl
PATTY-BV,block-grouping,files/block-grouping/domain.pddl,files/block-grouping/instances/instance_25_10_2_2.pddl
ENHSP,block-grouping,files/block-grouping/domain.pddl,files/block-grouping/instances/instance_25_10_2_2.pddl
PATTY,block-grouping,files/block-grouping/domain.pddl,files/block-grouping/instances/instance_25_10_2_3.pddl
PATTY-BV,block-grouping,files/block-grouping/domain.pddl,files/block-grouping/instances/instance_25_10_2_3.pddl
ENHSP,block-grouping,files/block-grouping/domain.pddl,files/block-grouping/instances/instance_25_10_2_3.pddl
PATTY,block-grouping,files/block-grouping/domain.pddl,files/block-grouping/instances/instance_25_15_3_1.pddl
PATTY-BV,block-grouping,files/block-grouping/domain.pddl,files/block-grouping/instances/instance_25_15_3_1.pddl
ENHSP,block-grouping,files/block-grouping/domain.pddl,files/block-grouping/instances/instance_25_15_3_1.pddl
PATTY,block-grouping,files/block-grouping/domain.pddl,files/block-grouping/instances/instance_25_15_3_2.pddl
PATTY-BV,block-grouping,files/block-grouping/domain.pddl,files/block-grouping/instances/instance_25_15_3_2.pddl
ENHSP,block-grouping,files/block-grouping/domain.pddl,files/block-grouping/instances/instance_25_15_3_2.pddl
PATTY,block-grouping,files/block-grouping/domain.pddl,files/block-grouping/instances/instance_25_15_3_3.pddl
PATTY-BV,block-grouping,files/block-grouping/domain.pddl,files/block-grouping/instances/instance_25_15_3_3.pddl
ENHSP,block-grouping,files/block-grouping/domain.pddl,files/block-grouping/instances/instance_25_15_3_3.pddl
PATTY,block-grouping,files/block-grouping/domain.pddl,files/block-grouping/instances/instance_25_20_5_1.pddl
PATTY-BV,block-grouping,files/block-grouping/domain.pddl,files/block-grouping/instances/instance_25_20_5_1.pddl
ENHSP,block-grouping,files/block-grouping/domain.pddl,files/block-grouping/instances/instance_25_20_5_1.pddl
PATTY,block-grouping,files/block-grouping/domain.pddl,files/block-grouping/instances/instance_25_20_5_2.pddl
PATTY-BV,block-grouping,files/block-grouping/domain.pddl,files/block-grouping/instances/instance_25_20_5_2.pddl
ENHSP,block-grouping,files/block-grouping/domain.pddl,files/block-grouping/instances/instance_25_20_5_2.pddl
PATTY,block-grouping,files/block-grouping/domain.pddl,files/block-grouping/instances/instance_25_20_5_3.pddl
PATTY-BV,block-grouping,files/block-grouping/domain.pddl,files/block-grouping/instances/instance_25_20_5_3.pddl
ENHSP,block-grouping,files/block-grouping/domain.pddl,files/block-grouping/instances/instance_25_20_5_3.pddl
PATTY,block-grouping,files/block-grouping/domain.pddl,files/block-grouping/instances/instance_25_25_6_1.pddl
PATTY-BV,block-grouping,files/block-grouping/domain.pddl,files/block-grouping/instances/instance_25_25_6_1.pddl
ENHSP,block-grouping,files/block-grouping/domain.pddl,files/block-grouping/instances/instance_25_25_6_1.pddl
PATTY,block-grouping,files/block-grouping/domain.pddl,files/block-grouping/instances/instance_25_25_6_2.pddl
PATTY-BV,block-grouping,files/block-grouping/domain.pddl,files/block-grouping/instances/instance_25_25_6_2.pddl
ENHSP,block-grouping,files/block-grouping/domain.pddl,files/block-grouping/instances/instance_25_25_6_2.pddl
PATTY,block-grouping,files/block-grouping/domain.pddl,files/block-grouping/instances/instance_25_25_6_3.pddl
PATTY-BV,block-grouping,files/block-grouping/domain.pddl,files/block-grouping/instances/instance_25_25_6_3.pddl
ENHSP,block-grouping,files/block-grouping/domain.pddl,files/block-grouping/instances/instance_25_25_6_3.pddl
PATTY,block-grouping,files/block-grouping/domain.pddl,files/block-grouping/instances/instance_25_30_7_1.pddl
PATTY-BV,block-grouping,files/block-grouping/domain.pddl,files/block-grouping/instances/instance_25_30_7_1.pddl
ENHSP,block-grouping,files/block-grouping/domain.pddl,files/block-grouping/instances/instance_25_30_7_1.pddl
PATTY,block-grouping,files/block-grouping/domain.pddl,files/block-grouping/instances/instance_25_30_7_2.pddl
PATTY-BV,block-grouping,files/block-grouping/domain.pddl,files/block-grouping/instances/instance_25_30_7_2.pddl
ENHSP,block-grouping,files/block-grouping/domain.pddl,files/block-grouping/instances/instance_25_30_7_2.pddl
PATTY,block-grouping,files/block-grouping/domain.pddl,files/block-grouping/instances/instance_25_30_7_3.pddl
PATTY-BV,block-grouping,files/block-grouping/domain.pddl,files/block-grouping/instances/instance_25_30_7_3.pddl
ENHSP,block-grouping,files/block-grouping/domain.pddl,files/block-grouping/instances/instance_25_30_7_3.pddl
PATTY,block-grouping,files/block-grouping/domain.pddl,files/block-grouping/instances/instance_25_35_8_1.pddl
PATTY-BV,block-grouping,files/block-grouping/domain.pddl,files/block-grouping/instances/instance_25_35_8_1.pddl
ENHSP,block-grouping,files/block-grouping/domain.pddl,files/block-grouping/instances/instance_25_35_8_1.pddl
PATTY,block-grouping,files/block-grouping/domain.pddl,files/block-grouping/instances/instance_25_35_8_2.pddl
PATTY-BV,block-grouping,files/block-grouping/domain.pddl,files/block-grouping/instances/instance_25_35_8_2.pddl
ENHSP,block-grouping,files/block-grouping/domain.pddl,files/block-grouping/instances/instance_25_35_8_2.pddl
PATTY,block-grouping,files/block-grouping/domain.pddl,files/block-grouping/instances/instance_25_35_8_3.pddl
PATTY-BV,block-grouping,files/block-grouping/domain.pddl,files/block-grouping/instances/instance_25_35_8_3.pddl
ENHSP,block-grouping,files/block-grouping/domain.pddl,files/block-grouping/instances/instance_25_35_8_3.pddl
PATTY,block-grouping,files/block-grouping/domain.pddl,files/block-grouping/instances/instance_25_40_10_1.pddl
PATTY-BV,block-grouping,files/block-grouping/domain.pddl,files/block-grouping/instances/instance_25_40_10_1.pddl
ENHSP,block-grouping,files/block-grouping/domain.pddl,files/block-grouping/instances/instance_25_40_10_1.pddl
PATTY,block-grouping,files/block-grouping/domain.pddl,files/block-grouping/instances/instance_25_40_10_2.pddl
PATTY-BV,block-grouping,files/block-grouping/domain.pddl,files/block-grouping/instances/instance_25_40_10_2.pddl
ENHSP,block-grouping,files/block-grouping/domain.pddl,files/block-grouping/instances/instance_25_40_10_2.pddl
PATTY,block-grouping,files/block-grouping/domain.pddl,files/block-grouping/instances/instance_25_40_10_3.pddl
PATTY-BV,block-grouping,files/block-grouping/domain.pddl,files/block-grouping/instances/instance_25_40_10_3.pddl
ENHSP,block-grouping,files/block-grouping/domain.pddl,files/block-grouping/instances/instance_25_40_10_3.pddl
PATTY,block-grouping,files/block-grouping/domain.pddl,files/block-grouping/instances/instance_25_5_2_1.pddl
PATTY-BV,block-grouping,files/block-grouping/domain.pddl,files/block-grouping/instances/instance_25_5_2_1.pddl
ENHSP,block-grouping,files/block-grouping/domain.pddl,files/block-grouping/instances/instance_25_5_2_1.pddl
PATTY,block-grouping,files/block-grouping/domain.pddl,files/block-grouping/instances/instance_25_5_2_2.pddl
PATTY-BV,block-grouping,files/block-grouping/domain.pddl,files/block-grouping/instances/instance_25_5_2_2.pddl
ENHSP,block-grouping,files/block-grouping/domain.pddl,files/block-grouping/instances/instance_25_5_2_2.pddl
PATTY,block-grouping,files/block-grouping/domain.pddl,files/block-grouping/instances/instance_25_5_2_3.pddl
PATTY-BV,block-grouping,files/block-grouping/domain.pddl,files/block-grouping/instances/instance_25_5_2_3.pddl
ENHSP,block-grouping,files/block-grouping/domain.pddl,files/block-grouping/instances/instance_25_5_2_3.pddl
PATTY,block-grouping,files/block-grouping/domain.pddl,files/block-grouping/instances/instance_5_10_2_1.pddl
PATTY-BV,block-grouping,files/block-grouping/domain.pddl,files/block-grouping/instances/instance_5_10_2_1.pddl
ENHSP,block-grouping,files/block-grouping/domain.pddl,files/block-grouping/instances/instance_5_10_2_1.pddl
PATTY,block-grouping,files/block-grouping/domain.pddl,files/block-grouping/instances/instance_5_10_2_2.pddl
PATTY-BV,block-grouping,files/block-grouping/domain.pddl,files/block-grouping/instances/instance_5_10_2_2.pddl
ENHSP,block-grouping,files/block-grouping/domain.pddl,files/block-grouping/instances/instance_5_10_2_2.pddl
PATTY,block-grouping,files/block-grouping/domain.pddl,files/block-grouping/instances/instance_5_10_2_3.pddl
PATTY-BV,block-grouping,files/block-grouping/domain.pddl,files/block-grouping/instances/instance_5_10_2_3.pddl
ENHSP,block-grouping,files/block-grouping/domain.pddl,files/block-grouping/instances/instance_5_10_2_3.pddl
PATTY,block-grouping,files/block-grouping/domain.pddl,files/block-grouping/instances/instance_5_15_3_1.pddl
PATTY-BV,block-grouping,files/block-grouping/domain.pddl,files/block-grouping/instances/instance_5_15_3_1.pddl
ENHSP,block-grouping,files/block-grouping/domain.pddl,files/block-grouping/instances/instance_5_15_3_1.pddl
PATTY,block-grouping,files/block-grouping/domain.pddl,files/block-grouping/instances/instance_5_15_3_2.pddl
PATTY-BV,block-grouping,files/block-grouping/domain.pddl,files/block-grouping/instances/instance_5_15_3_2.pddl
ENHSP,block-grouping,files/block-grouping/domain.pddl,files/block-grouping/instances/instance_5_15_3_2.pddl
PATTY,block-grouping,files/block-grouping/domain.pddl,files/block-grouping/instances/instance_5_15_3_3.pddl
PATTY-BV,block-grouping,files/block-grouping/domain.pddl,files/block-grouping/instances/instance_5_15_3_3.pddl
ENHSP,block-grouping,files/block-grouping/domain.pddl,files/block-grouping/instances/instance_5_15_3_3.pddl
PATTY,block-grouping,files/block-grouping/domain.pddl,files/block-grouping/instances/instance_5_20_5_1.pddl
PATTY-BV,block-grouping,files/block-grouping/domain.pddl,files/block-grouping/instances/instance_5_20_5_1.pddl
ENHSP,block-grouping,files/block-grouping/domain.pddl,files/block-grouping/instances/instance_5_20_5_1.pddl
PATTY,block-grouping,files/block-grouping/domain.pddl,files/block-grouping/instances/instance_5_20_5_2.pddl
PATTY-BV,block-grouping,files/block-grouping/domain.pddl,files/block-grouping/instances/instance_5_20_5_2.pddl
ENHSP,block-grouping,files/block-grouping/domain.pddl,files/block-grouping/instances/instance_5_20_5_2.pddl
PATTY,block-grouping,files/block-grouping/domain.pddl,files/block-grouping/instances/instance_5_20_5_3.pddl
PATTY-BV,block-grouping,files/block-grouping/domain.pddl,files/block-grouping/instances/instance_5_20_5_3.pddl
ENHSP,block-grouping,files/block-grouping/domain.pddl,files/block-grouping/instances/instance_5_20_5_3.pddl
PATTY,block-grouping,files/block-grouping/domain.pddl,files/block-grouping/instances/instance_5_25_6_1.pddl
PATTY-BV,block-grouping,files/block-grouping/domain.pddl,files/block-grouping/instances/instance_5_25_6_1.pddl
ENHSP,block-grouping,files/block-grouping/domain.pddl,files/block-grouping/instances/instance_5_25_6_1.pddl
PATTY,block-grouping,files/block-grouping/domain.pddl,files/block-grouping/instances/instance_5_25_6_2.pddl
PATTY-BV,block-grouping,files/block-grouping/domain.pddl,files/block-grouping/instances/instance_5_25_6_2.pddl
ENHSP,block-grouping,files/block-grouping/domain.pddl,files/block-grouping/instances/instance_5_25_6_2.pddl
PATTY,block-grouping,files/block-grouping/domain.pddl,files/block-grouping/instances/instance_5_25_6_3.pddl
PATTY-BV,block-grouping,files/block-grouping/domain.pddl,files/block-grouping/instances/instance_5_25_6_3.pddl
ENHSP,block-grouping,files/block-grouping/domain.pddl,files/block-grouping/instances/instance_5_25_6_3.pddl
PATTY,block-grouping,files/block-grouping/domain.pddl,files/block-grouping/instances/instance_5_30_7_1.pddl
PATTY-BV,block-grouping,files/block-grouping/domain.pddl,files/block-grouping/instances/instance_5_30_7_1.pddl
ENHSP,block-grouping,files/block-grouping/domain.pddl,files/block-grouping/instances/instance_5_30_7_1.pddl
PATTY,block-grouping,files/block-grouping/domain.pddl,files/block-grouping/instances/instance_5_30_7_2.pddl
PATTY-BV,block-grouping,files/block-grouping/domain.pddl,files/block-grouping/instances/instance_5_30_7_2.pddl
ENHSP,block-grouping,files/block-grouping/domain.pddl,files/block-grouping/instances/instance_5_30_7_2.pddl
PATTY,block-grouping,files/block-grouping/domain.pddl,files/block-grouping/instances/instance_5_30_7_3.pddl
PATTY-BV,block-grouping,files/block-grouping/domain.pddl,files/block-grouping/instances/instance_5_30_7_3.pddl
ENHSP,block-grouping,files/block-grouping/domain.pddl,files/block-grouping/instances/instance_5_30_7_3.pddl
PATTY,block-grouping,files/block-grouping/domain.pddl,files/block-grouping/instances/instance_5_35_8_1.pddl
PATTY-BV,block-grouping,files/block-grouping/domain.pddl,files/block-grouping/instances/instance_5_35_8_1.pddl
ENHSP,block-grouping,files/block-grouping/domain.pddl,files/block-grouping/instances/instance_5_35_8_1.pddl
PATTY,block-grouping,files/block-grouping/domain.pddl,files/block-grouping/instances/instance_5_35_8_2.pddl
PATTY-BV,block-grouping,files/block-grouping/domain.pddl,files/block-grouping/instances/instance_5_35_8_2.pddl
ENHSP,block-grouping,files/block-grouping/domain.pddl,files/block-grouping/instances/instance_5_35_8_2.pddl
PATTY,block-grouping,files/block-grouping/domain.pddl,files/block-grouping/instances/instance_5_35_8_3.pddl
PATTY-BV,block-grouping,files/block-grouping/domain.pddl,files/block-grouping/instances/instance_5_35_8_3.pddl
ENHSP,block-grouping,files/block-grouping/domain.pddl,files/block-grouping/instances/instance_5_35_8_3.pddl
PATTY,block-grouping,files/block-grouping/domain.pddl,files/block-grouping/instances/instance_5_40_10_1.pddl
PATTY-BV,block-grouping,files/block-grouping/domain.pddl,files/block-grouping/instances/instance_5_40_10_1.pddl
ENHSP,block-grouping,files/block-grouping/domain.pddl,files/block-grouping/instances/instance_5_40_10_1.pddl
PATTY,block-grouping,files/block-grouping/domain.pddl,files/block-grouping/instances/instance_5_40_10_2.pddl
PATTY-BV,block-grouping,files/block-grouping/domain.pddl,files/block-grouping/instances/instance_5_40_10_2.pddl
ENHSP,block-grouping,files/block-grouping/domain.pddl,files/block-grouping/instances/instance_5_40_10_2.pddl
PATTY,block-grouping,files/block-grouping/domain.pddl,files/block-grouping/instances/instance_5_40_10_3.pddl
PATTY-BV,block-grouping,files/block-grouping/domain.pddl,files/block-grouping/instances/instance_5_40_10_3.pddl
ENHSP,block-grouping,files/block-grouping/domain.pddl,files/block-grouping/instances/instance_5_40_10_3.pddl
PATTY,block-grouping,files/block-grouping/domain.pddl,files/block-grouping/instances/instance_5_5_2_1.pddl
PATTY-BV,block-grouping,files/block-grouping/domain.pddl,files/block-grouping/instances/instance_5_5_2_1.pddl
ENHSP,block-grouping,files/block-grouping/domain.pddl,files/block-grouping/instances/instance_5_5_2_1.pddl
PATTY,block-grouping,files/block-grouping/domain.pddl,files/block-grouping/instances/instance_5_5_2_2.pddl
PATTY-BV,block-grouping,files/block-grouping/domain.pddl,files/block-grouping/instances/instance_5_5_2_2.pddl
ENHSP,block-grouping,files/block-grouping/domain.pddl,files/block-grouping/instances/instance_5_5_2_2.pddl
PATTY,block-grouping,files/block-grouping/domain.pddl,files/block-grouping/instances/instance_5_5_2_3.pddl
PATTY-BV,block-grouping,files/block-grouping/domain.pddl,files/block-grouping/instances/instance_5_5_2_3.pddl
ENHSP,block-grouping,files/block-grouping/domain.pddl,files/block-grouping/instances/instance_5_5_2_3.pddl
PATTY,block-grouping,files/block-grouping/domain.pddl,files/block-grouping/instances/instance_7_10_2_1.pddl
PATTY-BV,block-grouping,files/block-grouping/domain.pddl,files/block-grouping/instances/instance_7_10_2_1.pddl
ENHSP,block-grouping,files/block-grouping/domain.pddl,files/block-grouping/instances/instance_7_10_2_1.pddl
PATTY,block-grouping,files/block-grouping/domain.pddl,files/block-grouping/instances/instance_7_10_2_2.pddl
PATTY-BV,block-grouping,files/block-grouping/domain.pddl,files/block-grouping/instances/instance_7_10_2_2.pddl
ENHSP,block-grouping,files/block-grouping/domain.pddl,files/block-grouping/instances/instance_7_10_2_2.pddl
PATTY,block-grouping,files/block-grouping/domain.pddl,files/block-grouping/instances/instance_7_10_2_3.pddl
PATTY-BV,block-grouping,files/block-grouping/domain.pddl,files/block-grouping/instances/instance_7_10_2_3.pddl
ENHSP,block-grouping,files/block-grouping/domain.pddl,files/block-grouping/instances/instance_7_10_2_3.pddl
PATTY,block-grouping,files/block-grouping/domain.pddl,files/block-grouping/instances/instance_7_15_3_1.pddl
PATTY-BV,block-grouping,files/block-grouping/domain.pddl,files/block-grouping/instances/instance_7_15_3_1.pddl
ENHSP,block-grouping,files/block-grouping/domain.pddl,files/block-grouping/instances/instance_7_15_3_1.pddl
PATTY,block-grouping,files/block-grouping/domain.pddl,files/block-grouping/instances/instance_7_15_3_2.pddl
PATTY-BV,block-grouping,files/block-grouping/domain.pddl,files/block-grouping/instances/instance_7_15_3_2.pddl
ENHSP,block-grouping,files/block-grouping/domain.pddl,files/block-grouping/instances/instance_7_15_3_2.pddl
PATTY,block-grouping,files/block-grouping/domain.pddl,files/block-grouping/instances/instance_7_15_3_3.pddl
PATTY-BV,block-grouping,files/block-grouping/domain.pddl,files/block-grouping/instances/instance_7_15_3_3.pddl
ENHSP,block-grouping,files/block-grouping/domain.pddl,files/block-grouping/instances/instance_7_15_3_3.pddl
PATTY,block-grouping,files/block-grouping/domain.pddl,files/block-grouping/instances/instance_7_20_5_1.pddl
PATTY-BV,block-grouping,files/block-grouping/domain.pddl,files/block-grouping/instances/instance_7_20_5_1.pddl
ENHSP,block-grouping,files/block-grouping/domain.pddl,files/block-grouping/instances/instance_7_20_5_1.pddl
PATTY,block-grouping,files/block-grouping/domain.pddl,files/block-grouping/instances/instance_7_20_5_2.pddl
PATTY-BV,block-grouping,files/block-grouping/domain.pddl,files/block-grouping/instances/instance_7_20_5_2.pddl
ENHSP,block-grouping,files/block-grouping/domain.pddl,files/block-grouping/instances/instance_7_20_5_2.pddl
PATTY,block-grouping,files/block-grouping/domain.pddl,files/block-grouping/instances/instance_7_20_5_3.pddl
PATTY-BV,block-grouping,files/block-grouping/domain.pddl,files/block-grouping/instances/instance_7_20_5_3.pddl
ENHSP,block-grouping,files/block-grouping/domain.pddl,files/block-grouping/instances/instance_7_20_5_3.pddl
PATTY,block-grouping,files/block-grouping/domain.pddl,files/block-grouping/instances/instance_7_25_6_1.pddl
PATTY-BV,block-grouping,files/block-grouping/domain.pddl,files/block-grouping/instances/instance_7_25_6_1.pddl
ENHSP,block-grouping,files/block-grouping/domain.pddl,files/block-grouping/instances/instance_7_25_6_1.pddl
PATTY,block-grouping,files/block-grouping/domain.pddl,files/block-grouping/instances/instance_7_25_6_2.pddl
PATTY-BV,block-grouping,files/block-grouping/domain.pddl,files/block-grouping/instances/instance_7_25_6_2.pddl
ENHSP,block-grouping,files/block-grouping/domain.pddl,files/block-grouping/instances/instance_7_25_6_2.pddl
PATTY,block-grouping,files/block-grouping/domain.pddl,files/block-grouping/instances/instance_7_25_6_3.pddl
PATTY-BV,block-grouping,files/block-grouping/domain.pddl,files/block-grouping/instances/instance_7_25_6_3.pddl
ENHSP,block-grouping,files/block-grouping/domain.pddl,files/block-grouping/instances/instance_7_25_6_3.pddl
PATTY,block-grouping,files/block-grouping/domain.pddl,files/block-grouping/instances/instance_7_30_7_1.pddl
PATTY-BV,block-grouping,files/block-grouping/domain.pddl,files/block-grouping/instances/instance_7_30_7_1.pddl
ENHSP,block-grouping,files/block-grouping/domain.pddl,files/block-grouping/instances/instance_7_30_7_1.pddl
PATTY,block-grouping,files/block-grouping/domain.pddl,files/block-grouping/instances/instance_7_30_7_2.pddl
PATTY-BV,block-grouping,files/block-grouping/domain.pddl,files/block-grouping/instances/instance_7_30_7_2.pddl
ENHSP,block-grouping,files/block-grouping/domain.pddl,files/block-grouping/instances/instance_7_30_7_2.pddl
PATTY,block-grouping,files/block-grouping/domain.pddl,files/block-grouping/instances/instance_7_30_7_3.pddl
PATTY-BV,block-grouping,files/block-grouping/domain.pddl,files/block-grouping/instances/instance_7_30_7_3.pddl
ENHSP,block-grouping,files/block-grouping/domain.pddl,files/block-grouping/instances/instance_7_30_7_3.pddl
PATTY,block-grouping,files/block-grouping/domain.pddl,files/block-grouping/instances/instance_7_35_8_1.pddl
PATTY-BV,block-grouping,files/block-grouping/domain.pddl,files/block-grouping/instances/instance_7_35_8_1.pddl
ENHSP,block-grouping,files/block-grouping/domain.pddl,files/block-grouping/instances/instance_7_35_8_1.pddl
PATTY,block-grouping,files/block-grouping/domain.pddl,files/block-grouping/instances/instance_7_35_8_2.pddl
PATTY-BV,block-grouping,files/block-grouping/domain.pddl,files/block-grouping/instances/instance_7_35_8_2.pddl
ENHSP,block-grouping,files/block-grouping/domain.pddl,files/block-grouping/instances/instance_7_35_8_2.pddl
PATTY,block-grouping,files/block-grouping/domain.pddl,files/block-grouping/instances/instance_7_35_8_3.pddl
PATTY-BV,block-grouping,files/block-grouping/domain.pddl,files/block-grouping/instances/instance_7_35_8_3.pddl
ENHSP,block-grouping,files/block-grouping/domain.pddl,files/block-grouping/instances/instance_7_35_8_3.pddl
PATTY,block-grouping,files/block-grouping/domain.pddl,files/block-grouping/instances/instance_7_40_10_1.pddl
PATTY-BV,block-grouping,files/block-grouping/domain.pddl,files/block-grouping/instances/instance_7_40_10_1.pddl
ENHSP,block-grouping,files/block-grouping/domain.pddl,files/block-grouping/instances/instance_7_40_10_1.pddl
PATTY,block-grouping,files/block-grouping/domain.pddl,files/block-grouping/instances/instance_7_40_10_2.pddl
PATTY-BV,block-grouping,files/block-grouping/domain.pddl,files/block-grouping/instances/instance_7_40_10_2.pddl
ENHSP,block-grouping,files/block-grouping/domain.pddl,files/block-grouping/instances/instance_7_40_10_2.pddl
PATTY,block-grouping,files/block-grouping/domain.pddl,files/block-grouping/instances/instance_7_40_10_3.pddl
PATTY-BV,block-grouping,files/block-grouping/domain.pddl,files/block-grouping/instances/instance_7_40_10_3.pddl
ENHSP,block-grouping,files/block-grouping/domain.pddl,files/block-grouping/instances/instance_7_40_10_3.pddl
PATTY,block-grouping,files/block-grouping/domain.pddl,files/block-grouping/instances/instance_7_5_2_1.pddl
PATTY-BV,block-grouping,files/block-grouping/domain.pddl,files/block-grouping/instances/instance_7_5_2_1.pddl
ENHSP,block-grouping,files/block-grouping/domain.pddl,files/block-grouping/instances/instance_7_5_2_1.pddl
PATTY,block-grouping,files/block-grouping/domain.pddl,files/block-grouping/instances/instance_7_5_2_2.pddl
PATTY-BV,block-grouping,files/block-grouping/domain.pddl,files/block-grouping/instances/instance_7_5_2_2.pddl
ENHSP,block-grouping,files/block-grouping/domain.pddl,files/block-grouping/instances/instance_7_5_2_2.pddl
PATTY,block-grouping,files/block-grouping/domain.pddl,files/block-grouping/instances/instance_7_5_2_3.pddl
PATTY-BV,block-grouping,files/block-grouping/domain.pddl,files/block-grouping/instances/instance_7_5_2_3.pddl
ENHSP,block-grouping,files/block-grouping/domain.pddl,files/block-grouping/instances/instance_7_5_2_3.pddl
PATTY,block-grouping,files/block-grouping/domain.pddl,files/block-grouping/instances/instance_9_10_2_1.pddl
PATTY-BV,block-grouping,files/block-grouping/domain.pddl,files/block-grouping/instances/instance_9_10_2_1.pddl
ENHSP,block-grouping,files/block-grouping/domain.pddl,files/block-grouping/instances/instance_9_10_2_1.pddl
PATTY,block-grouping,files/block-grouping/domain.pddl,files/block-grouping/instances/instance_9_10_2_2.pddl
PATTY-BV,block-grouping,files/block-grouping/domain.pddl,files/block-grouping/instances/instance_9_10_2_2.pddl
ENHSP,block-grouping,files/block-grouping/domain.pddl,files/block-grouping/instances/instance_9_10_2_2.pddl
PATTY,block-grouping,files/block-grouping/domain.pddl,files/block-grouping/instances/instance_9_10_2_3.pddl
PATTY-BV,block-grouping,files/block-grouping/domain.pddl,files/block-grouping/instances/instance_9_10_2_3.pddl
ENHSP,block-grouping,files/block-grouping/domain.pddl,files/block-grouping/instances/instance_9_10_2_3.pddl
PATTY,block-grouping,files/block-grouping/domain.pddl,files/block-grouping/instances/instance_9_15_3_1.pddl
PATTY-BV,block-grouping,files/block-grouping/domain.pddl,files/block-grouping/instances/instance_9_15_3_1.pddl
ENHSP,block-grouping,files/block-grouping/domain.pddl,files/block-grouping/instances/instance_9_15_3_1.pddl
PATTY,block-grouping,files/block-grouping/domain.pddl,files/block-grouping/instances/instance_9_15_3_2.pddl
PATTY-BV,block-grouping,files/block-grouping/domain.pddl,files/block-grouping/instances/instance_9_15_3_2.pddl
ENHSP,block-grouping,files/block-grouping/domain.pddl,files/block-grouping/instances/instance_9_15_3_2.pddl
PATTY,block-grouping,files/block-grouping/domain.pddl,files/block-grouping/instances/instance_9_15_3_3.pddl
PATTY-BV,block-grouping,files/block-grouping/domain.pddl,files/block-grouping/instances/instance_9_15_3_3.pddl
ENHSP,block-grouping,files/block-grouping/domain.pddl,files/block-grouping/instances/instance_9_15_3_3.pddl
PATTY,block-grouping,files/block-grouping/domain.pddl,files/block-grouping/instances/instance_9_20_5_1.pddl
PATTY-BV,block-grouping,files/block-grouping/domain.pddl,files/block-grouping/instances/instance_9_20_5_1.pddl
ENHSP,block-grouping,files/block-grouping/domain.pddl,files/block-grouping/instances/instance_9_20_5_1.pddl
PATTY,block-grouping,files/block-grouping/domain.pddl,files/block-grouping/instances/instance_9_20_5_2.pddl
PATTY-BV,block-grouping,files/block-grouping/domain.pddl,files/block-grouping/instances/instance_9_20_5_2.pddl
ENHSP,block-grouping,files/block-grouping/domain.pddl,files/block-grouping/instances/instance_9_20_5_2.pddl
PATTY,block-grouping,files/block-grouping/domain.pddl,files/block-grouping/instances/instance_9_20_5_3.pddl
PATTY-BV,block-grouping,files/block-grouping/domain.pddl,files/block-grouping/instances/instance_9_20_5_3.pddl
ENHSP,block-grouping,files/block-grouping/domain.pddl,files/block-grouping/instances/instance_9_20_5_3.pddl
PATTY,block-grouping,files/block-grouping/domain.pddl,files/block-grouping/instances/instance_9_25_6_1.pddl
PATTY-BV,block-grouping,files/block-grouping/domain.pddl,files/block-grouping/instances/instance_9_25_6_1.pddl
ENHSP,block-grouping,files/block-grouping/domain.pddl,files/block-grouping/instances/instance_9_25_6_1.pddl
PATTY,block-grouping,files/block-grouping/domain.pddl,files/block-grouping/instances/instance_9_25_6_2.pddl
PATTY-BV,block-grouping,files/block-grouping/domain.pddl,files/block-grouping/instances/instance_9_25_6_2.pddl
ENHSP,block-grouping,files/block-grouping/domain.pddl,files/block-grouping/instances/instance_9_25_6_2.pddl
PATTY,block-grouping,files/block-grouping/domain.pddl,files/block-grouping/instances/instance_9_25_6_3.pddl
PATTY-BV,block-grouping,files/block-grouping/domain.pddl,files/block-grouping/instances/instance_9_25_6_3.pddl
ENHSP,block-grouping,files/block-grouping/domain.pddl,files/block-grouping/instances/instance_9_25_6_3.pddl
PATTY,block-grouping,files/block-grouping/domain.pddl,files/block-grouping/instances/instance_9_30_7_1.pddl
PATTY-BV,block-grouping,files/block-grouping/domain.pddl,files/block-grouping/instances/instance_9_30_7_1.pddl
ENHSP,block-grouping,files/block-grouping/domain.pddl,files/block-grouping/instances/instance_9_30_7_1.pddl
PATTY,block-grouping,files/block-grouping/domain.pddl,files/block-grouping/instances/instance_9_30_7_2.pddl
PATTY-BV,block-grouping,files/block-grouping/domain.pddl,files/block-grouping/instances/instance_9_30_7_2.pddl
ENHSP,block-grouping,files/block-grouping/domain.pddl,files/block-grouping/instances/instance_9_30_7_2.pddl
PATTY,block-grouping,files/block-grouping/domain.pddl,files/block-grouping/instances/instance_9_30_7_3.pddl
PATTY-BV,block-grouping,files/block-grouping/domain.pddl,files/block-grouping/instances/instance_9_30_7_3.pddl
ENHSP,block-grouping,files/block-grouping/domain.pddl,files/block-grouping/instances/instance_9_30_7_3.pddl
PATTY,block-grouping,files/block-grouping/domain.pddl,files/block-grouping/instances/instance_9_35_8_1.pddl
PATTY-BV,block-grouping,files/block-grouping/domain.pddl,files/block-grouping/instances/instance_9_35_8_1.pddl
ENHSP,block-grouping,files/block-grouping/domain.pddl,files/block-grouping/instances/instance_9_35_8_1.pddl
PATTY,block-grouping,files/block-grouping/domain.pddl,files/block-grouping/instances/instance_9_35_8_2.pddl
PATTY-BV,block-grouping,files/block-grouping/domain.pddl,files/block-grouping/instances/instance_9_35_8_2.pddl
ENHSP,block-grouping,files/block-grouping/domain.pddl,files/block-grouping/instances/instance_9_35_8_2.pddl
PATTY,block-grouping,files/block-grouping/domain.pddl,files/block-grouping/instances/instance_9_35_8_3.pddl
PATTY-BV,block-grouping,files/block-grouping/domain.pddl,files/block-grouping/instances/instance_9_35_8_3.pddl
ENHSP,block-grouping,files/block-grouping/domain.pddl,files/block-grouping/instances/instance_9_35_8_3.pddl
PATTY,block-grouping,files/block-grouping/domain.pddl,files/block-grouping/instances/instance_9_40_10_1.pddl
PATTY-BV,block-grouping,files/block-grouping/domain.pddl,files/block-grouping/instances/instance_9_40_10_1.pddl
ENHSP,block-grouping,files/block-grouping/domain.pddl,files/block-grouping/instances/instance_9_40_10_1.pddl
PATTY,block-grouping,files/block-grouping/domain.pddl,files/block-grouping/instances/instance_9_40_10_2.pddl
PATTY-BV,block-grouping,files/block-grouping/domain.pddl,files/block-grouping/instances/instance_9_40_10_2.pddl
ENHSP,block-grouping,files/block-grouping/domain.pddl,files/block-grouping/instances/instance_9_40_10_2.pddl
PATTY,block-grouping,files/block-grouping/domain.pddl,files/block-grouping/instances/instance_9_40_10_3.pddl
PATTY-BV,block-grouping,files/block-grouping/domain.pddl,files/block-grouping/instances/instance_9_40_10_3.pddl
ENHSP,block-grouping,files/block-grouping/domain.pddl,files/block-grouping/instances/instance_9_40_10_3.pddl
PATTY,block-grouping,files/block-grouping/domain.pddl,files/block-grouping/instances/instance_9_5_2_1.pddl
PATTY-BV,block-grouping,files/block-grouping/domain.pddl,files/block-grouping/instances/instance_9_5_2_1.pddl
ENHSP,block-grouping,files/block-grouping/domain.pddl,files/block-grouping/instances/instance_9_5_2_1.pddl
PATTY,block-grouping,files/block-grouping/domain.pddl,files/block-grouping/instances/instance_9_5_2_2.pddl
PATTY-BV,block-grouping,files/block-grouping/domain.pddl,files/block-grouping/instances/instance_9_5_2_2.pddl
ENHSP,block-grouping,files/block-grouping/domain.pddl,files/block-grouping/instances/instance_9_5_2_2.pddl
PATTY,block-grouping,files/block-grouping/domain.pddl,files/block-grouping/instances/instance_9_5_2_3.pddl
PATTY-BV,block-grouping,files/block-grouping/domain.pddl,files/block-grouping/instances/instance_9_5_2_3.pddl
ENHSP,block-grouping,files/block-grouping/domain.pddl,files/block-grouping/instances/instance_9_5_2_3.pddl
PATTY,blockworld,files/blockworld/domain.pddl,files/blockworld/instances/pb10.pddl
PATTY-BV,blockworld,files/blockworld/domain.pddl,files/blockworld/instances/pb10.pddl
ENHSP,blockworld,files/blockworld/domain.pddl,files/blockworld/instances/pb10.pddl
PATTY,blockworld,files/blockworld/domain.pddl,files/blockworld/instances/pb11.pddl
PATTY-BV,blockworld,files/blockworld/domain.pddl,files/blockworld/instances/pb11.pddl
ENHSP,blockworld,files/blockworld/domain.pddl,files/blockworld/instances/pb11.pddl
PATTY,blockworld,files/blockworld/domain.pddl,files/blockworld/instances/pb12.pddl
PATTY-BV,blockworld,files/blockworld/domain.pddl,files/blockworld/instances/pb12.pddl
ENHSP,blockworld,files/blockworld/domain.pddl,files/blockworld/instances/pb12.pddl
PATTY,blockworld,files/blockworld/domain.pddl,files/blockworld/instances/pb13.pddl
PATTY-BV,blockworld,files/blockworld/domain.pddl,files/blockworld/instances/pb13.pddl
ENHSP,blockworld,files/blockworld/domain.pddl,files/blockworld/instances/pb13.pddl
PATTY,blockworld,files/blockworld/domain.pddl,files/blockworld/instances/pb14.pddl
PATTY-BV,blockworld,files/blockworld/domain.pddl,files/blockworld/instances/pb14.pddl
ENHSP,blockworld,files/blockworld/domain.pddl,files/blockworld/instances/pb14.pddl
PATTY,blockworld,files/blockworld/domain.pddl,files/blockworld/instances/pb15.pddl
PATTY-BV,blockworld,files/blockworld/domain.pddl,files/blockworld/instances/pb15.pddl
ENHSP,blockworld,files/blockworld/domain.pddl,files/blockworld/instances/pb15.pddl
PATTY,blockworld,files/blockworld/domain.pddl,files/blockworld/instances/pb2.pddl
PATTY-BV,blockworld,files/blockworld/domain.pddl,files/blockworld/instances/pb2.pddl
ENHSP,blockworld,files/blockworld/domain.pddl,files/blockworld/instances/pb2.pddl
PATTY,blockworld,files/blockworld/domain.pddl,files/blockworld/instances/pb3.pddl
PATTY-BV,blockworld,files/blockworld/domain.pddl,files/blockworld/instances/pb3.pddl
ENHSP,blockworld,files/blockworld/domain.pddl,files/blockworld/instances/pb3.pddl
PATTY,blockworld,files/blockworld/domain.pddl,files/blockworld/instances/pb4.pddl
PATTY-BV,blockworld,files/blockworld/domain.pddl,files/blockworld/instances/pb4.pddl
ENHSP,blockworld,files/blockworld/domain.pddl,files/blockworld/instances/pb4.pddl
PATTY,blockworld,files/blockworld/domain.pddl,files/blockworld/instances/pb5.pddl
PATTY-BV,blockworld,files/blockworld/domain.pddl,files/blockworld/instances/pb5.pddl
ENHSP,blockworld,files/blockworld/domain.pddl,files/blockworld/instances/pb5.pddl
PATTY,blockworld,files/blockworld/domain.pddl,files/blockworld/instances/pb6.pddl
PATTY-BV,blockworld,files/blockworld/domain.pddl,files/blockworld/instances/pb6.pddl
ENHSP,blockworld,files/blockworld/domain.pddl,files/blockworld/instances/pb6.pddl
PATTY,blockworld,files/blockworld/domain.pddl,files/blockworld/instances/pb7.pddl
PATTY-BV,blockworld,files/blockworld/domain.pddl,files/blockworld/instances/pb7.pddl
ENHSP,blockworld,files/blockworld/domain.pddl,files/blockworld/instances/pb7.pddl
PATTY,blockworld,files/blockworld/domain.pddl,files/blockworld/instances/pb8.pddl
PATTY-BV,blockworld,files/blockworld/domain.pddl,files/blockworld/instances/pb8.pddl
ENHSP,blockworld,files/blockworld/domain.pddl,files/blockworld/instances/pb8.pddl
PATTY,blockworld,files/blockworld/domain.pddl,files/blockworld/instances/pb9.pddl
PATTY-BV,blockworld,files/blockworld/domain.pddl,files/blockworld/instances/pb9.pddl
ENHSP,blockworld,files/blockworld/domain.pddl,files/blockworld/instances/pb9.pddl
PATTY,briefcase,files/briefcase/domain.pddl,files/briefcase/instances/pb1.pddl
PATTY-BV,briefcase,files/briefcase/domain.pddl,files/briefcase/instances/pb1.pddl
ENHSP,briefcase,files/briefcase/domain.pddl,files/briefcase/instances/pb1.pddl
PATTY,depots,files/depots/domain.pddl,files/depots/instances/pfile1.pddl
PATTY-BV,depots,files/depots/domain.pddl,files/depots/instances/pfile1.pddl
ENHSP,depots,files/depots/domain.pddl,files/depots/instances/pfile1.pddl
PATTY,depots,files/depots/domain.pddl,files/depots/instances/pfile10.pddl
PATTY-BV,depots,files/depots/domain.pddl,files/depots/instances/pfile10.pddl
ENHSP,depots,files/depots/domain.pddl,files/depots/instances/pfile10.pddl
PATTY,depots,files/depots/domain.pddl,files/depots/instances/pfile11.pddl
PATTY-BV,depots,files/depots/domain.pddl,files/depots/instances/pfile11.pddl
ENHSP,depots,files/depots/domain.pddl,files/depots/instances/pfile11.pddl
PATTY,depots,files/depots/domain.pddl,files/depots/instances/pfile12.pddl
PATTY-BV,depots,files/depots/domain.pddl,files/depots/instances/pfile12.pddl
ENHSP,depots,files/depots/domain.pddl,files/depots/instances/pfile12.pddl
PATTY,depots,files/depots/domain.pddl,files/depots/instances/pfile13.pddl
PATTY-BV,depots,files/depots/domain.pddl,files/depots/instances/pfile13.pddl
ENHSP,depots,files/depots/domain.pddl,files/depots/instances/pfile13.pddl
PATTY,depots,files/depots/domain.pddl,files/depots/instances/pfile14.pddl
PATTY-BV,depots,files/depots/domain.pddl,files/depots/instances/pfile14.pddl
ENHSP,depots,files/depots/domain.pddl,files/depots/instances/pfile14.pddl
PATTY,depots,files/depots/domain.pddl,files/depots/instances/pfile15.pddl
PATTY-BV,depots,files/depots/domain.pddl,files/depots/instances/pfile15.pddl
ENHSP,depots,files/depots/domain.pddl,files/depots/instances/pfile15.pddl
PATTY,depots,files/depots/domain.pddl,files/depots/instances/pfile16.pddl
PATTY-BV,depots,files/depots/domain.pddl,files/depots/instances/pfile16.pddl
ENHSP,depots,files/depots/domain.pddl,files/depots/instances/pfile16.pddl
PATTY,depots,files/depots/domain.pddl,files/depots/instances/pfile17.pddl
PATTY-BV,depots,files/depots/domain.pddl,files/depots/instances/pfile17.pddl
ENHSP,depots,files/depots/domain.pddl,files/depots/instances/pfile17.pddl
PATTY,depots,files/depots/domain.pddl,files/depots/instances/pfile18.pddl
PATTY-BV,depots,files/depots/domain.pddl,files/depots/instances/pfile18.pddl
ENHSP,depots,files/depots/domain.pddl,files/depots/instances/pfile18.pddl
PATTY,depots,files/depots/domain.pddl,files/depots/instances/pfile19.pddl
PATTY-BV,depots,files/depots/domain.pddl,files/depots/instances/pfile19.pddl
ENHSP,depots,files/depots/domain.pddl,files/depots/instances/pfile19.pddl
PATTY,depots,files/depots/domain.pddl,files/depots/instances/pfile2.pddl
PATTY-BV,depots,files/depots/domain.pddl,files/depots/instances/pfile2.pddl
ENHSP,depots,files/depots/domain.pddl,files/depots/instances/pfile2.pddl
PATTY,depots,files/depots/domain.pddl,files/depots/instances/pfile20.pddl
PATTY-BV,depots,files/depots/domain.pddl,files/depots/instances/pfile20.pddl
ENHSP,depots,files/depots/domain.pddl,files/depots/instances/pfile20.pddl
PATTY,depots,files/depots/domain.pddl,files/depots/instances/pfile21.pddl
PATTY-BV,depots,files/depots/domain.pddl,files/depots/instances/pfile21.pddl
ENHSP,depots,files/depots/domain.pddl,files/depots/instances/pfile21.pddl
PATTY,depots,files/depots/domain.pddl,files/depots/instances/pfile22.pddl
PATTY-BV,depots,files/depots/domain.pddl,files/depots/instances/pfile22.pddl
ENHSP,depots,files/depots/domain.pddl,files/depots/instances/pfile22.pddl
PATTY,depots,files/depots/domain.pddl,files/depots/instances/pfile3.pddl
PATTY-BV,depots,files/depots/domain.pddl,files/depots/instances/pfile3.pddl
ENHSP,depots,files/depots/domain.pddl,files/depots/instances/pfile3.pddl
PATTY,depots,files/depots/domain.pddl,files/depots/instances/pfile4.pddl
PATTY-BV,depots,files/depots/domain.pddl,files/depots/instances/pfile4.pddl
ENHSP,depots,files/depots/domain.pddl,files/depots/instances/pfile4.pddl
PATTY,depots,files/depots/domain.pddl,files/depots/instances/pfile5.pddl
PATTY-BV,depots,files/depots/domain.pddl,files/depots/instances/pfile5.pddl
ENHSP,depots,files/depots/domain.pddl,files/depots/instances/pfile5.pddl
PATTY,depots,files/depots/domain.pddl,files/depots/instances/pfile6.pddl
PATTY-BV,depots,files/depots/domain.pddl,files/depots/instances/pfile6.pddl
ENHSP,depots,files/depots/domain.pddl,files/depots/instances/pfile6.pddl
PATTY,depots,files/depots/domain.pddl,files/depots/instances/pfile7.pddl
PATTY-BV,depots,files/depots/domain.pddl,files/depots/instances/pfile7.pddl
ENHSP,depots,files/depots/domain.pddl,files/depots/instances/pfile7.pddl
PATTY,depots,files/depots/domain.pddl,files/depots/instances/pfile8.pddl
PATTY-BV,depots,files/depots/domain.pddl,files/depots/instances/pfile8.pddl
ENHSP,depots,files/depots/domain.pddl,files/depots/instances/pfile8.pddl
PATTY,depots,files/depots/domain.pddl,files/depots/instances/pfile9.pddl
PATTY-BV,depots,files/depots/domain.pddl,files/depots/instances/pfile9.pddl
ENHSP,depots,files/depots/domain.pddl,files/depots/instances/pfile9.pddl
PATTY,elevator-bool,files/elevator-bool/domain.pddl,files/elevator-bool/instances/problem-5-3-1.pddl
PATTY-BV,elevator-bool,files/elevator-bool/domain.pddl,files/elevator-bool/instances/problem-5-3-1.pddl
ENHSP,elevator-bool,files/elevator-bool/domain.pddl,files/elevator-bool/instances/problem-5-3-1.pddl
PATTY,elevator-bool,files/elevator-bool/domain.pddl,files/elevator-bool/instances/problem-5-3-3.pddl
PATTY-BV,elevator-bool,files/elevator-bool/domain.pddl,files/elevator-bool/instances/problem-5-3-3.pddl
ENHSP,elevator-bool,files/elevator-bool/domain.pddl,files/elevator-bool/instances/problem-5-3-3.pddl
PATTY,elevator-num,files/elevator-num/domain.pddl,files/elevator-num/instances/problem-5-3-1.pddl
PATTY-BV,elevator-num,files/elevator-num/domain.pddl,files/elevator-num/instances/problem-5-3-1.pddl
ENHSP,elevator-num,files/elevator-num/domain.pddl,files/elevator-num/instances/problem-5-3-1.pddl
PATTY,elevator-num,files/elevator-num/domain.pddl,files/elevator-num/instances/problem-5-3-3.pddl
PATTY-BV,elevator-num,files/elevator-num/domain.pddl,files/elevator-num/instances/problem-5-3-3.pddl
ENHSP,elevator-num,files/elevator-num/domain.pddl,files/elevator-num/instances/problem-5-3-3.pddl
PATTY,farmland,files/farmland/domain.pddl,files/farmland/instances/instance_10_1000_1229.pddl
PATTY-BV,farmland,files/farmland/domain.pddl,files/farmland/instances/instance_10_1000_1229.pddl
ENHSP,farmland,files/farmland/domain.pddl,files/farmland/instances/instance_10_1000_1229.pddl
PATTY,farmland,files/farmland/domain.pddl,files/farmland/instances/instance_10_100_1229.pddl
PATTY-BV,farmland,files/farmland/domain.pddl,files/farmland/instances/instance_10_100_1229.pddl
ENHSP,farmland,files/farmland/domain.pddl,files/farmland/instances/instance_10_100_1229.pddl
PATTY,farmland,files/farmland/domain.pddl,files/farmland/instances/instance_10_200_1229.pddl
PATTY-BV,farmland,files/farmland/domain.pddl,files/farmland/instances/instance_10_200_1229.pddl
ENHSP,farmland,files/farmland/domain.pddl,files/farmland/instances/instance_10_200_1229.pddl
PATTY,farmland,files/farmland/domain.pddl,files/farmland/instances/instance_10_300_1229.pddl
PATTY-BV,farmland,files/farmland/domain.pddl,files/farmland/instances/instance_10_300_1229.pddl
ENHSP,farmland,files/farmland/domain.pddl,files/farmland/instances/instance_10_300_1229.pddl
PATTY,farmland,files/farmland/domain.pddl,files/farmland/instances/instance_10_400_1229.pddl
PATTY-BV,farmland,files/farmland/domain.pddl,files/farmland/instances/instance_10_400_1229.pddl
ENHSP,farmland,files/farmland/domain.pddl,files/farmland/instances/instance_10_400_1229.pddl
PATTY,farmland,files/farmland/domain.pddl,files/farmland/instances/instance_10_500_1229.pddl
PATTY-BV,farmland,files/farmland/domain.pddl,files/farmland/instances/instance_10_500_1229.pddl
ENHSP,farmland,files/farmland/domain.pddl,files/farmland/instances/instance_10_500_1229.pddl
PATTY,farmland,files/farmland/domain.pddl,files/farmland/instances/instance_10_600_1229.pddl
PATTY-BV,farmland,files/farmland/domain.pddl,files/farmland/instances/instance_10_600_1229.pddl
ENHSP,farmland,files/farmland/domain.pddl,files/farmland/instances/instance_10_600_1229.pddl
PATTY,farmland,files/farmland/domain.pddl,files/farmland/instances/instance_10_700_1229.pddl
PATTY-BV,farmland,files/farmland/domain.pddl,files/farmland/instances/instance_10_700_1229.pddl
ENHSP,farmland,files/farmland/domain.pddl,files/farmland/instances/instance_10_700_1229.pddl
PATTY,farmland,files/farmland/domain.pddl,files/farmland/instances/instance_10_800_1229.pddl
PATTY-BV,farmland,files/farmland/domain.pddl,files/farmland/instances/instance_10_800_1229.pddl
ENHSP,farmland,files/farmland/domain.pddl,files/farmland/instances/instance_10_800_1229.pddl
PATTY,farmland,files/farmland/domain.pddl,files/farmland/instances/instance_10_900_1229.pddl
PATTY-BV,farmland,files/farmland/domain.pddl,files/farmland/instances/instance_10_900_1229.pddl
ENHSP,farmland,files/farmland/domain.pddl,files/farmland/instances/instance_10_900_1229.pddl
PATTY,farmland,files/farmland/domain.pddl,files/farmland/instances/instance_2_1000_1229.pddl
PATTY-BV,farmland,files/farmland/domain.pddl,files/farmland/instances/instance_2_1000_1229.pddl
ENHSP,farmland,files/farmland/domain.pddl,files/farmland/instances/instance_2_1000_1229.pddl
PATTY,farmland,files/farmland/domain.pddl,files/farmland/instances/instance_2_100_1229.pddl
PATTY-BV,farmland,files/farmland/domain.pddl,files/farmland/instances/instance_2_100_1229.pddl
ENHSP,farmland,files/farmland/domain.pddl,files/farmland/instances/instance_2_100_1229.pddl
PATTY,farmland,files/farmland/domain.pddl,files/farmland/instances/instance_2_200_1229.pddl
PATTY-BV,farmland,files/farmland/domain.pddl,files/farmland/instances/instance_2_200_1229.pddl
ENHSP,farmland,files/farmland/domain.pddl,files/farmland/instances/instance_2_200_1229.pddl
PATTY,farmland,files/farmland/domain.pddl,files/farmland/instances/instance_2_300_1229.pddl
PATTY-BV,farmland,files/farmland/domain.pddl,files/farmland/instances/instance_2_300_1229.pddl
ENHSP,farmland,files/farmland/domain.pddl,files/farmland/instances/instance_2_300_1229.pddl
PATTY,farmland,files/farmland/domain.pddl,files/farmland/instances/instance_2_400_1229.pddl
PATTY-BV,farmland,files/farmland/domain.pddl,files/farmland/instances/instance_2_400_1229.pddl
ENHSP,farmland,files/farmland/domain.pddl,files/farmland/instances/instance_2_400_1229.pddl
PATTY,farmland,files/farmland/domain.pddl,files/farmland/instances/instance_2_500_1229.pddl
PATTY-BV,farmland,files/farmland/domain.pddl,files/farmland/instances/instance_2_500_1229.pddl
ENHSP,farmland,files/farmland/domain.pddl,files/farmland/instances/instance_2_500_1229.pddl
PATTY,farmland,files/farmland/domain.pddl,files/farmland/instances/instance_2_600_1229.pddl
PATTY-BV,farmland,files/farmland/domain.pddl,files/farmland/instances/instance_2_600_1229.pddl
ENHSP,farmland,files/farmland/domain.pddl,files/farmland/instances/instance_2_600_1229.pddl
PATTY,farmland,files/farmland/domain.pddl,files/farmland/instances/instance_2_700_1229.pddl
PATTY-BV,farmland,files/farmland/domain.pddl,files/farmland/instances/instance_2_700_1229.pddl
ENHSP,farmland,files/farmland/domain.pddl,files/farmland/instances/instance_2_700_1229.pddl
PATTY,farmland,files/farmland/domain.pddl,files/farmland/instances/instance_2_800_1229.pddl
PATTY-BV,farmland,files/farmland/domain.pddl,files/farmland/instances/instance_2_800_1229.pddl
ENHSP,farmland,files/farmland/domain.pddl,files/farmland/instances/instance_2_800_1229.pddl
PATTY,farmland,files/farmland/domain.pddl,files/farmland/instances/instance_2_900_1229.pddl
PATTY-BV,farmland,files/farmland/domain.pddl,files/farmland/instances/instance_2_900_1229.pddl
ENHSP,farmland,files/farmland/domain.pddl,files/farmland/instances/instance_2_900_1229.pddl
PATTY,farmland,files/farmland/domain.pddl,files/farmland/instances/instance_4_1000_1229.pddl
PATTY-BV,farmland,files/farmland/domain.pddl,files/farmland/instances/instance_4_1000_1229.pddl
ENHSP,farmland,files/farmland/domain.pddl,files/farmland/instances/instance_4_1000_1229.pddl
PATTY,farmland,files/farmland/domain.pddl,files/farmland/instances/instance_4_100_1229.pddl
PATTY-BV,farmland,files/farmland/domain.pddl,files/farmland/instances/instance_4_100_1229.pddl
ENHSP,farmland,files/farmland/domain.pddl,files/farmland/instances/instance_4_100_1229.pddl
PATTY,farmland,files/farmland/domain.pddl,files/farmland/instances/instance_4_200_1229.pddl
PATTY-BV,farmland,files/farmland/domain.pddl,files/farmland/instances/instance_4_200_1229.pddl
ENHSP,farmland,files/farmland/domain.pddl,files/farmland/instances/instance_4_200_1229.pddl
PATTY,farmland,files/farmland/domain.pddl,files/farmland/instances/instance_4_300_1229.pddl
PATTY-BV,farmland,files/farmland/domain.pddl,files/farmland/instances/instance_4_300_1229.pddl
ENHSP,farmland,files/farmland/domain.pddl,files/farmland/instances/instance_4_300_1229.pddl
PATTY,farmland,files/farmland/domain.pddl,files/farmland/instances/instance_4_400_1229.pddl
PATTY-BV,farmland,files/farmland/domain.pddl,files/farmland/instances/instance_4_400_1229.pddl
ENHSP,farmland,files/farmland/domain.pddl,files/farmland/instances/instance_4_400_1229.pddl
PATTY,farmland,files/farmland/domain.pddl,files/farmland/instances/instance_4_500_1229.pddl
PATTY-BV,farmland,files/farmland/domain.pddl,files/farmland/instances/instance_4_500_1229.pddl
ENHSP,farmland,files/farmland/domain.pddl,files/farmland/instances/instance_4_500_1229.pddl
PATTY,farmland,files/farmland/domain.pddl,files/farmland/instances/instance_4_600_1229.pddl
PATTY-BV,farmland,files/farmland/domain.pddl,files/farmland/instances/instance_4_600_1229.pddl
ENHSP,farmland,files/farmland/domain.pddl,files/farmland/instances/instance_4_600_1229.pddl
PATTY,farmland,files/farmland/domain.pddl,files/farmland/instances/instance_4_700_1229.pddl
PATTY-BV,farmland,files/farmland/domain.pddl,files/farmland/instances/instance_4_700_1229.pddl
ENHSP,farmland,files/farmland/domain.pddl,files/farmland/instances/instance_4_700_1229.pddl
PATTY,farmland,files/farmland/domain.pddl,files/farmland/instances/instance_4_800_1229.pddl
PATTY-BV,farmland,files/farmland/domain.pddl,files/farmland/instances/instance_4_800_1229.pddl
ENHSP,farmland,files/farmland/domain.pddl,files/farmland/instances/instance_4_800_1229.pddl
PATTY,farmland,files/farmland/domain.pddl,files/farmland/instances/instance_4_900_1229.pddl
PATTY-BV,farmland,files/farmland/domain.pddl,files/farmland/instances/instance_4_900_1229.pddl
ENHSP,farmland,files/farmland/domain.pddl,files/farmland/instances/instance_4_900_1229.pddl
PATTY,farmland,files/farmland/domain.pddl,files/farmland/instances/instance_6_1000_1229.pddl
PATTY-BV,farmland,files/farmland/domain.pddl,files/farmland/instances/instance_6_1000_1229.pddl
ENHSP,farmland,files/farmland/domain.pddl,files/farmland/instances/instance_6_1000_1229.pddl
PATTY,farmland,files/farmland/domain.pddl,files/farmland/instances/instance_6_100_1229.pddl
PATTY-BV,farmland,files/farmland/domain.pddl,files/farmland/instances/instance_6_100_1229.pddl
ENHSP,farmland,files/farmland/domain.pddl,files/farmland/instances/instance_6_100_1229.pddl
PATTY,farmland,files/farmland/domain.pddl,files/farmland/instances/instance_6_200_1229.pddl
PATTY-BV,farmland,files/farmland/domain.pddl,files/farmland/instances/instance_6_200_1229.pddl
ENHSP,farmland,files/farmland/domain.pddl,files/farmland/instances/instance_6_200_1229.pddl
PATTY,farmland,files/farmland/domain.pddl,files/farmland/instances/instance_6_300_1229.pddl
PATTY-BV,farmland,files/farmland/domain.pddl,files/farmland/instances/instance_6_300_1229.pddl
ENHSP,farmland,files/farmland/domain.pddl,files/farmland/instances/instance_6_300_1229.pddl
PATTY,farmland,files/farmland/domain.pddl,files/farmland/instances/instance_6_400_1229.pddl
PATTY-BV,farmland,files/farmland/domain.pddl,files/farmland/instances/instance_6_400_1229.pddl
ENHSP,farmland,files/farmland/domain.pddl,files/farmland/instances/instance_6_400_1229.pddl
PATTY,farmland,files/farmland/domain.pddl,files/farmland/instances/instance_6_500_1229.pddl
PATTY-BV,farmland,files/farmland/domain.pddl,files/farmland/instances/instance_6_500_1229.pddl
ENHSP,farmland,files/farmland/domain.pddl,files/farmland/instances/instance_6_500_1229.pddl
PATTY,farmland,files/farmland/domain.pddl,files/farmland/instances/instance_6_600_1229.pddl
PATTY-BV,farmland,files/farmland/domain.pddl,files/farmland/instances/instance_6_600_1229.pddl
ENHSP,farmland,files/farmland/domain.pddl,files/farmland/instances/instance_6_600_1229.pddl
PATTY,farmland,files/farmland/domain.pddl,files/farmland/instances/instance_6_700_1229.pddl
PATTY-BV,farmland,files/farmland/domain.pddl,files/farmland/instances/instance_6_700_1229.pddl
ENHSP,farmland,files/farmland/domain.pddl,files/farmland/instances/instance_6_700_1229.pddl
PATTY,farmland,files/farmland/domain.pddl,files/farmland/instances/instance_6_800_1229.pddl
PATTY-BV,farmland,files/farmland/domain.pddl,files/farmland/instances/instance_6_800_1229.pddl
ENHSP,farmland,files/farmland/domain.pddl,files/farmland/instances/instance_6_800_1229.pddl
PATTY,farmland,files/farmland/domain.pddl,files/farmland/instances/instance_6_900_1229.pddl
PATTY-BV,farmland,files/farmland/domain.pddl,files/farmland/instances/instance_6_900_1229.pddl
ENHSP,farmland,files/farmland/domain.pddl,files/farmland/instances/instance_6_900_1229.pddl
PATTY,farmland,files/farmland/domain.pddl,files/farmland/instances/instance_8_1000_1229.pddl
PATTY-BV,farmland,files/farmland/domain.pddl,files/farmland/instances/instance_8_1000_1229.pddl
ENHSP,farmland,files/farmland/domain.pddl,files/farmland/instances/instance_8_1000_1229.pddl
PATTY,farmland,files/farmland/domain.pddl,files/farmland/instances/instance_8_100_1229.pddl
PATTY-BV,farmland,files/farmland/domain.pddl,files/farmland/instances/instance_8_100_1229.pddl
ENHSP,farmland,files/farmland/domain.pddl,files/farmland/instances/instance_8_100_1229.pddl
PATTY,farmland,files/farmland/domain.pddl,files/farmland/instances/instance_8_200_1229.pddl
PATTY-BV,farmland,files/farmland/domain.pddl,files/farmland/instances/instance_8_200_1229.pddl
ENHSP,farmland,files/farmland/domain.pddl,files/farmland/instances/instance_8_200_1229.pddl
PATTY,farmland,files/farmland/domain.pddl,files/farmland/instances/instance_8_300_1229.pddl
PATTY-BV,farmland,files/farmland/domain.pddl,files/farmland/instances/instance_8_300_1229.pddl
ENHSP,farmland,files/farmland/domain.pddl,files/farmland/instances/instance_8_300_1229.pddl
PATTY,farmland,files/farmland/domain.pddl,files/farmland/instances/instance_8_400_1229.pddl
PATTY-BV,farmland,files/farmland/domain.pddl,files/farmland/instances/instance_8_400_1229.pddl
ENHSP,farmland,files/farmland/domain.pddl,files/farmland/instances/instance_8_400_1229.pddl
PATTY,farmland,files/farmland/domain.pddl,files/farmland/instances/instance_8_500_1229.pddl
PATTY-BV,farmland,files/farmland/domain.pddl,files/farmland/instances/instance_8_500_1229.pddl
ENHSP,farmland,files/farmland/domain.pddl,files/farmland/instances/instance_8_500_1229.pddl
PATTY,farmland,files/farmland/domain.pddl,files/farmland/instances/instance_8_600_1229.pddl
PATTY-BV,farmland,files/farmland/domain.pddl,files/farmland/instances/instance_8_600_1229.pddl
ENHSP,farmland,files/farmland/domain.pddl,files/farmland/instances/instance_8_600_1229.pddl
PATTY,farmland,files/farmland/domain.pddl,files/farmland/instances/instance_8_700_1229.pddl
PATTY-BV,farmland,files/farmland/domain.pddl,files/farmland/instances/instance_8_700_1229.pddl
ENHSP,farmland,files/farmland/domain.pddl,files/farmland/instances/instance_8_700_1229.pddl
PATTY,farmland,files/farmland/domain.pddl,files/farmland/instances/instance_8_800_1229.pddl
PATTY-BV,farmland,files/farmland/domain.pddl,files/farmland/instances/instance_8_800_1229.pddl
ENHSP,farmland,files/farmland/domain.pddl,files/farmland/instances/instance_8_800_1229.pddl
PATTY,farmland,files/farmland/domain.pddl,files/farmland/instances/instance_8_900_1229.pddl
PATTY-BV,farmland,files/farmland/domain.pddl,files/farmland/instances/instance_8_900_1229.pddl
ENHSP,farmland,files/farmland/domain.pddl,files/farmland/instances/instance_8_900_1229.pddl
PATTY,farmland_ln,files/farmland_ln/domain.pddl,files/farmland_ln/instances/instance_10_1000_1229.pddl
PATTY-BV,farmland_ln,files/farmland_ln/domain.pddl,files/farmland_ln/instances/instance_10_1000_1229.pddl
ENHSP,farmland_ln,files/farmland_ln/domain.pddl,files/farmland_ln/instances/instance_10_1000_1229.pddl
PATTY,farmland_ln,files/farmland_ln/domain.pddl,files/farmland_ln/instances/instance_10_100_1229.pddl
PATTY-BV,farmland_ln,files/farmland_ln/domain.pddl,files/farmland_ln/instances/instance_10_100_1229.pddl
ENHSP,farmland_ln,files/farmland_ln/domain.pddl,files/farmland_ln/instances/instance_10_100_1229.pddl
PATTY,farmland_ln,files/farmland_ln/domain.pddl,files/farmland_ln/instances/instance_10_200_1229.pddl
PATTY-BV,farmland_ln,files/farmland_ln/domain.pddl,files/farmland_ln/instances/instance_10_200_1229.pddl
ENHSP,farmland_ln,files/farmland_ln/domain.pddl,files/farmland_ln/instances/instance_10_200_1229.pddl
PATTY,farmland_ln,files/farmland_ln/domain.pddl,files/farmland_ln/instances/instance_10_300_1229.pddl
PATTY-BV,farmland_ln,files/farmland_ln/domain.pddl,files/farmland_ln/instances/instance_10_300_1229.pddl
ENHSP,farmland_ln,files/farmland_ln/domain.pddl,files/farmland_ln/instances/instance_10_300_1229.pddl
PATTY,farmland_ln,files/farmland_ln/domain.pddl,files/farmland_ln/instances/instance_10_400_1229.pddl
PATTY-BV,farmland_ln,files/farmland_ln/domain.pddl,files/farmland_ln/instances/instance_10_400_1229.pddl
ENHSP,farmland_ln,files/farmland_ln/domain.pddl,files/farmland_ln/instances/instance_10_400_1229.pddl
PATTY,farmland_ln,files/farmland_ln/domain.pddl,files/farmland_ln/instances/instance_10_500_1229.pddl
PATTY-BV,farmland_ln,files/farmland_ln/domain.pddl,files/farmland_ln/instances/instance_10_500_1229.pddl
ENHSP,farmland_ln,files/farmland_ln/domain.pddl,files/farmland_ln/instances/instance_10_500_1229.pddl
PATTY,farmland_ln,files/farmland_ln/domain.pddl,files/farmland_ln/instances/instance_10_600_1229.pddl
PATTY-BV,farmland_ln,files/farmland_ln/domain.pddl,files/farmland_ln/instances/instance_10_600_1229.pddl
ENHSP,farmland_ln,files/farmland_ln/domain.pddl,files/farmland_ln/instances/instance_10_600_1229.pddl
PATTY,farmland_ln,files/farmland_ln/domain.pddl,files/farmland_ln/instances/instance_10_700_1229.pddl
PATTY-BV,farmland_ln,files/farmland_ln/domain.pddl,files/farmland_ln/instances/instance_10_700_1229.pddl
ENHSP,farmland_ln,files/farmland_ln/domain.pddl,files/farmland_ln/instances/instance_10_700_1229.pddl
PATTY,farmland_ln,files/farmland_ln/domain.pddl,files/farmland_ln/instances/instance_10_800_1229.pddl
PATTY-BV,farmland_ln,files/farmland_ln/domain.pddl,files/farmland_ln/instances/instance_10_800_1229.pddl
ENHSP,farmland_ln,files/farmland_ln/domain.pddl,files/farmland_ln/instances/instance_10_800_1229.pddl
PATTY,farmland_ln,files/farmland_ln/domain.pddl,files/farmland_ln/instances/instance_10_900_1229.pddl
PATTY-BV,farmland_ln,files/farmland_ln/domain.pddl,files/farmland_ln/instances/instance_10_900_1229.pddl
ENHSP,farmland_ln,files/farmland_ln/domain.pddl,files/farmland_ln/instances/instance_10_900_1229.pddl
PATTY,farmland_ln,files/farmland_ln/domain.pddl,files/farmland_ln/instances/instance_2_1000_1229.pddl
PATTY-BV,farmland_ln,files/farmland_ln/domain.pddl,files/farmland_ln/instances/instance_2_1000_1229.pddl
ENHSP,farmland_ln,files/farmland_ln/domain.pddl,files/farmland_ln/instances/instance_2_1000_1229.pddl
PATTY,farmland_ln,files/farmland_ln/domain.pddl,files/farmland_ln/instances/instance_2_100_1229.pddl
PATTY-BV,farmland_ln,files/farmland_ln/domain.pddl,files/farmland_ln/instances/instance_2_100_1229.pddl
ENHSP,farmland_ln,files/farmland_ln/domain.pddl,files/farmland_ln/instances/instance_2_100_1229.pddl
PATTY,farmland_ln,files/farmland_ln/domain.pddl,files/farmland_ln/instances/instance_2_200_1229.pddl
PATTY-BV,farmland_ln,files/farmland_ln/domain.pddl,files/farmland_ln/instances/instance_2_200_1229.pddl
ENHSP,farmland_ln,files/farmland_ln/domain.pddl,files/farmland_ln/instances/instance_2_200_1229.pddl
PATTY,farmland_ln,files/farmland_ln/domain.pddl,files/farmland_ln/instances/instance_2_300_1229.pddl
PATTY-BV,farmland_ln,files/farmland_ln/domain.pddl,files/farmland_ln/instances/instance_2_300_1229.pddl
ENHSP,farmland_ln,files/farmland_ln/domain.pddl,files/farmland_ln/instances/instance_2_300_1229.pddl
PATTY,farmland_ln,files/farmland_ln/domain.pddl,files/farmland_ln/instances/instance_2_400_1229.pddl
PATTY-BV,farmland_ln,files/farmland_ln/domain.pddl,files/farmland_ln/instances/instance_2_400_1229.pddl
ENHSP,farmland_ln,files/farmland_ln/domain.pddl,files/farmland_ln/instances/instance_2_400_1229.pddl
PATTY,farmland_ln,files/farmland_ln/domain.pddl,files/farmland_ln/instances/instance_2_500_1229.pddl
PATTY-BV,farmland_ln,files/farmland_ln/domain.pddl,files/farmland_ln/instances/instance_2_500_1229.pddl
ENHSP,farmland_ln,files/farmland_ln/domain.pddl,files/farmland_ln/instances/instance_2_500_1229.pddl
PATTY,farmland_ln,files/farmland_ln/domain.pddl,files/farmland_ln/instances/instance_2_600_1229.pddl
PATTY-BV,farmland_ln,files/farmland_ln/domain.pddl,files/farmland_ln/instances/instance_2_600_1229.pddl
ENHSP,farmland_ln,files/farmland_ln/domain.pddl,files/farmland_ln/instances/instance_2_600_1229.pddl
PATTY,farmland_ln,files/farmland_ln/domain.pddl,files/farmland_ln/instances/instance_2_700_1229.pddl
PATTY-BV,farmland_ln,files/farmland_ln/domain.pddl,files/farmland_ln/instances/instance_2_700_1229.pddl
ENHSP,farmland_ln,files/farmland_ln/domain.pddl,files/farmland_ln/instances/instance_2_700_1229.pddl
PATTY,farmland_ln,files/farmland_ln/domain.pddl,files/farmland_ln/instances/instance_2_800_1229.pddl
PATTY-BV,farmland_ln,files/farmland_ln/domain.pddl,files/farmland_ln/instances/instance_2_800_1229.pddl
ENHSP,farmland_ln,files/farmland_ln/domain.pddl,files/farmland_ln/instances/instance_2_800_1229.pddl
PATTY,farmland_ln,files/farmland_ln/domain.pddl,files/farmland_ln/instances/instance_2_900_1229.pddl
PATTY-BV,farmland_ln,files/farmland_ln/domain.pddl,files/farmland_ln/instances/instance_2_900_1229.pddl
ENHSP,farmland_ln,files/farmland_ln/domain.pddl,files/farmland_ln/instances/instance_2_900_1229.pddl
PATTY,farmland_ln,files/farmland_ln/domain.pddl,files/farmland_ln/instances/instance_4_1000_1229.pddl
PATTY-BV,farmland_ln,files/farmland_ln/domain.pddl,files/farmland_ln/instances/instance_4_1000_1229.pddl
ENHSP,farmland_ln,files/farmland_ln/domain.pddl,files/farmland_ln/instances/instance_4_1000_1229.pddl
PATTY,farmland_ln,files/farmland_ln/domain.pddl,files/farmland_ln/instances/instance_4_100_1229.pddl
PATTY-BV,farmland_ln,files/farmland_ln/domain.pddl,files/farmland_ln/instances/instance_4_100_1229.pddl
ENHSP,farmland_ln,files/farmland_ln/domain.pddl,files/farmland_ln/instances/instance_4_100_1229.pddl
PATTY,farmland_ln,files/farmland_ln/domain.pddl,files/farmland_ln/instances/instance_4_200_1229.pddl
PATTY-BV,farmland_ln,files/farmland_ln/domain.pddl,files/farmland_ln/instances/instance_4_200_1229.pddl
ENHSP,farmland_ln,files/farmland_ln/domain.pddl,files/farmland_ln/instances/instance_4_200_1229.pddl
PATTY,farmland_ln,files/farmland_ln/domain.pddl,files/farmland_ln/instances/instance_4_300_1229.pddl
PATTY-BV,farmland_ln,files/farmland_ln/domain.pddl,files/farmland_ln/instances/instance_4_300_1229.pddl
ENHSP,farmland_ln,files/farmland_ln/domain.pddl,files/farmland_ln/instances/instance_4_300_1229.pddl
PATTY,farmland_ln,files/farmland_ln/domain.pddl,files/farmland_ln/instances/instance_4_400_1229.pddl
PATTY-BV,farmland_ln,files/farmland_ln/domain.pddl,files/farmland_ln/instances/instance_4_400_1229.pddl
ENHSP,farmland_ln,files/farmland_ln/domain.pddl,files/farmland_ln/instances/instance_4_400_1229.pddl
PATTY,farmland_ln,files/farmland_ln/domain.pddl,files/farmland_ln/instances/instance_4_500_1229.pddl
PATTY-BV,farmland_ln,files/farmland_ln/domain.pddl,files/farmland_ln/instances/instance_4_500_1229.pddl
ENHSP,farmland_ln,files/farmland_ln/domain.pddl,files/farmland_ln/instances/instance_4_500_1229.pddl
PATTY,farmland_ln,files/farmland_ln/domain.pddl,files/farmland_ln/instances/instance_4_600_1229.pddl
PATTY-BV,farmland_ln,files/farmland_ln/domain.pddl,files/farmland_ln/instances/instance_4_600_1229.pddl
ENHSP,farmland_ln,files/farmland_ln/domain.pddl,files/farmland_ln/instances/instance_4_600_1229.pddl
PATTY,farmland_ln,files/farmland_ln/domain.pddl,files/farmland_ln/instances/instance_4_700_1229.pddl
PATTY-BV,farmland_ln,files/farmland_ln/domain.pddl,files/farmland_ln/instances/instance_4_700_1229.pddl
ENHSP,farmland_ln,files/farmland_ln/domain.pddl,files/farmland_ln/instances/instance_4_700_1229.pddl
PATTY,farmland_ln,files/farmland_ln/domain.pddl,files/farmland_ln/instances/instance_4_800_1229.pddl
PATTY-BV,farmland_ln,files/farmland_ln/domain.pddl,files/farmland_ln/instances/instance_4_800_1229.pddl
ENHSP,farmland_ln,files/farmland_ln/domain.pddl,files/farmland_ln/instances/instance_4_800_1229.pddl
PATTY,farmland_ln,files/farmland_ln/domain.pddl,files/farmland_ln/instances/instance_4_900_1229.pddl
PATTY-BV,farmland_ln,files/farmland_ln/domain.pddl,files/farmland_ln/instances/instance_4_900_1229.pddl
ENHSP,farmland_ln,files/farmland_ln/domain.pddl,files/farmland_ln/instances/instance_4_900_1229.pddl
PATTY,farmland_ln,files/farmland_ln/domain.pddl,files/farmland_ln/instances/instance_6_1000_1229.pddl
PATTY-BV,farmland_ln,files/farmland_ln/domain.pddl,files/farmland_ln/instances/instance_6_1000_1229.pddl
ENHSP,farmland_ln,files/farmland_ln/domain.pddl,files/farmland_ln/instances/instance_6_1000_1229.pddl
PATTY,farmland_ln,files/farmland_ln/domain.pddl,files/farmland_ln/instances/instance_6_100_1229.pddl
PATTY-BV,farmland_ln,files/farmland_ln/domain.pddl,files/farmland_ln/instances/instance_6_100_1229.pddl
ENHSP,farmland_ln,files/farmland_ln/domain.pddl,files/farmland_ln/instances/instance_6_100_1229.pddl
PATTY,farmland_ln,files/farmland_ln/domain.pddl,files/farmland_ln/instances/instance_6_200_1229.pddl
PATTY-BV,farmland_ln,files/farmland_ln/domain.pddl,files/farmland_ln/instances/instance_6_200_1229.pddl
ENHSP,farmland_ln,files/farmland_ln/domain.pddl,files/farmland_ln/instances/instance_6_200_1229.pddl
PATTY,farmland_ln,files/farmland_ln/domain.pddl,files/farmland_ln/instances/instance_6_300_1229.pddl
PATTY-BV,farmland_ln,files/farmland_ln/domain.pddl,files/farmland_ln/instances/instance_6_300_1229.pddl
ENHSP,farmland_ln,files/farmland_ln/domain.pddl,files/farmland_ln/instances/instance_6_300_1229.pddl
PATTY,farmland_ln,files/farmland_ln/domain.pddl,files/farmland_ln/instances/instance_6_400_1229.pddl
PATTY-BV,farmland_ln,files/farmland_ln/domain.pddl,files/farmland_ln/instances/instance_6_400_1229.pddl
ENHSP,farmland_ln,files/farmland_ln/domain.pddl,files/farmland_ln/instances/instance_6_400_1229.pddl
PATTY,farmland_ln,files/farmland_ln/domain.pddl,files/farmland_ln/instances/instance_6_500_1229.pddl
PATTY-BV,farmland_ln,files/farmland_ln/domain.pddl,files/farmland_ln/instances/instance_6_500_1229.pddl
ENHSP,farmland_ln,files/farmland_ln/domain.pddl,files/farmland_ln/instances/instance_6_500_1229.pddl
PATTY,farmland_ln,files/farmland_ln/domain.pddl,files/farmland_ln/instances/instance_6_600_1229.pddl
PATTY-BV,farmland_ln,files/farmland_ln/domain.pddl,files/farmland_ln/instances/instance_6_600_1229.pddl
ENHSP,farmland_ln,files/farmland_ln/domain.pddl,files/farmland_ln/instances/instance_6_600_1229.pddl
PATTY,farmland_ln,files/farmland_ln/domain.pddl,files/farmland_ln/instances/instance_6_700_1229.pddl
PATTY-BV,farmland_ln,files/farmland_ln/domain.pddl,files/farmland_ln/instances/instance_6_700_1229.pddl
ENHSP,farmland_ln,files/farmland_ln/domain.pddl,files/farmland_ln/instances/instance_6_700_1229.pddl
PATTY,farmland_ln,files/farmland_ln/domain.pddl,files/farmland_ln/instances/instance_6_800_1229.pddl
PATTY-BV,farmland_ln,files/farmland_ln/domain.pddl,files/farmland_ln/instances/instance_6_800_1229.pddl
ENHSP,farmland_ln,files/farmland_ln/domain.pddl,files/farmland_ln/instances/instance_6_800_1229.pddl
PATTY,farmland_ln,files/farmland_ln/domain.pddl,files/farmland_ln/instances/instance_6_900_1229.pddl
PATTY-BV,farmland_ln,files/farmland_ln/domain.pddl,files/farmland_ln/instances/instance_6_900_1229.pddl
ENHSP,farmland_ln,files/farmland_ln/domain.pddl,files/farmland_ln/instances/instance_6_900_1229.pddl
PATTY,farmland_ln,files/farmland_ln/domain.pddl,files/farmland_ln/instances/instance_8_1000_1229.pddl
PATTY-BV,farmland_ln,files/farmland_ln/domain.pddl,files/farmland_ln/instances/instance_8_1000_1229.pddl
ENHSP,farmland_ln,files/farmland_ln/domain.pddl,files/farmland_ln/instances/instance_8_1000_1229.pddl
PATTY,farmland_ln,files/farmland_ln/domain.pddl,files/farmland_ln/instances/instance_8_100_1229.pddl
PATTY-BV,farmland_ln,files/farmland_ln/domain.pddl,files/farmland_ln/instances/instance_8_100_1229.pddl
ENHSP,farmland_ln,files/farmland_ln/domain.pddl,files/farmland_ln/instances/instance_8_100_1229.pddl
PATTY,farmland_ln,files/farmland_ln/domain.pddl,files/farmland_ln/instances/instance_8_200_1229.pddl
PATTY-BV,farmland_ln,files/farmland_ln/domain.pddl,files/farmland_ln/instances/instance_8_200_1229.pddl
ENHSP,farmland_ln,files/farmland_ln/domain.pddl,files/farmland_ln/instances/instance_8_200_1229.pddl
PATTY,farmland_ln,files/farmland_ln/domain.pddl,files/farmland_ln/instances/instance_8_300_1229.pddl
PATTY-BV,farmland_ln,files/farmland_ln/domain.pddl,files/farmland_ln/instances/instance_8_300_1229.pddl
ENHSP,farmland_ln,files/farmland_ln/domain.pddl,files/farmland_ln/instances/instance_8_300_1229.pddl
PATTY,farmland_ln,files/farmland_ln/domain.pddl,files/farmland_ln/instances/instance_8_400_1229.pddl
PATTY-BV,farmland_ln,files/farmland_ln/domain.pddl,files/farmland_ln/instances/instance_8_400_1229.pddl
ENHSP,farmland_ln,files/farmland_ln/domain.pddl,files/farmland_ln/instances/instance_8_400_1229.pddl
PATTY,farmland_ln,files/farmland_ln/domain.pddl,files/farmland_ln/instances/instance_8_500_1229.pddl
PATTY-BV,farmland_ln,files/farmland_ln/domain.pddl,files/farmland_ln/instances/instance_8_500_1229.pddl
ENHSP,farmland_ln,files/farmland_ln/domain.pddl,files/farmland_ln/instances/instance_8_500_1229.pddl
PATTY,farmland_ln,files/farmland_ln/domain.pddl,files/farmland_ln/instances/instance_8_600_1229.pddl
PATTY-BV,farmland_ln,files/farmland_ln/domain.pddl,files/farmland_ln/instances/instance_8_600_1229.pddl
ENHSP,farmland_ln,files/farmland_ln/domain.pddl,files/farmland_ln/instances/instance_8_600_1229.pddl
PATTY,farmland_ln,files/farmland_ln/domain.pddl,files/farmland_ln/instances/instance_8_700_1229.pddl
PATTY-BV,farmland_ln,files/farmland_ln/domain.pddl,files/farmland_ln/instances/instance_8_700_1229.pddl
ENHSP,farmland_ln,files/farmland_ln/domain.pddl,files/farmland_ln/instances/instance_8_700_1229.pddl
PATTY,farmland_ln,files/farmland_ln/domain.pddl,files/farmland_ln/instances/instance_8_800_1229.pddl
PATTY-BV,farmland_ln,files/farmland_ln/domain.pddl,files/farmland_ln/instances/instance_8_800_1229.pddl
ENHSP,farmland_ln,files/farmland_ln/domain.pddl,files/farmland_ln/instances/instance_8_800_1229.pddl
PATTY,farmland_ln,files/farmland_ln/domain.pddl,files/farmland_ln/instances/instance_8_900_1229.pddl
PATTY-BV,farmland_ln,files/farmland_ln/domain.pddl,files/farmland_ln/instances/instance_8_900_1229.pddl
ENHSP,farmland_ln,files/farmland_ln/domain.pddl,files/farmland_ln/instances/instance_8_900_1229.pddl
PATTY,fn-counters,files/fn-counters/domain.pddl,files/fn-counters/instances/instance_12.pddl
PATTY-BV,fn-counters,files/fn-counters/domain.pddl,files/fn-counters/instances/instance_12.pddl
ENHSP,fn-counters,files/fn-counters/domain.pddl,files/fn-counters/instances/instance_12.pddl
PATTY,fn-counters,files/fn-counters/domain.pddl,files/fn-counters/instances/instance_16.pddl
PATTY-BV,fn-counters,files/fn-counters/domain.pddl,files/fn-counters/instances/instance_16.pddl
ENHSP,fn-counters,files/fn-counters/domain.pddl,files/fn-counters/instances/instance_16.pddl
PATTY,fn-counters,files/fn-counters/domain.pddl,files/fn-counters/instances/instance_2.pddl
PATTY-BV,fn-counters,files/fn-counters/domain.pddl,files/fn-counters/instances/instance_2.pddl
ENHSP,fn-counters,files/fn-counters/domain.pddl,files/fn-counters/instances/instance_2.pddl
PATTY,fn-counters,files/fn-counters/domain.pddl,files/fn-counters/instances/instance_20.pddl
PATTY-BV,fn-counters,files/fn-counters/domain.pddl,files/fn-counters/instances/instance_20.pddl
ENHSP,fn-counters,files/fn-counters/domain.pddl,files/fn-counters/instances/instance_20.pddl
PATTY,fn-counters,files/fn-counters/domain.pddl,files/fn-counters/instances/instance_24.pddl
PATTY-BV,fn-counters,files/fn-counters/domain.pddl,files/fn-counters/instances/instance_24.pddl
ENHSP,fn-counters,files/fn-counters/domain.pddl,files/fn-counters/instances/instance_24.pddl
PATTY,fn-counters,files/fn-counters/domain.pddl,files/fn-counters/instances/instance_28.pddl
PATTY-BV,fn-counters,files/fn-counters/domain.pddl,files/fn-counters/instances/instance_28.pddl
ENHSP,fn-counters,files/fn-counters/domain.pddl,files/fn-counters/instances/instance_28.pddl
PATTY,fn-counters,files/fn-counters/domain.pddl,files/fn-counters/instances/instance_32.pddl
PATTY-BV,fn-counters,files/fn-counters/domain.pddl,files/fn-counters/instances/instance_32.pddl
ENHSP,fn-counters,files/fn-counters/domain.pddl,files/fn-counters/instances/instance_32.pddl
PATTY,fn-counters,files/fn-counters/domain.pddl,files/fn-counters/instances/instance_36.pddl
PATTY-BV,fn-counters,files/fn-counters/domain.pddl,files/fn-counters/instances/instance_36.pddl
ENHSP,fn-counters,files/fn-counters/domain.pddl,files/fn-counters/instances/instance_36.pddl
PATTY,fn-counters,files/fn-counters/domain.pddl,files/fn-counters/instances/instance_4.pddl
PATTY-BV,fn-counters,files/fn-counters/domain.pddl,files/fn-counters/instances/instance_4.pddl
ENHSP,fn-counters,files/fn-counters/domain.pddl,files/fn-counters/instances/instance_4.pddl
PATTY,fn-counters,files/fn-counters/domain.pddl,files/fn-counters/instances/instance_40.pddl
PATTY-BV,fn-counters,files/fn-counters/domain.pddl,files/fn-counters/instances/instance_40.pddl
ENHSP,fn-counters,files/fn-counters/domain.pddl,files/fn-counters/instances/instance_40.pddl
PATTY,fn-counters,files/fn-counters/domain.pddl,files/fn-counters/instances/instance_8.pddl
PATTY-BV,fn-counters,files/fn-counters/domain.pddl,files/fn-counters/instances/instance_8.pddl
ENHSP,fn-counters,files/fn-counters/domain.pddl,files/fn-counters/instances/instance_8.pddl
PATTY,fn-counters-inv,files/fn-counters-inv/domain.pddl,files/fn-counters-inv/instances/instance_12.pddl
PATTY-BV,fn-counters-inv,files/fn-counters-inv/domain.pddl,files/fn-counters-inv/instances/instance_12.pddl
ENHSP,fn-counters-inv,files/fn-counters-inv/domain.pddl,files/fn-counters-inv/instances/instance_12.pddl
PATTY,fn-counters-inv,files/fn-counters-inv/domain.pddl,files/fn-counters-inv/instances/instance_16.pddl
PATTY-BV,fn-counters-inv,files/fn-counters-inv/domain.pddl,files/fn-counters-inv/instances/instance_16.pddl
ENHSP,fn-counters-inv,files/fn-counters-inv/domain.pddl,files/fn-counters-inv/instances/instance_16.pddl
PATTY,fn-counters-inv,files/fn-counters-inv/domain.pddl,files/fn-counters-inv/instances/instance_2.pddl
PATTY-BV,fn-counters-inv,files/fn-counters-inv/domain.pddl,files/fn-counters-inv/instances/instance_2.pddl
ENHSP,fn-counters-inv,files/fn-counters-inv/domain.pddl,files/fn-counters-inv/instances/instance_2.pddl
PATTY,fn-counters-inv,files/fn-counters-inv/domain.pddl,files/fn-counters-inv/instances/instance_20.pddl
PATTY-BV,fn-counters-inv,files/fn-counters-inv/domain.pddl,files/fn-counters-inv/instances/instance_20.pddl
ENHSP,fn-counters-inv,files/fn-counters-inv/domain.pddl,files/fn-counters-inv/instances/instance_20.pddl
PATTY,fn-counters-inv,files/fn-counters-inv/domain.pddl,files/fn-counters-inv/instances/instance_24.pddl
PATTY-BV,fn-counters-inv,files/fn-counters-inv/domain.pddl,files/fn-counters-inv/instances/instance_24.pddl
ENHSP,fn-counters-inv,files/fn-counters-inv/domain.pddl,files/fn-counters-inv/instances/instance_24.pddl
PATTY,fn-counters-inv,files/fn-counters-inv/domain.pddl,files/fn-counters-inv/instances/instance_28.pddl
PATTY-BV,fn-counters-inv,files/fn-counters-inv/domain.pddl,files/fn-counters-inv/instances/instance_28.pddl
ENHSP,fn-counters-inv,files/fn-counters-inv/domain.pddl,files/fn-counters-inv/instances/instance_28.pddl
PATTY,fn-counters-inv,files/fn-counters-inv/domain.pddl,files/fn-counters-inv/instances/instance_32.pddl
PATTY-BV,fn-counters-inv,files/fn-counters-inv/domain.pddl,files/fn-counters-inv/instances/instance_32.pddl
ENHSP,fn-counters-inv,files/fn-counters-inv/domain.pddl,files/fn-counters-inv/instances/instance_32.pddl
PATTY,fn-counters-inv,files/fn-counters-inv/domain.pddl,files/fn-counters-inv/instances/instance_36.pddl
PATTY-BV,fn-counters-inv,files/fn-counters-inv/domain.pddl,files/fn-counters-inv/instances/instance_36.pddl
ENHSP,fn-counters-inv,files/fn-counters-inv/domain.pddl,files/fn-counters-inv/instances/instance_36.pddl
PATTY,fn-counters-inv,files/fn-counters-inv/domain.pddl,files/fn-counters-inv/instances/instance_4.pddl
PATTY-BV,fn-counters-inv,files/fn-counters-inv/domain.pddl,files/fn-counters-inv/instances/instance_4.pddl
ENHSP,fn-counters-inv,files/fn-counters-inv/domain.pddl,files/fn-counters-inv/instances/instance_4.pddl
PATTY,fn-counters-inv,files/fn-counters-inv/domain.pddl,files/fn-counters-inv/instances/instance_40.pddl
PATTY-BV,fn-counters-inv,files/fn-counters-inv/domain.pddl,files/fn-counters-inv/instances/instance_40.pddl
ENHSP,fn-counters-inv,files/fn-counters-inv/domain.pddl,files/fn-counters-inv/instances/instance_40.pddl
PATTY,fn-counters-inv,files/fn-counters-inv/domain.pddl,files/fn-counters-inv/instances/instance_8.pddl
PATTY-BV,fn-counters-inv,files/fn-counters-inv/domain.pddl,files/fn-counters-inv/instances/instance_8.pddl
ENHSP,fn-counters-inv,files/fn-counters-inv/domain.pddl,files/fn-counters-inv/instances/instance_8.pddl
PATTY,fn-counters-rnd,files/fn-counters-rnd/domain.pddl,files/fn-counters-rnd/instances/instance_12_1.pddl
PATTY-BV,fn-counters-rnd,files/fn-counters-rnd/domain.pddl,files/fn-counters-rnd/instances/instance_12_1.pddl
ENHSP,fn-counters-rnd,files/fn-counters-rnd/domain.pddl,files/fn-counters-rnd/instances/instance_12_1.pddl
PATTY,fn-counters-rnd,files/fn-counters-rnd/domain.pddl,files/fn-counters-rnd/instances/instance_12_2.pddl
PATTY-BV,fn-counters-rnd,files/fn-counters-rnd/domain.pddl,files/fn-counters-rnd/instances/instance_12_2.pddl
ENHSP,fn-counters-rnd,files/fn-counters-rnd/domain.pddl,files/fn-counters-rnd/instances/instance_12_2.pddl
PATTY,fn-counters-rnd,files/fn-counters-rnd/domain.pddl,files/fn-counters-rnd/instances/instance_12_3.pddl
PATTY-BV,fn-counters-rnd,files/fn-counters-rnd/domain.pddl,files/fn-counters-rnd/instances/instance_12_3.pddl
ENHSP,fn-counters-rnd,files/fn-counters-rnd/domain.pddl,files/fn-counters-rnd/instances/instance_12_3.pddl
PATTY,fn-counters-rnd,files/fn-counters-rnd/domain.pddl,files/fn-counters-rnd/instances/instance_16_1.pddl
PATTY-BV,fn-counters-rnd,files/fn-counters-rnd/domain.pddl,files/fn-counters-rnd/instances/instance_16_1.pddl
ENHSP,fn-counters-rnd,files/fn-counters-rnd/domain.pddl,files/fn-counters-rnd/instances/instance_16_1.pddl
PATTY,fn-counters-rnd,files/fn-counters-rnd/domain.pddl,files/fn-counters-rnd/instances/instance_16_2.pddl
PATTY-BV,fn-counters-rnd,files/fn-counters-rnd/domain.pddl,files/fn-counters-rnd/instances/instance_16_2.pddl
ENHSP,fn-counters-rnd,files/fn-counters-rnd/domain.pddl,files/fn-counters-rnd/instances/instance_16_2.pddl
PATTY,fn-counters-rnd,files/fn-counters-rnd/domain.pddl,files/fn-counters-rnd/instances/instance_16_3.pddl
PATTY-BV,fn-counters-rnd,files/fn-counters-rnd/domain.pddl,files/fn-counters-rnd/instances/instance_16_3.pddl
ENHSP,fn-counters-rnd,files/fn-counters-rnd/domain.pddl,files/fn-counters-rnd/instances/instance_16_3.pddl
PATTY,fn-counters-rnd,files/fn-counters-rnd/domain.pddl,files/fn-counters-rnd/instances/instance_20_1.pddl
PATTY-BV,fn-counters-rnd,files/fn-counters-rnd/domain.pddl,files/fn-counters-rnd/instances/instance_20_1.pddl
ENHSP,fn-counters-rnd,files/fn-counters-rnd/domain.pddl,files/fn-counters-rnd/instances/instance_20_1.pddl
PATTY,fn-counters-rnd,files/fn-counters-rnd/domain.pddl,files/fn-counters-rnd/instances/instance_20_2.pddl
PATTY-BV,fn-counters-rnd,files/fn-counters-rnd/domain.pddl,files/fn-counters-rnd/instances/instance_20_2.pddl
ENHSP,fn-counters-rnd,files/fn-counters-rnd/domain.pddl,files/fn-counters-rnd/instances/instance_20_2.pddl
PATTY,fn-counters-rnd,files/fn-counters-rnd/domain.pddl,files/fn-counters-rnd/instances/instance_20_3.pddl
PATTY-BV,fn-counters-rnd,files/fn-counters-rnd/domain.pddl,files/fn-counters-rnd/instances/instance_20_3.pddl
ENHSP,fn-counters-rnd,files/fn-counters-rnd/domain.pddl,files/fn-counters-rnd/instances/instance_20_3.pddl
PATTY,fn-counters-rnd,files/fn-counters-rnd/domain.pddl,files/fn-counters-rnd/instances/instance_24_1.pddl
PATTY-BV,fn-counters-rnd,files/fn-counters-rnd/domain.pddl,files/fn-counters-rnd/instances/instance_24_1.pddl
ENHSP,fn-counters-rnd,files/fn-counters-rnd/domain.pddl,files/fn-counters-rnd/instances/instance_24_1.pddl
PATTY,fn-counters-rnd,files/fn-counters-rnd/domain.pddl,files/fn-counters-rnd/instances/instance_24_2.pddl
PATTY-BV,fn-counters-rnd,files/fn-counters-rnd/domain.pddl,files/fn-counters-rnd/instances/instance_24_2.pddl
ENHSP,fn-counters-rnd,files/fn-counters-rnd/domain.pddl,files/fn-counters-rnd/instances/instance_24_2.pddl
PATTY,fn-counters-rnd,files/fn-counters-rnd/domain.pddl,files/fn-counters-rnd/instances/instance_24_3.pddl
PATTY-BV,fn-counters-rnd,files/fn-counters-rnd/domain.pddl,files/fn-counters-rnd/instances/instance_24_3.pddl
ENHSP,fn-counters-rnd,files/fn-counters-rnd/domain.pddl,files/fn-counters-rnd/instances/instance_24_3.pddl
PATTY,fn-counters-rnd,files/fn-counters-rnd/domain.pddl,files/fn-counters-rnd/instances/instance_28_1.pddl
PATTY-BV,fn-counters-rnd,files/fn-counters-rnd/domain.pddl,files/fn-counters-rnd/instances/instance_28_1.pddl
ENHSP,fn-counters-rnd,files/fn-counters-rnd/domain.pddl,files/fn-counters-rnd/instances/instance_28_1.pddl
PATTY,fn-counters-rnd,files/fn-counters-rnd/domain.pddl,files/fn-counters-rnd/instances/instance_28_2.pddl
PATTY-BV,fn-counters-rnd,files/fn-counters-rnd/domain.pddl,files/fn-counters-rnd/instances/instance_28_2.pddl
ENHSP,fn-counters-rnd,files/fn-counters-rnd/domain.pddl,files/fn-counters-rnd/instances/instance_28_2.pddl
PATTY,fn-counters-rnd,files/fn-counters-rnd/domain.pddl,files/fn-counters-rnd/instances/instance_28_3.pddl
PATTY-BV,fn-counters-rnd,files/fn-counters-rnd/domain.pddl,files/fn-counters-rnd/instances/instance_28_3.pddl
ENHSP,fn-counters-rnd,files/fn-counters-rnd/domain.pddl,files/fn-counters-rnd/instances/instance_28_3.pddl
PATTY,fn-counters-rnd,files/fn-counters-rnd/domain.pddl,files/fn-counters-rnd/instances/instance_2_1.pddl
PATTY-BV,fn-counters-rnd,files/fn-counters-rnd/domain.pddl,files/fn-counters-rnd/instances/instance_2_1.pddl
ENHSP,fn-counters-rnd,files/fn-counters-rnd/domain.pddl,files/fn-counters-rnd/instances/instance_2_1.pddl
PATTY,fn-counters-rnd,files/fn-counters-rnd/domain.pddl,files/fn-counters-rnd/instances/instance_2_2.pddl
PATTY-BV,fn-counters-rnd,files/fn-counters-rnd/domain.pddl,files/fn-counters-rnd/instances/instance_2_2.pddl
ENHSP,fn-counters-rnd,files/fn-counters-rnd/domain.pddl,files/fn-counters-rnd/instances/instance_2_2.pddl
PATTY,fn-counters-rnd,files/fn-counters-rnd/domain.pddl,files/fn-counters-rnd/instances/instance_2_3.pddl
PATTY-BV,fn-counters-rnd,files/fn-counters-rnd/domain.pddl,files/fn-counters-rnd/instances/instance_2_3.pddl
ENHSP,fn-counters-rnd,files/fn-counters-rnd/domain.pddl,files/fn-counters-rnd/instances/instance_2_3.pddl
PATTY,fn-counters-rnd,files/fn-counters-rnd/domain.pddl,files/fn-counters-rnd/instances/instance_32_1.pddl
PATTY-BV,fn-counters-rnd,files/fn-counters-rnd/domain.pddl,files/fn-counters-rnd/instances/instance_32_1.pddl
ENHSP,fn-counters-rnd,files/fn-counters-rnd/domain.pddl,files/fn-counters-rnd/instances/instance_32_1.pddl
PATTY,fn-counters-rnd,files/fn-counters-rnd/domain.pddl,files/fn-counters-rnd/instances/instance_32_2.pddl
PATTY-BV,fn-counters-rnd,files/fn-counters-rnd/domain.pddl,files/fn-counters-rnd/instances/instance_32_2.pddl
ENHSP,fn-counters-rnd,files/fn-counters-rnd/domain.pddl,files/fn-counters-rnd/instances/instance_32_2.pddl
PATTY,fn-counters-rnd,files/fn-counters-rnd/domain.pddl,files/fn-counters-rnd/instances/instance_32_3.pddl
PATTY-BV,fn-counters-rnd,files/fn-counters-rnd/domain.pddl,files/fn-counters-rnd/instances/instance_32_3.pddl
ENHSP,fn-counters-rnd,files/fn-counters-rnd/domain.pddl,files/fn-counters-rnd/instances/instance_32_3.pddl
PATTY,fn-counters-rnd,files/fn-counters-rnd/domain.pddl,files/fn-counters-rnd/instances/instance_36_1.pddl
PATTY-BV,fn-counters-rnd,files/fn-counters-rnd/domain.pddl,files/fn-counters-rnd/instances/instance_36_1.pddl
ENHSP,fn-counters-rnd,files/fn-counters-rnd/domain.pddl,files/fn-counters-rnd/instances/instance_36_1.pddl
PATTY,fn-counters-rnd,files/fn-counters-rnd/domain.pddl,files/fn-counters-rnd/instances/instance_36_2.pddl
PATTY-BV,fn-counters-rnd,files/fn-counters-rnd/domain.pddl,files/fn-counters-rnd/instances/instance_36_2.pddl
ENHSP,fn-counters-rnd,files/fn-counters-rnd/domain.pddl,files/fn-counters-rnd/instances/instance_36_2.pddl
PATTY,fn-counters-rnd,files/fn-counters-rnd/domain.pddl,files/fn-counters-rnd/instances/instance_36_3.pddl
PATTY-BV,fn-counters-rnd,files/fn-counters-rnd/domain.pddl,files/fn-counters-rnd/instances/instance_36_3.pddl
ENHSP,fn-counters-rnd,files/fn-counters-rnd/domain.pddl,files/fn-counters-rnd/instances/instance_36_3.pddl
PATTY,fn-counters-rnd,files/fn-counters-rnd/domain.pddl,files/fn-counters-rnd/instances/instance_40_1.pddl
PATTY-BV,fn-counters-rnd,files/fn-counters-rnd/domain.pddl,files/fn-counters-rnd/instances/instance_40_1.pddl
ENHSP,fn-counters-rnd,files/fn-counters-rnd/domain.pddl,files/fn-counters-rnd/instances/instance_40_1.pddl
PATTY,fn-counters-rnd,files/fn-counters-rnd/domain.pddl,files/fn-counters-rnd/instances/instance_40_2.pddl
PATTY-BV,fn-counters-rnd,files/fn-counters-rnd/domain.pddl,files/fn-counters-rnd/instances/instance_40_2.pddl
ENHSP,fn-counters-rnd,files/fn-counters-rnd/domain.pddl,files/fn-counters-rnd/instances/instance_40_2.pddl
PATTY,fn-counters-rnd,files/fn-counters-rnd/domain.pddl,files/fn-counters-rnd/instances/instance_40_3.pddl
PATTY-BV,fn-counters-rnd,files/fn-counters-rnd/domain.pddl,files/fn-counters-rnd/instances/instance_40_3.pddl
ENHSP,fn-counters-rnd,files/fn-counters-rnd/domain.pddl,files/fn-counters-rnd/instances/instance_40_3.pddl
PATTY,fn-counters-rnd,files/fn-counters-rnd/domain.pddl,files/fn-counters-rnd/instances/instance_4_1.pddl
PATTY-BV,fn-counters-rnd,files/fn-counters-rnd/domain.pddl,files/fn-counters-rnd/instances/instance_4_1.pddl
ENHSP,fn-counters-rnd,files/fn-counters-rnd/domain.pddl,files/fn-counters-rnd/instances/instance_4_1.pddl
PATTY,fn-counters-rnd,files/fn-counters-rnd/domain.pddl,files/fn-counters-rnd/instances/instance_4_2.pddl
PATTY-BV,fn-counters-rnd,files/fn-counters-rnd/domain.pddl,files/fn-counters-rnd/instances/instance_4_2.pddl
ENHSP,fn-counters-rnd,files/fn-counters-rnd/domain.pddl,files/fn-counters-rnd/instances/instance_4_2.pddl
PATTY,fn-counters-rnd,files/fn-counters-rnd/domain.pddl,files/fn-counters-rnd/instances/instance_4_3.pddl
PATTY-BV,fn-counters-rnd,files/fn-counters-rnd/domain.pddl,files/fn-counters-rnd/instances/instance_4_3.pddl
ENHSP,fn-counters-rnd,files/fn-counters-rnd/domain.pddl,files/fn-counters-rnd/instances/instance_4_3.pddl
PATTY,fn-counters-rnd,files/fn-counters-rnd/domain.pddl,files/fn-counters-rnd/instances/instance_8_1.pddl
PATTY-BV,fn-counters-rnd,files/fn-counters-rnd/domain.pddl,files/fn-counters-rnd/instances/instance_8_1.pddl
ENHSP,fn-counters-rnd,files/fn-counters-rnd/domain.pddl,files/fn-counters-rnd/instances/instance_8_1.pddl
PATTY,fn-counters-rnd,files/fn-counters-rnd/domain.pddl,files/fn-counters-rnd/instances/instance_8_2.pddl
PATTY-BV,fn-counters-rnd,files/fn-counters-rnd/domain.pddl,files/fn-counters-rnd/instances/instance_8_2.pddl
ENHSP,fn-counters-rnd,files/fn-counters-rnd/domain.pddl,files/fn-counters-rnd/instances/instance_8_2.pddl
PATTY,fn-counters-rnd,files/fn-counters-rnd/domain.pddl,files/fn-counters-rnd/instances/instance_8_3.pddl
PATTY-BV,fn-counters-rnd,files/fn-counters-rnd/domain.pddl,files/fn-counters-rnd/instances/instance_8_3.pddl
ENHSP,fn-counters-rnd,files/fn-counters-rnd/domain.pddl,files/fn-counters-rnd/instances/instance_8_3.pddl
PATTY,gardening,files/gardening/domain.pddl,files/gardening/instances/instance_10_1_1.pddl
PATTY-BV,gardening,files/gardening/domain.pddl,files/gardening/instances/instance_10_1_1.pddl
ENHSP,gardening,files/gardening/domain.pddl,files/gardening/instances/instance_10_1_1.pddl
PATTY,gardening,files/gardening/domain.pddl,files/gardening/instances/instance_10_1_2.pddl
PATTY-BV,gardening,files/gardening/domain.pddl,files/gardening/instances/instance_10_1_2.pddl
ENHSP,gardening,files/gardening/domain.pddl,files/gardening/instances/instance_10_1_2.pddl
PATTY,gardening,files/gardening/domain.pddl,files/gardening/instances/instance_10_1_3.pddl
PATTY-BV,gardening,files/gardening/domain.pddl,files/gardening/instances/instance_10_1_3.pddl
ENHSP,gardening,files/gardening/domain.pddl,files/gardening/instances/instance_10_1_3.pddl
PATTY,gardening,files/gardening/domain.pddl,files/gardening/instances/instance_10_2_1.pddl
PATTY-BV,gardening,files/gardening/domain.pddl,files/gardening/instances/instance_10_2_1.pddl
ENHSP,gardening,files/gardening/domain.pddl,files/gardening/instances/instance_10_2_1.pddl
PATTY,gardening,files/gardening/domain.pddl,files/gardening/instances/instance_10_2_2.pddl
PATTY-BV,gardening,files/gardening/domain.pddl,files/gardening/instances/instance_10_2_2.pddl
ENHSP,gardening,files/gardening/domain.pddl,files/gardening/instances/instance_10_2_2.pddl
PATTY,gardening,files/gardening/domain.pddl,files/gardening/instances/instance_10_2_3.pddl
PATTY-BV,gardening,files/gardening/domain.pddl,files/gardening/instances/instance_10_2_3.pddl
ENHSP,gardening,files/gardening/domain.pddl,files/gardening/instances/instance_10_2_3.pddl
PATTY,gardening,files/gardening/domain.pddl,files/gardening/instances/instance_10_3_1.pddl
PATTY-BV,gardening,files/gardening/domain.pddl,files/gardening/instances/instance_10_3_1.pddl
ENHSP,gardening,files/gardening/domain.pddl,files/gardening/instances/instance_10_3_1.pddl
PATTY,gardening,files/gardening/domain.pddl,files/gardening/instances/instance_10_3_2.pddl
PATTY-BV,gardening,files/gardening/domain.pddl,files/gardening/instances/instance_10_3_2.pddl
ENHSP,gardening,files/gardening/domain.pddl,files/gardening/instances/instance_10_3_2.pddl
PATTY,gardening,files/gardening/domain.pddl,files/gardening/instances/instance_10_3_3.pddl
PATTY-BV,gardening,files/gardening/domain.pddl,files/gardening/instances/instance_10_3_3.pddl
ENHSP,gardening,files/gardening/domain.pddl,files/gardening/instances/instance_10_3_3.pddl
PATTY,gardening,files/gardening/domain.pddl,files/gardening/instances/instance_4_1_1.pddl
PATTY-BV,gardening,files/gardening/domain.pddl,files/gardening/instances/instance_4_1_1.pddl
ENHSP,gardening,files/gardening/domain.pddl,files/gardening/instances/instance_4_1_1.pddl
PATTY,gardening,files/gardening/domain.pddl,files/gardening/instances/instance_4_1_2.pddl
PATTY-BV,gardening,files/gardening/domain.pddl,files/gardening/instances/instance_4_1_2.pddl
ENHSP,gardening,files/gardening/domain.pddl,files/gardening/instances/instance_4_1_2.pddl
PATTY,gardening,files/gardening/domain.pddl,files/gardening/instances/instance_4_1_3.pddl
PATTY-BV,gardening,files/gardening/domain.pddl,files/gardening/instances/instance_4_1_3.pddl
ENHSP,gardening,files/gardening/domain.pddl,files/gardening/instances/instance_4_1_3.pddl
PATTY,gardening,files/gardening/domain.pddl,files/gardening/instances/instance_4_2_1.pddl
PATTY-BV,gardening,files/gardening/domain.pddl,files/gardening/instances/instance_4_2_1.pddl
ENHSP,gardening,files/gardening/domain.pddl,files/gardening/instances/instance_4_2_1.pddl
PATTY,gardening,files/gardening/domain.pddl,files/gardening/instances/instance_4_2_2.pddl
PATTY-BV,gardening,files/gardening/domain.pddl,files/gardening/instances/instance_4_2_2.pddl
ENHSP,gardening,files/gardening/domain.pddl,files/gardening/instances/instance_4_2_2.pddl
PATTY,gardening,files/gardening/domain.pddl,files/gardening/instances/instance_4_2_3.pddl
PATTY-BV,gardening,files/gardening/domain.pddl,files/gardening/instances/instance_4_2_3.pddl
ENHSP,gardening,files/gardening/domain.pddl,files/gardening/instances/instance_4_2_3.pddl
PATTY,gardening,files/gardening/domain.pddl,files/gardening/instances/instance_4_3_1.pddl
PATTY-BV,gardening,files/gardening/domain.pddl,files/gardening/instances/instance_4_3_1.pddl
ENHSP,gardening,files/gardening/domain.pddl,files/gardening/instances/instance_4_3_1.pddl
PATTY,gardening,files/gardening/domain.pddl,files/gardening/instances/instance_4_3_2.pddl
PATTY-BV,gardening,files/gardening/domain.pddl,files/gardening/instances/instance_4_3_2.pddl
ENHSP,gardening,files/gardening/domain.pddl,files/gardening/instances/instance_4_3_2.pddl
PATTY,gardening,files/gardening/domain.pddl,files/gardening/instances/instance_4_3_3.pddl
PATTY-BV,gardening,files/gardening/domain.pddl,files/gardening/instances/instance_4_3_3.pddl
ENHSP,gardening,files/gardening/domain.pddl,files/gardening/instances/instance_4_3_3.pddl
PATTY,gardening,files/gardening/domain.pddl,files/gardening/instances/instance_5_1_1.pddl
PATTY-BV,gardening,files/gardening/domain.pddl,files/gardening/instances/instance_5_1_1.pddl
ENHSP,gardening,files/gardening/domain.pddl,files/gardening/instances/instance_5_1_1.pddl
PATTY,gardening,files/gardening/domain.pddl,files/gardening/instances/instance_5_1_2.pddl
PATTY-BV,gardening,files/gardening/domain.pddl,files/gardening/instances/instance_5_1_2.pddl
ENHSP,gardening,files/gardening/domain.pddl,files/gardening/instances/instance_5_1_2.pddl
PATTY,gardening,files/gardening/domain.pddl,files/gardening/instances/instance_5_1_3.pddl
PATTY-BV,gardening,files/gardening/domain.pddl,files/gardening/instances/instance_5_1_3.pddl
ENHSP,gardening,files/gardening/domain.pddl,files/gardening/instances/instance_5_1_3.pddl
PATTY,gardening,files/gardening/domain.pddl,files/gardening/instances/instance_5_2_1.pddl
PATTY-BV,gardening,files/gardening/domain.pddl,files/gardening/instances/instance_5_2_1.pddl
ENHSP,gardening,files/gardening/domain.pddl,files/gardening/instances/instance_5_2_1.pddl
PATTY,gardening,files/gardening/domain.pddl,files/gardening/instances/instance_5_2_2.pddl
PATTY-BV,gardening,files/gardening/domain.pddl,files/gardening/instances/instance_5_2_2.pddl
ENHSP,gardening,files/gardening/domain.pddl,files/gardening/instances/instance_5_2_2.pddl
PATTY,gardening,files/gardening/domain.pddl,files/gardening/instances/instance_5_2_3.pddl
PATTY-BV,gardening,files/gardening/domain.pddl,files/gardening/instances/instance_5_2_3.pddl
ENHSP,gardening,files/gardening/domain.pddl,files/gardening/instances/instance_5_2_3.pddl
PATTY,gardening,files/gardening/domain.pddl,files/gardening/instances/instance_5_3_1.pddl
PATTY-BV,gardening,files/gardening/domain.pddl,files/gardening/instances/instance_5_3_1.pddl
ENHSP,gardening,files/gardening/domain.pddl,files/gardening/instances/instance_5_3_1.pddl
PATTY,gardening,files/gardening/domain.pddl,files/gardening/instances/instance_5_3_2.pddl
PATTY-BV,gardening,files/gardening/domain.pddl,files/gardening/instances/instance_5_3_2.pddl
ENHSP,gardening,files/gardening/domain.pddl,files/gardening/instances/instance_5_3_2.pddl
PATTY,gardening,files/gardening/domain.pddl,files/gardening/instances/instance_5_3_3.pddl
PATTY-BV,gardening,files/gardening/domain.pddl,files/gardening/instances/instance_5_3_3.pddl
ENHSP,gardening,files/gardening/domain.pddl,files/gardening/instances/instance_5_3_3.pddl
PATTY,gardening,files/gardening/domain.pddl,files/gardening/instances/instance_6_1_1.pddl
PATTY-BV,gardening,files/gardening/domain.pddl,files/gardening/instances/instance_6_1_1.pddl
ENHSP,gardening,files/gardening/domain.pddl,files/gardening/instances/instance_6_1_1.pddl
PATTY,gardening,files/gardening/domain.pddl,files/gardening/instances/instance_6_1_2.pddl
PATTY-BV,gardening,files/gardening/domain.pddl,files/gardening/instances/instance_6_1_2.pddl
ENHSP,gardening,files/gardening/domain.pddl,files/gardening/instances/instance_6_1_2.pddl
PATTY,gardening,files/gardening/domain.pddl,files/gardening/instances/instance_6_1_3.pddl
PATTY-BV,gardening,files/gardening/domain.pddl,files/gardening/instances/instance_6_1_3.pddl
ENHSP,gardening,files/gardening/domain.pddl,files/gardening/instances/instance_6_1_3.pddl
PATTY,gardening,files/gardening/domain.pddl,files/gardening/instances/instance_6_2_1.pddl
PATTY-BV,gardening,files/gardening/domain.pddl,files/gardening/instances/instance_6_2_1.pddl
ENHSP,gardening,files/gardening/domain.pddl,files/gardening/instances/instance_6_2_1.pddl
PATTY,gardening,files/gardening/domain.pddl,files/gardening/instances/instance_6_2_2.pddl
PATTY-BV,gardening,files/gardening/domain.pddl,files/gardening/instances/instance_6_2_2.pddl
ENHSP,gardening,files/gardening/domain.pddl,files/gardening/instances/instance_6_2_2.pddl
PATTY,gardening,files/gardening/domain.pddl,files/gardening/instances/instance_6_2_3.pddl
PATTY-BV,gardening,files/gardening/domain.pddl,files/gardening/instances/instance_6_2_3.pddl
ENHSP,gardening,files/gardening/domain.pddl,files/gardening/instances/instance_6_2_3.pddl
PATTY,gardening,files/gardening/domain.pddl,files/gardening/instances/instance_6_3_1.pddl
PATTY-BV,gardening,files/gardening/domain.pddl,files/gardening/instances/instance_6_3_1.pddl
ENHSP,gardening,files/gardening/domain.pddl,files/gardening/instances/instance_6_3_1.pddl
PATTY,gardening,files/gardening/domain.pddl,files/gardening/instances/instance_6_3_2.pddl
PATTY-BV,gardening,files/gardening/domain.pddl,files/gardening/instances/instance_6_3_2.pddl
ENHSP,gardening,files/gardening/domain.pddl,files/gardening/instances/instance_6_3_2.pddl
PATTY,gardening,files/gardening/domain.pddl,files/gardening/instances/instance_6_3_3.pddl
PATTY-BV,gardening,files/gardening/domain.pddl,files/gardening/instances/instance_6_3_3.pddl
ENHSP,gardening,files/gardening/domain.pddl,files/gardening/instances/instance_6_3_3.pddl
PATTY,gardening,files/gardening/domain.pddl,files/gardening/instances/instance_7_1_1.pddl
PATTY-BV,gardening,files/gardening/domain.pddl,files/gardening/instances/instance_7_1_1.pddl
ENHSP,gardening,files/gardening/domain.pddl,files/gardening/instances/instance_7_1_1.pddl
PATTY,gardening,files/gardening/domain.pddl,files/gardening/instances/instance_7_1_2.pddl
PATTY-BV,gardening,files/gardening/domain.pddl,files/gardening/instances/instance_7_1_2.pddl
ENHSP,gardening,files/gardening/domain.pddl,files/gardening/instances/instance_7_1_2.pddl
PATTY,gardening,files/gardening/domain.pddl,files/gardening/instances/instance_7_1_3.pddl
PATTY-BV,gardening,files/gardening/domain.pddl,files/gardening/instances/instance_7_1_3.pddl
ENHSP,gardening,files/gardening/domain.pddl,files/gardening/instances/instance_7_1_3.pddl
PATTY,gardening,files/gardening/domain.pddl,files/gardening/instances/instance_7_2_1.pddl
PATTY-BV,gardening,files/gardening/domain.pddl,files/gardening/instances/instance_7_2_1.pddl
ENHSP,gardening,files/gardening/domain.pddl,files/gardening/instances/instance_7_2_1.pddl
PATTY,gardening,files/gardening/domain.pddl,files/gardening/instances/instance_7_2_2.pddl
PATTY-BV,gardening,files/gardening/domain.pddl,files/gardening/instances/instance_7_2_2.pddl
ENHSP,gardening,files/gardening/domain.pddl,files/gardening/instances/instance_7_2_2.pddl
PATTY,gardening,files/gardening/domain.pddl,files/gardening/instances/instance_7_2_3.pddl
PATTY-BV,gardening,files/gardening/domain.pddl,files/gardening/instances/instance_7_2_3.pddl
ENHSP,gardening,files/gardening/domain.pddl,files/gardening/instances/instance_7_2_3.pddl
PATTY,gardening,files/gardening/domain.pddl,files/gardening/instances/instance_7_3_1.pddl
PATTY-BV,gardening,files/gardening/domain.pddl,files/gardening/instances/instance_7_3_1.pddl
ENHSP,gardening,files/gardening/domain.pddl,files/gardening/instances/instance_7_3_1.pddl
PATTY,gardening,files/gardening/domain.pddl,files/gardening/instances/instance_7_3_2.pddl
PATTY-BV,gardening,files/gardening/domain.pddl,files/gardening/instances/instance_7_3_2.pddl
ENHSP,gardening,files/gardening/domain.pddl,files/gardening/instances/instance_7_3_2.pddl
PATTY,gardening,files/gardening/domain.pddl,files/gardening/instances/instance_7_3_3.pddl
PATTY-BV,gardening,files/gardening/domain.pddl,files/gardening/instances/instance_7_3_3.pddl
ENHSP,gardening,files/gardening/domain.pddl,files/gardening/instances/instance_7_3_3.pddl
PATTY,gardening,files/gardening/domain.pddl,files/gardening/instances/instance_8_1_1.pddl
PATTY-BV,gardening,files/gardening/domain.pddl,files/gardening/instances/instance_8_1_1.pddl
ENHSP,gardening,files/gardening/domain.pddl,files/gardening/instances/instance_8_1_1.pddl
PATTY,gardening,files/gardening/domain.pddl,files/gardening/instances/instance_8_1_2.pddl
PATTY-BV,gardening,files/gardening/domain.pddl,files/gardening/instances/instance_8_1_2.pddl
ENHSP,gardening,files/gardening/domain.pddl,files/gardening/instances/instance_8_1_2.pddl
PATTY,gardening,files/gardening/domain.pddl,files/gardening/instances/instance_8_1_3.pddl
PATTY-BV,gardening,files/gardening/domain.pddl,files/gardening/instances/instance_8_1_3.pddl
ENHSP,gardening,files/gardening/domain.pddl,files/gardening/instances/instance_8_1_3.pddl
PATTY,gardening,files/gardening/domain.pddl,files/gardening/instances/instance_8_2_1.pddl
PATTY-BV,gardening,files/gardening/domain.pddl,files/gardening/instances/instance_8_2_1.pddl
ENHSP,gardening,files/gardening/domain.pddl,files/gardening/instances/instance_8_2_1.pddl
PATTY,gardening,files/gardening/domain.pddl,files/gardening/instances/instance_8_2_2.pddl
PATTY-BV,gardening,files/gardening/domain.pddl,files/gardening/instances/instance_8_2_2.pddl
ENHSP,gardening,files/gardening/domain.pddl,files/gardening/instances/instance_8_2_2.pddl
PATTY,gardening,files/gardening/domain.pddl,files/gardening/instances/instance_8_2_3.pddl
PATTY-BV,gardening,files/gardening/domain.pddl,files/gardening/instances/instance_8_2_3.pddl
ENHSP,gardening,files/gardening/domain.pddl,files/gardening/instances/instance_8_2_3.pddl
PATTY,gardening,files/gardening/domain.pddl,files/gardening/instances/instance_8_3_1.pddl
PATTY-BV,gardening,files/gardening/domain.pddl,files/gardening/instances/instance_8_3_1.pddl
ENHSP,gardening,files/gardening/domain.pddl,files/gardening/instances/instance_8_3_1.pddl
PATTY,gardening,files/gardening/domain.pddl,files/gardening/instances/instance_8_3_2.pddl
PATTY-BV,gardening,files/gardening/domain.pddl,files/gardening/instances/instance_8_3_2.pddl
ENHSP,gardening,files/gardening/domain.pddl,files/gardening/instances/instance_8_3_2.pddl
PATTY,gardening,files/gardening/domain.pddl,files/gardening/instances/instance_8_3_3.pddl
PATTY-BV,gardening,files/gardening/domain.pddl,files/gardening/instances/instance_8_3_3.pddl
ENHSP,gardening,files/gardening/domain.pddl,files/gardening/instances/instance_8_3_3.pddl
PATTY,gardening,files/gardening/domain.pddl,files/gardening/instances/instance_9_1_1.pddl
PATTY-BV,gardening,files/gardening/domain.pddl,files/gardening/instances/instance_9_1_1.pddl
ENHSP,gardening,files/gardening/domain.pddl,files/gardening/instances/instance_9_1_1.pddl
PATTY,gardening,files/gardening/domain.pddl,files/gardening/instances/instance_9_1_2.pddl
PATTY-BV,gardening,files/gardening/domain.pddl,files/gardening/instances/instance_9_1_2.pddl
ENHSP,gardening,files/gardening/domain.pddl,files/gardening/instances/instance_9_1_2.pddl
PATTY,gardening,files/gardening/domain.pddl,files/gardening/instances/instance_9_1_3.pddl
PATTY-BV,gardening,files/gardening/domain.pddl,files/gardening/instances/instance_9_1_3.pddl
ENHSP,gardening,files/gardening/domain.pddl,files/gardening/instances/instance_9_1_3.pddl
PATTY,gardening,files/gardening/domain.pddl,files/gardening/instances/instance_9_2_1.pddl
PATTY-BV,gardening,files/gardening/domain.pddl,files/gardening/instances/instance_9_2_1.pddl
ENHSP,gardening,files/gardening/domain.pddl,files/gardening/instances/instance_9_2_1.pddl
PATTY,gardening,files/gardening/domain.pddl,files/gardening/instances/instance_9_2_2.pddl
PATTY-BV,gardening,files/gardening/domain.pddl,files/gardening/instances/instance_9_2_2.pddl
ENHSP,gardening,files/gardening/domain.pddl,files/gardening/instances/instance_9_2_2.pddl
PATTY,gardening,files/gardening/domain.pddl,files/gardening/instances/instance_9_2_3.pddl
PATTY-BV,gardening,files/gardening/domain.pddl,files/gardening/instances/instance_9_2_3.pddl
ENHSP,gardening,files/gardening/domain.pddl,files/gardening/instances/instance_9_2_3.pddl
PATTY,gardening,files/gardening/domain.pddl,files/gardening/instances/instance_9_3_1.pddl
PATTY-BV,gardening,files/gardening/domain.pddl,files/gardening/instances/instance_9_3_1.pddl
ENHSP,gardening,files/gardening/domain.pddl,files/gardening/instances/instance_9_3_1.pddl
PATTY,gardening,files/gardening/domain.pddl,files/gardening/instances/instance_9_3_2.pddl
PATTY-BV,gardening,files/gardening/domain.pddl,files/gardening/instances/instance_9_3_2.pddl
ENHSP,gardening,files/gardening/domain.pddl,files/gardening/instances/instance_9_3_2.pddl
PATTY,gardening,files/gardening/domain.pddl,files/gardening/instances/instance_9_3_3.pddl
PATTY-BV,gardening,files/gardening/domain.pddl,files/gardening/instances/instance_9_3_3.pddl
ENHSP,gardening,files/gardening/domain.pddl,files/gardening/instances/instance_9_3_3.pddl
PATTY,gripper,files/gripper/domain.pddl,files/gripper/instances/prob01.pddl
PATTY-BV,gripper,files/gripper/domain.pddl,files/gripper/instances/prob01.pddl
ENHSP,gripper,files/gripper/domain.pddl,files/gripper/instances/prob01.pddl
PATTY,gripper,files/gripper/domain.pddl,files/gripper/instances/prob02.pddl
PATTY-BV,gripper,files/gripper/domain.pddl,files/gripper/instances/prob02.pddl
ENHSP,gripper,files/gripper/domain.pddl,files/gripper/instances/prob02.pddl
PATTY,gripper,files/gripper/domain.pddl,files/gripper/instances/prob03.pddl
PATTY-BV,gripper,files/gripper/domain.pddl,files/gripper/instances/prob03.pddl
ENHSP,gripper,files/gripper/domain.pddl,files/gripper/instances/prob03.pddl
PATTY,gripper,files/gripper/domain.pddl,files/gripper/instances/prob04.pddl
PATTY-BV,gripper,files/gripper/domain.pddl,files/gripper/instances/prob04.pddl
ENHSP,gripper,files/gripper/domain.pddl,files/gripper/instances/prob04.pddl
PATTY,gripper,files/gripper/domain.pddl,files/gripper/instances/prob05.pddl
PATTY-BV,gripper,files/gripper/domain.pddl,files/gripper/instances/prob05.pddl
ENHSP,gripper,files/gripper/domain.pddl,files/gripper/instances/prob05.pddl
PATTY,gripper,files/gripper/domain.pddl,files/gripper/instances/prob06.pddl
PATTY-BV,gripper,files/gripper/domain.pddl,files/gripper/instances/prob06.pddl
ENHSP,gripper,files/gripper/domain.pddl,files/gripper/instances/prob06.pddl
PATTY,gripper,files/gripper/domain.pddl,files/gripper/instances/prob07.pddl
PATTY-BV,gripper,files/gripper/domain.pddl,files/gripper/instances/prob07.pddl
ENHSP,gripper,files/gripper/domain.pddl,files/gripper/instances/prob07.pddl
PATTY,gripper,files/gripper/domain.pddl,files/gripper/instances/prob08.pddl
PATTY-BV,gripper,files/gripper/domain.pddl,files/gripper/instances/prob08.pddl
ENHSP,gripper,files/gripper/domain.pddl,files/gripper/instances/prob08.pddl
PATTY,gripper,files/gripper/domain.pddl,files/gripper/instances/prob09.pddl
PATTY-BV,gripper,files/gripper/domain.pddl,files/gripper/instances/prob09.pddl
ENHSP,gripper,files/gripper/domain.pddl,files/gripper/instances/prob09.pddl
PATTY,gripper,files/gripper/domain.pddl,files/gripper/instances/prob10.pddl
PATTY-BV,gripper,files/gripper/domain.pddl,files/gripper/instances/prob10.pddl
ENHSP,gripper,files/gripper/domain.pddl,files/gripper/instances/prob10.pddl
PATTY,gripper,files/gripper/domain.pddl,files/gripper/instances/prob11.pddl
PATTY-BV,gripper,files/gripper/domain.pddl,files/gripper/instances/prob11.pddl
ENHSP,gripper,files/gripper/domain.pddl,files/gripper/instances/prob11.pddl
PATTY,gripper,files/gripper/domain.pddl,files/gripper/instances/prob12.pddl
PATTY-BV,gripper,files/gripper/domain.pddl,files/gripper/instances/prob12.pddl
ENHSP,gripper,files/gripper/domain.pddl,files/gripper/instances/prob12.pddl
PATTY,gripper,files/gripper/domain.pddl,files/gripper/instances/prob13.pddl
PATTY-BV,gripper,files/gripper/domain.pddl,files/gripper/instances/prob13.pddl
ENHSP,gripper,files/gripper/domain.pddl,files/gripper/instances/prob13.pddl
PATTY,gripper,files/gripper/domain.pddl,files/gripper/instances/prob14.pddl
PATTY-BV,gripper,files/gripper/domain.pddl,files/gripper/instances/prob14.pddl
ENHSP,gripper,files/gripper/domain.pddl,files/gripper/instances/prob14.pddl
PATTY,gripper,files/gripper/domain.pddl,files/gripper/instances/prob15.pddl
PATTY-BV,gripper,files/gripper/domain.pddl,files/gripper/instances/prob15.pddl
ENHSP,gripper,files/gripper/domain.pddl,files/gripper/instances/prob15.pddl
PATTY,gripper,files/gripper/domain.pddl,files/gripper/instances/prob16.pddl
PATTY-BV,gripper,files/gripper/domain.pddl,files/gripper/instances/prob16.pddl
ENHSP,gripper,files/gripper/domain.pddl,files/gripper/instances/prob16.pddl
PATTY,gripper,files/gripper/domain.pddl,files/gripper/instances/prob17.pddl
PATTY-BV,gripper,files/gripper/domain.pddl,files/gripper/instances/prob17.pddl
ENHSP,gripper,files/gripper/domain.pddl,files/gripper/instances/prob17.pddl
PATTY,gripper,files/gripper/domain.pddl,files/gripper/instances/prob18.pddl
PATTY-BV,gripper,files/gripper/domain.pddl,files/gripper/instances/prob18.pddl
ENHSP,gripper,files/gripper/domain.pddl,files/gripper/instances/prob18.pddl
PATTY,gripper,files/gripper/domain.pddl,files/gripper/instances/prob19.pddl
PATTY-BV,gripper,files/gripper/domain.pddl,files/gripper/instances/prob19.pddl
ENHSP,gripper,files/gripper/domain.pddl,files/gripper/instances/prob19.pddl
PATTY,gripper,files/gripper/domain.pddl,files/gripper/instances/prob20.pddl
PATTY-BV,gripper,files/gripper/domain.pddl,files/gripper/instances/prob20.pddl
ENHSP,gripper,files/gripper/domain.pddl,files/gripper/instances/prob20.pddl
PATTY,hanoi,files/hanoi/domain.pddl,files/hanoi/instances/pb1.pddl
PATTY-BV,hanoi,files/hanoi/domain.pddl,files/hanoi/instances/pb1.pddl
ENHSP,hanoi,files/hanoi/domain.pddl,files/hanoi/instances/pb1.pddl
PATTY,hanoi,files/hanoi/domain.pddl,files/hanoi/instances/pb2.pddl
PATTY-BV,hanoi,files/hanoi/domain.pddl,files/hanoi/instances/pb2.pddl
ENHSP,hanoi,files/hanoi/domain.pddl,files/hanoi/instances/pb2.pddl
PATTY,hanoi,files/hanoi/domain.pddl,files/hanoi/instances/pb3.pddl
PATTY-BV,hanoi,files/hanoi/domain.pddl,files/hanoi/instances/pb3.pddl
ENHSP,hanoi,files/hanoi/domain.pddl,files/hanoi/instances/pb3.pddl
PATTY,hanoi,files/hanoi/domain.pddl,files/hanoi/instances/pb4.pddl
PATTY-BV,hanoi,files/hanoi/domain.pddl,files/hanoi/instances/pb4.pddl
ENHSP,hanoi,files/hanoi/domain.pddl,files/hanoi/instances/pb4.pddl
PATTY,hanoi,files/hanoi/domain.pddl,files/hanoi/instances/pb5.pddl
PATTY-BV,hanoi,files/hanoi/domain.pddl,files/hanoi/instances/pb5.pddl
ENHSP,hanoi,files/hanoi/domain.pddl,files/hanoi/instances/pb5.pddl
PATTY,hanoi,files/hanoi/domain.pddl,files/hanoi/instances/pb6.pddl
PATTY-BV,hanoi,files/hanoi/domain.pddl,files/hanoi/instances/pb6.pddl
ENHSP,hanoi,files/hanoi/domain.pddl,files/hanoi/instances/pb6.pddl
PATTY,ipc-2023/block-grouping,files/ipc-2023/block-grouping/domain.pddl,files/ipc-2023/block-grouping/instances/instance_100_20_5_1.pddl
PATTY-BV,ipc-2023/block-grouping,files/ipc-2023/block-grouping/domain.pddl,files/ipc-2023/block-grouping/instances/instance_100_20_5_1.pddl
ENHSP,ipc-2023/block-grouping,files/ipc-2023/block-grouping/domain.pddl,files/ipc-2023/block-grouping/instances/instance_100_20_5_1.pddl
PATTY,ipc-2023/block-grouping,files/ipc-2023/block-grouping/domain.pddl,files/ipc-2023/block-grouping/instances/instance_100_25_6_2.pddl
PATTY-BV,ipc-2023/block-grouping,files/ipc-2023/block-grouping/domain.pddl,files/ipc-2023/block-grouping/instances/instance_100_25_6_2.pddl
ENHSP,ipc-2023/block-grouping,files/ipc-2023/block-grouping/domain.pddl,files/ipc-2023/block-grouping/instances/instance_100_25_6_2.pddl
PATTY,ipc-2023/block-grouping,files/ipc-2023/block-grouping/domain.pddl,files/ipc-2023/block-grouping/instances/instance_11_10_2_3.pddl
PATTY-BV,ipc-2023/block-grouping,files/ipc-2023/block-grouping/domain.pddl,files/ipc-2023/block-grouping/instances/instance_11_10_2_3.pddl
ENHSP,ipc-2023/block-grouping,files/ipc-2023/block-grouping/domain.pddl,files/ipc-2023/block-grouping/instances/instance_11_10_2_3.pddl
PATTY,ipc-2023/block-grouping,files/ipc-2023/block-grouping/domain.pddl,files/ipc-2023/block-grouping/instances/instance_11_30_7_2.pddl
PATTY-BV,ipc-2023/block-grouping,files/ipc-2023/block-grouping/domain.pddl,files/ipc-2023/block-grouping/instances/instance_11_30_7_2.pddl
ENHSP,ipc-2023/block-grouping,files/ipc-2023/block-grouping/domain.pddl,files/ipc-2023/block-grouping/instances/instance_11_30_7_2.pddl
PATTY,ipc-2023/block-grouping,files/ipc-2023/block-grouping/domain.pddl,files/ipc-2023/block-grouping/instances/instance_11_35_8_3.pddl
PATTY-BV,ipc-2023/block-grouping,files/ipc-2023/block-grouping/domain.pddl,files/ipc-2023/block-grouping/instances/instance_11_35_8_3.pddl
ENHSP,ipc-2023/block-grouping,files/ipc-2023/block-grouping/domain.pddl,files/ipc-2023/block-grouping/instances/instance_11_35_8_3.pddl
PATTY,ipc-2023/block-grouping,files/ipc-2023/block-grouping/domain.pddl,files/ipc-2023/block-grouping/instances/instance_11_40_10_1.pddl
PATTY-BV,ipc-2023/block-grouping,files/ipc-2023/block-grouping/domain.pddl,files/ipc-2023/block-grouping/instances/instance_11_40_10_1.pddl
ENHSP,ipc-2023/block-grouping,files/ipc-2023/block-grouping/domain.pddl,files/ipc-2023/block-grouping/instances/instance_11_40_10_1.pddl
PATTY,ipc-2023/block-grouping,files/ipc-2023/block-grouping/domain.pddl,files/ipc-2023/block-grouping/instances/instance_15_10_2_3.pddl
PATTY-BV,ipc-2023/block-grouping,files/ipc-2023/block-grouping/domain.pddl,files/ipc-2023/block-grouping/instances/instance_15_10_2_3.pddl
ENHSP,ipc-2023/block-grouping,files/ipc-2023/block-grouping/domain.pddl,files/ipc-2023/block-grouping/instances/instance_15_10_2_3.pddl
PATTY,ipc-2023/block-grouping,files/ipc-2023/block-grouping/domain.pddl,files/ipc-2023/block-grouping/instances/instance_15_25_6_3.pddl
PATTY-BV,ipc-2023/block-grouping,files/ipc-2023/block-grouping/domain.pddl,files/ipc-2023/block-grouping/instances/instance_15_25_6_3.pddl
ENHSP,ipc-2023/block-grouping,files/ipc-2023/block-grouping/domain.pddl,files/ipc-2023/block-grouping/instances/instance_15_25_6_3.pddl
PATTY,ipc-2023/block-grouping,files/ipc-2023/block-grouping/domain.pddl,files/ipc-2023/block-grouping/instances/instance_20_10_2_1.pddl
PATTY-BV,ipc-2023/block-grouping,files/ipc-2023/block-grouping/domain.pddl,files/ipc-2023/block-grouping/instances/instance_20_10_2_1.pddl
ENHSP,ipc-2023/block-grouping,files/ipc-2023/block-grouping/domain.pddl,files/ipc-2023/block-grouping/instances/instance_20_10_2_1.pddl
PATTY,ipc-2023/block-grouping,files/ipc-2023/block-grouping/domain.pddl,files/ipc-2023/block-grouping/instances/instance_20_10_2_3.pddl
PATTY-BV,ipc-2023/block-grouping,files/ipc-2023/block-grouping/domain.pddl,files/ipc-2023/block-grouping/instances/instance_20_10_2_3.pddl
ENHSP,ipc-2023/block-grouping,files/ipc-2023/block-grouping/domain.pddl,files/ipc-2023/block-grouping/instances/instance_20_10_2_3.pddl
PATTY,ipc-2023/block-grouping,files/ipc-2023/block-grouping/domain.pddl,files/ipc-2023/block-grouping/instances/instance_20_15_3_2.pddl
PATTY-BV,ipc-2023/block-grouping,files/ipc-2023/block-grouping/domain.pddl,files/ipc-2023/block-grouping/instances/instance_20_15_3_2.pddl
ENHSP,ipc-2023/block-grouping,files/ipc-2023/block-grouping/domain.pddl,files/ipc-2023/block-grouping/instances/instance_20_15_3_2.pddl
PATTY,ipc-2023/block-grouping,files/ipc-2023/block-grouping/domain.pddl,files/ipc-2023/block-grouping/instances/instance_20_30_7_2.pddl
PATTY-BV,ipc-2023/block-grouping,files/ipc-2023/block-grouping/domain.pddl,files/ipc-2023/block-grouping/instances/instance_20_30_7_2.pddl
ENHSP,ipc-2023/block-grouping,files/ipc-2023/block-grouping/domain.pddl,files/ipc-2023/block-grouping/instances/instance_20_30_7_2.pddl
PATTY,ipc-2023/block-grouping,files/ipc-2023/block-grouping/domain.pddl,files/ipc-2023/block-grouping/instances/instance_20_40_10_2.pddl
PATTY-BV,ipc-2023/block-grouping,files/ipc-2023/block-grouping/domain.pddl,files/ipc-2023/block-grouping/instances/instance_20_40_10_2.pddl
ENHSP,ipc-2023/block-grouping,files/ipc-2023/block-grouping/domain.pddl,files/ipc-2023/block-grouping/instances/instance_20_40_10_2.pddl
PATTY,ipc-2023/block-grouping,files/ipc-2023/block-grouping/domain.pddl,files/ipc-2023/block-grouping/instances/instance_20_5_2_1.pddl
PATTY-BV,ipc-2023/block-grouping,files/ipc-2023/block-grouping/domain.pddl,files/ipc-2023/block-grouping/instances/instance_20_5_2_1.pddl
ENHSP,ipc-2023/block-grouping,files/ipc-2023/block-grouping/domain.pddl,files/ipc-2023/block-grouping/instances/instance_20_5_2_1.pddl
PATTY,ipc-2023/block-grouping,files/ipc-2023/block-grouping/domain.pddl,files/ipc-2023/block-grouping/instances/instance_20_5_2_2.pddl
PATTY-BV,ipc-2023/block-grouping,files/ipc-2023/block-grouping/domain.pddl,files/ipc-2023/block-grouping/instances/instance_20_5_2_2.pddl
ENHSP,ipc-2023/block-grouping,files/ipc-2023/block-grouping/domain.pddl,files/ipc-2023/block-grouping/instances/instance_20_5_2_2.pddl
PATTY,ipc-2023/block-grouping,files/ipc-2023/block-grouping/domain.pddl,files/ipc-2023/block-grouping/instances/instance_25_15_3_1.pddl
PATTY-BV,ipc-2023/block-grouping,files/ipc-2023/block-grouping/domain.pddl,files/ipc-2023/block-grouping/instances/instance_25_15_3_1.pddl
ENHSP,ipc-2023/block-grouping,files/ipc-2023/block-grouping/domain.pddl,files/ipc-2023/block-grouping/instances/instance_25_15_3_1.pddl
PATTY,ipc-2023/block-grouping,files/ipc-2023/block-grouping/domain.pddl,files/ipc-2023/block-grouping/instances/instance_25_35_8_1.pddl
PATTY-BV,ipc-2023/block-grouping,files/ipc-2023/block-grouping/domain.pddl,files/ipc-2023/block-grouping/instances/instance_25_35_8_1.pddl
ENHSP,ipc-2023/block-grouping,files/ipc-2023/block-grouping/domain.pddl,files/ipc-2023/block-grouping/instances/instance_25_35_8_1.pddl
PATTY,ipc-2023/block-grouping,files/ipc-2023/block-grouping/domain.pddl,files/ipc-2023/block-grouping/instances/instance_25_40_10_3.pddl
PATTY-BV,ipc-2023/block-grouping,files/ipc-2023/block-grouping/domain.pddl,files/ipc-2023/block-grouping/instances/instance_25_40_10_3.pddl
ENHSP,ipc-2023/block-grouping,files/ipc-2023/block-grouping/domain.pddl,files/ipc-2023/block-grouping/instances/instance_25_40_10_3.pddl
PATTY,ipc-2023/block-grouping,files/ipc-2023/block-grouping/domain.pddl,files/ipc-2023/block-grouping/instances/instance_5_25_6_1.pddl
PATTY-BV,ipc-2023/block-grouping,files/ipc-2023/block-grouping/domain.pddl,files/ipc-2023/block-grouping/instances/instance_5_25_6_1.pddl
ENHSP,ipc-2023/block-grouping,files/ipc-2023/block-grouping/domain.pddl,files/ipc-2023/block-grouping/instances/instance_5_25_6_1.pddl
PATTY,ipc-2023/block-grouping,files/ipc-2023/block-grouping/domain.pddl,files/ipc-2023/block-grouping/instances/instance_7_10_2_1.pddl
PATTY-BV,ipc-2023/block-grouping,files/ipc-2023/block-grouping/domain.pddl,files/ipc-2023/block-grouping/instances/instance_7_10_2_1.pddl
ENHSP,ipc-2023/block-grouping,files/ipc-2023/block-grouping/domain.pddl,files/ipc-2023/block-grouping/instances/instance_7_10_2_1.pddl
PATTY,ipc-2023/counters,files/ipc-2023/counters/domain.pddl,files/ipc-2023/counters/instances/fz_instance_12.pddl
PATTY-BV,ipc-2023/counters,files/ipc-2023/counters/domain.pddl,files/ipc-2023/counters/instances/fz_instance_12.pddl
ENHSP,ipc-2023/counters,files/ipc-2023/counters/domain.pddl,files/ipc-2023/counters/instances/fz_instance_12.pddl
PATTY,ipc-2023/counters,files/ipc-2023/counters/domain.pddl,files/ipc-2023/counters/instances/fz_instance_4.pddl
PATTY-BV,ipc-2023/counters,files/ipc-2023/counters/domain.pddl,files/ipc-2023/counters/instances/fz_instance_4.pddl
ENHSP,ipc-2023/counters,files/ipc-2023/counters/domain.pddl,files/ipc-2023/counters/instances/fz_instance_4.pddl
PATTY,ipc-2023/counters,files/ipc-2023/counters/domain.pddl,files/ipc-2023/counters/instances/fz_instance_40.pddl
PATTY-BV,ipc-2023/counters,files/ipc-2023/counters/domain.pddl,files/ipc-2023/counters/instances/fz_instance_40.pddl
ENHSP,ipc-2023/counters,files/ipc-2023/counters/domain.pddl,files/ipc-2023/counters/instances/fz_instance_40.pddl
PATTY,ipc-2023/counters,files/ipc-2023/counters/domain.pddl,files/ipc-2023/counters/instances/inv_instance_12.pddl
PATTY-BV,ipc-2023/counters,files/ipc-2023/counters/domain.pddl,files/ipc-2023/counters/instances/inv_instance_12.pddl
ENHSP,ipc-2023/counters,files/ipc-2023/counters/domain.pddl,files/ipc-2023/counters/instances/inv_instance_12.pddl
PATTY,ipc-2023/counters,files/ipc-2023/counters/domain.pddl,files/ipc-2023/counters/instances/inv_instance_16.pddl
PATTY-BV,ipc-2023/counters,files/ipc-2023/counters/domain.pddl,files/ipc-2023/counters/instances/inv_instance_16.pddl
ENHSP,ipc-2023/counters,files/ipc-2023/counters/domain.pddl,files/ipc-2023/counters/instances/inv_instance_16.pddl
PATTY,ipc-2023/counters,files/ipc-2023/counters/domain.pddl,files/ipc-2023/counters/instances/inv_instance_36.pddl
PATTY-BV,ipc-2023/counters,files/ipc-2023/counters/domain.pddl,files/ipc-2023/counters/instances/inv_instance_36.pddl
ENHSP,ipc-2023/counters,files/ipc-2023/counters/domain.pddl,files/ipc-2023/counters/instances/inv_instance_36.pddl
PATTY,ipc-2023/counters,files/ipc-2023/counters/domain.pddl,files/ipc-2023/counters/instances/inv_instance_4.pddl
PATTY-BV,ipc-2023/counters,files/ipc-2023/counters/domain.pddl,files/ipc-2023/counters/instances/inv_instance_4.pddl
ENHSP,ipc-2023/counters,files/ipc-2023/counters/domain.pddl,files/ipc-2023/counters/instances/inv_instance_4.pddl
PATTY,ipc-2023/counters,files/ipc-2023/counters/domain.pddl,files/ipc-2023/counters/instances/rnd_instance_12_3.pddl
PATTY-BV,ipc-2023/counters,files/ipc-2023/counters/domain.pddl,files/ipc-2023/counters/instances/rnd_instance_12_3.pddl
ENHSP,ipc-2023/counters,files/ipc-2023/counters/domain.pddl,files/ipc-2023/counters/instances/rnd_instance_12_3.pddl
PATTY,ipc-2023/counters,files/ipc-2023/counters/domain.pddl,files/ipc-2023/counters/instances/rnd_instance_20_1.pddl
PATTY-BV,ipc-2023/counters,files/ipc-2023/counters/domain.pddl,files/ipc-2023/counters/instances/rnd_instance_20_1.pddl
ENHSP,ipc-2023/counters,files/ipc-2023/counters/domain.pddl,files/ipc-2023/counters/instances/rnd_instance_20_1.pddl
PATTY,ipc-2023/counters,files/ipc-2023/counters/domain.pddl,files/ipc-2023/counters/instances/rnd_instance_24_1.pddl
PATTY-BV,ipc-2023/counters,files/ipc-2023/counters/domain.pddl,files/ipc-2023/counters/instances/rnd_instance_24_1.pddl
ENHSP,ipc-2023/counters,files/ipc-2023/counters/domain.pddl,files/ipc-2023/counters/instances/rnd_instance_24_1.pddl
PATTY,ipc-2023/counters,files/ipc-2023/counters/domain.pddl,files/ipc-2023/counters/instances/rnd_instance_28_1.pddl
PATTY-BV,ipc-2023/counters,files/ipc-2023/counters/domain.pddl,files/ipc-2023/counters/instances/rnd_instance_28_1.pddl
ENHSP,ipc-2023/counters,files/ipc-2023/counters/domain.pddl,files/ipc-2023/counters/instances/rnd_instance_28_1.pddl
PATTY,ipc-2023/counters,files/ipc-2023/counters/domain.pddl,files/ipc-2023/counters/instances/rnd_instance_32_1.pddl
PATTY-BV,ipc-2023/counters,files/ipc-2023/counters/domain.pddl,files/ipc-2023/counters/instances/rnd_instance_32_1.pddl
ENHSP,ipc-2023/counters,files/ipc-2023/counters/domain.pddl,files/ipc-2023/counters/instances/rnd_instance_32_1.pddl
PATTY,ipc-2023/counters,files/ipc-2023/counters/domain.pddl,files/ipc-2023/counters/instances/rnd_instance_32_2.pddl
PATTY-BV,ipc-2023/counters,files/ipc-2023/counters/domain.pddl,files/ipc-2023/counters/instances/rnd_instance_32_2.pddl
ENHSP,ipc-2023/counters,files/ipc-2023/counters/domain.pddl,files/ipc-2023/counters/instances/rnd_instance_32_2.pddl
PATTY,ipc-2023/counters,files/ipc-2023/counters/domain.pddl,files/ipc-2023/counters/instances/rnd_instance_36_2.pddl
PATTY-BV,ipc-2023/counters,files/ipc-2023/counters/domain.pddl,files/ipc-2023/counters/instances/rnd_instance_36_2.pddl
ENHSP,ipc-2023/counters,files/ipc-2023/counters/domain.pddl,files/ipc-2023/counters/instances/rnd_instance_36_2.pddl
PATTY,ipc-2023/counters,files/ipc-2023/counters/domain.pddl,files/ipc-2023/counters/instances/rnd_instance_40_1.pddl
PATTY-BV,ipc-2023/counters,files/ipc-2023/counters/domain.pddl,files/ipc-2023/counters/instances/rnd_instance_40_1.pddl
ENHSP,ipc-2023/counters,files/ipc-2023/counters/domain.pddl,files/ipc-2023/counters/instances/rnd_instance_40_1.pddl
PATTY,ipc-2023/counters,files/ipc-2023/counters/domain.pddl,files/ipc-2023/counters/instances/rnd_instance_40_2.pddl
PATTY-BV,ipc-2023/counters,files/ipc-2023/counters/domain.pddl,files/ipc-2023/counters/instances/rnd_instance_40_2.pddl
ENHSP,ipc-2023/counters,files/ipc-2023/counters/domain.pddl,files/ipc-2023/counters/instances/rnd_instance_40_2.pddl
PATTY,ipc-2023/counters,files/ipc-2023/counters/domain.pddl,files/ipc-2023/counters/instances/rnd_instance_40_3.pddl
PATTY-BV,ipc-2023/counters,files/ipc-2023/counters/domain.pddl,files/ipc-2023/counters/instances/rnd_instance_40_3.pddl
ENHSP,ipc-2023/counters,files/ipc-2023/counters/domain.pddl,files/ipc-2023/counters/instances/rnd_instance_40_3.pddl
PATTY,ipc-2023/counters,files/ipc-2023/counters/domain.pddl,files/ipc-2023/counters/instances/rnd_instance_4_1.pddl
PATTY-BV,ipc-2023/counters,files/ipc-2023/counters/domain.pddl,files/ipc-2023/counters/instances/rnd_instance_4_1.pddl
ENHSP,ipc-2023/counters,files/ipc-2023/counters/domain.pddl,files/ipc-2023/counters/instances/rnd_instance_4_1.pddl
PATTY,ipc-2023/counters,files/ipc-2023/counters/domain.pddl,files/ipc-2023/counters/instances/rnd_instance_8_2.pddl
PATTY-BV,ipc-2023/counters,files/ipc-2023/counters/domain.pddl,files/ipc-2023/counters/instances/rnd_instance_8_2.pddl
ENHSP,ipc-2023/counters,files/ipc-2023/counters/domain.pddl,files/ipc-2023/counters/instances/rnd_instance_8_2.pddl
PATTY,ipc-2023/counters,files/ipc-2023/counters/domain.pddl,files/ipc-2023/counters/instances/rnd_instance_8_3.pddl
PATTY-BV,ipc-2023/counters,files/ipc-2023/counters/domain.pddl,files/ipc-2023/counters/instances/rnd_instance_8_3.pddl
ENHSP,ipc-2023/counters,files/ipc-2023/counters/domain.pddl,files/ipc-2023/counters/instances/rnd_instance_8_3.pddl
PATTY,ipc-2023/delivery,files/ipc-2023/delivery/domain.pddl,files/ipc-2023/delivery/instances/prob01.pddl
PATTY-BV,ipc-2023/delivery,files/ipc-2023/delivery/domain.pddl,files/ipc-2023/delivery/instances/prob01.pddl
ENHSP,ipc-2023/delivery,files/ipc-2023/delivery/domain.pddl,files/ipc-2023/delivery/instances/prob01.pddl
PATTY,ipc-2023/delivery,files/ipc-2023/delivery/domain.pddl,files/ipc-2023/delivery/instances/prob02.pddl
PATTY-BV,ipc-2023/delivery,files/ipc-2023/delivery/domain.pddl,files/ipc-2023/delivery/instances/prob02.pddl
ENHSP,ipc-2023/delivery,files/ipc-2023/delivery/domain.pddl,files/ipc-2023/delivery/instances/prob02.pddl
PATTY,ipc-2023/delivery,files/ipc-2023/delivery/domain.pddl,files/ipc-2023/delivery/instances/prob03.pddl
PATTY-BV,ipc-2023/delivery,files/ipc-2023/delivery/domain.pddl,files/ipc-2023/delivery/instances/prob03.pddl
ENHSP,ipc-2023/delivery,files/ipc-2023/delivery/domain.pddl,files/ipc-2023/delivery/instances/prob03.pddl
PATTY,ipc-2023/delivery,files/ipc-2023/delivery/domain.pddl,files/ipc-2023/delivery/instances/prob04.pddl
PATTY-BV,ipc-2023/delivery,files/ipc-2023/delivery/domain.pddl,files/ipc-2023/delivery/instances/prob04.pddl
ENHSP,ipc-2023/delivery,files/ipc-2023/delivery/domain.pddl,files/ipc-2023/delivery/instances/prob04.pddl
PATTY,ipc-2023/delivery,files/ipc-2023/delivery/domain.pddl,files/ipc-2023/delivery/instances/prob05.pddl
PATTY-BV,ipc-2023/delivery,files/ipc-2023/delivery/domain.pddl,files/ipc-2023/delivery/instances/prob05.pddl
ENHSP,ipc-2023/delivery,files/ipc-2023/delivery/domain.pddl,files/ipc-2023/delivery/instances/prob05.pddl
PATTY,ipc-2023/delivery,files/ipc-2023/delivery/domain.pddl,files/ipc-2023/delivery/instances/prob06.pddl
PATTY-BV,ipc-2023/delivery,files/ipc-2023/delivery/domain.pddl,files/ipc-2023/delivery/instances/prob06.pddl
ENHSP,ipc-2023/delivery,files/ipc-2023/delivery/domain.pddl,files/ipc-2023/delivery/instances/prob06.pddl
PATTY,ipc-2023/delivery,files/ipc-2023/delivery/domain.pddl,files/ipc-2023/delivery/instances/prob07.pddl
PATTY-BV,ipc-2023/delivery,files/ipc-2023/delivery/domain.pddl,files/ipc-2023/delivery/instances/prob07.pddl
ENHSP,ipc-2023/delivery,files/ipc-2023/delivery/domain.pddl,files/ipc-2023/delivery/instances/prob07.pddl
PATTY,ipc-2023/delivery,files/ipc-2023/delivery/domain.pddl,files/ipc-2023/delivery/instances/prob08.pddl
PATTY-BV,ipc-2023/delivery,files/ipc-2023/delivery/domain.pddl,files/ipc-2023/delivery/instances/prob08.pddl
ENHSP,ipc-2023/delivery,files/ipc-2023/delivery/domain.pddl,files/ipc-2023/delivery/instances/prob08.pddl
PATTY,ipc-2023/delivery,files/ipc-2023/delivery/domain.pddl,files/ipc-2023/delivery/instances/prob09.pddl
PATTY-BV,ipc-2023/delivery,files/ipc-2023/delivery/domain.pddl,files/ipc-2023/delivery/instances/prob09.pddl
ENHSP,ipc-2023/delivery,files/ipc-2023/delivery/domain.pddl,files/ipc-2023/delivery/instances/prob09.pddl
PATTY,ipc-2023/delivery,files/ipc-2023/delivery/domain.pddl,files/ipc-2023/delivery/instances/prob10.pddl
PATTY-BV,ipc-2023/delivery,files/ipc-2023/delivery/domain.pddl,files/ipc-2023/delivery/instances/prob10.pddl
ENHSP,ipc-2023/delivery,files/ipc-2023/delivery/domain.pddl,files/ipc-2023/delivery/instances/prob10.pddl
PATTY,ipc-2023/delivery,files/ipc-2023/delivery/domain.pddl,files/ipc-2023/delivery/instances/prob11.pddl
PATTY-BV,ipc-2023/delivery,files/ipc-2023/delivery/domain.pddl,files/ipc-2023/delivery/instances/prob11.pddl
ENHSP,ipc-2023/delivery,files/ipc-2023/delivery/domain.pddl,files/ipc-2023/delivery/instances/prob11.pddl
PATTY,ipc-2023/delivery,files/ipc-2023/delivery/domain.pddl,files/ipc-2023/delivery/instances/prob12.pddl
PATTY-BV,ipc-2023/delivery,files/ipc-2023/delivery/domain.pddl,files/ipc-2023/delivery/instances/prob12.pddl
ENHSP,ipc-2023/delivery,files/ipc-2023/delivery/domain.pddl,files/ipc-2023/delivery/instances/prob12.pddl
PATTY,ipc-2023/delivery,files/ipc-2023/delivery/domain.pddl,files/ipc-2023/delivery/instances/prob13.pddl
PATTY-BV,ipc-2023/delivery,files/ipc-2023/delivery/domain.pddl,files/ipc-2023/delivery/instances/prob13.pddl
ENHSP,ipc-2023/delivery,files/ipc-2023/delivery/domain.pddl,files/ipc-2023/delivery/instances/prob13.pddl
PATTY,ipc-2023/delivery,files/ipc-2023/delivery/domain.pddl,files/ipc-2023/delivery/instances/prob14.pddl
PATTY-BV,ipc-2023/delivery,files/ipc-2023/delivery/domain.pddl,files/ipc-2023/delivery/instances/prob14.pddl
ENHSP,ipc-2023/delivery,files/ipc-2023/delivery/domain.pddl,files/ipc-2023/delivery/instances/prob14.pddl
PATTY,ipc-2023/delivery,files/ipc-2023/delivery/domain.pddl,files/ipc-2023/delivery/instances/prob15.pddl
PATTY-BV,ipc-2023/delivery,files/ipc-2023/delivery/domain.pddl,files/ipc-2023/delivery/instances/prob15.pddl
ENHSP,ipc-2023/delivery,files/ipc-2023/delivery/domain.pddl,files/ipc-2023/delivery/instances/prob15.pddl
PATTY,ipc-2023/delivery,files/ipc-2023/delivery/domain.pddl,files/ipc-2023/delivery/instances/prob16.pddl
PATTY-BV,ipc-2023/delivery,files/ipc-2023/delivery/domain.pddl,files/ipc-2023/delivery/instances/prob16.pddl
ENHSP,ipc-2023/delivery,files/ipc-2023/delivery/domain.pddl,files/ipc-2023/delivery/instances/prob16.pddl
PATTY,ipc-2023/delivery,files/ipc-2023/delivery/domain.pddl,files/ipc-2023/delivery/instances/prob17.pddl
PATTY-BV,ipc-2023/delivery,files/ipc-2023/delivery/domain.pddl,files/ipc-2023/delivery/instances/prob17.pddl
ENHSP,ipc-2023/delivery,files/ipc-2023/delivery/domain.pddl,files/ipc-2023/delivery/instances/prob17.pddl
PATTY,ipc-2023/delivery,files/ipc-2023/delivery/domain.pddl,files/ipc-2023/delivery/instances/prob18.pddl
PATTY-BV,ipc-2023/delivery,files/ipc-2023/delivery/domain.pddl,files/ipc-2023/delivery/instances/prob18.pddl
ENHSP,ipc-2023/delivery,files/ipc-2023/delivery/domain.pddl,files/ipc-2023/delivery/instances/prob18.pddl
PATTY,ipc-2023/delivery,files/ipc-2023/delivery/domain.pddl,files/ipc-2023/delivery/instances/prob19.pddl
PATTY-BV,ipc-2023/delivery,files/ipc-2023/delivery/domain.pddl,files/ipc-2023/delivery/instances/prob19.pddl
ENHSP,ipc-2023/delivery,files/ipc-2023/delivery/domain.pddl,files/ipc-2023/delivery/instances/prob19.pddl
PATTY,ipc-2023/delivery,files/ipc-2023/delivery/domain.pddl,files/ipc-2023/delivery/instances/prob20.pddl
PATTY-BV,ipc-2023/delivery,files/ipc-2023/delivery/domain.pddl,files/ipc-2023/delivery/instances/prob20.pddl
ENHSP,ipc-2023/delivery,files/ipc-2023/delivery/domain.pddl,files/ipc-2023/delivery/instances/prob20.pddl
PATTY,ipc-2023/drone,files/ipc-2023/drone/domain.pddl,files/ipc-2023/drone/instances/problem_10_10_3.pddl
PATTY-BV,ipc-2023/drone,files/ipc-2023/drone/domain.pddl,files/ipc-2023/drone/instances/problem_10_10_3.pddl
ENHSP,ipc-2023/drone,files/ipc-2023/drone/domain.pddl,files/ipc-2023/drone/instances/problem_10_10_3.pddl
PATTY,ipc-2023/drone,files/ipc-2023/drone/domain.pddl,files/ipc-2023/drone/instances/problem_1_1_2.pddl
PATTY-BV,ipc-2023/drone,files/ipc-2023/drone/domain.pddl,files/ipc-2023/drone/instances/problem_1_1_2.pddl
ENHSP,ipc-2023/drone,files/ipc-2023/drone/domain.pddl,files/ipc-2023/drone/instances/problem_1_1_2.pddl
PATTY,ipc-2023/drone,files/ipc-2023/drone/domain.pddl,files/ipc-2023/drone/instances/problem_1_1_4.pddl
PATTY-BV,ipc-2023/drone,files/ipc-2023/drone/domain.pddl,files/ipc-2023/drone/instances/problem_1_1_4.pddl
ENHSP,ipc-2023/drone,files/ipc-2023/drone/domain.pddl,files/ipc-2023/drone/instances/problem_1_1_4.pddl
PATTY,ipc-2023/drone,files/ipc-2023/drone/domain.pddl,files/ipc-2023/drone/instances/problem_1_8_1.pddl
PATTY-BV,ipc-2023/drone,files/ipc-2023/drone/domain.pddl,files/ipc-2023/drone/instances/problem_1_8_1.pddl
ENHSP,ipc-2023/drone,files/ipc-2023/drone/domain.pddl,files/ipc-2023/drone/instances/problem_1_8_1.pddl
PATTY,ipc-2023/drone,files/ipc-2023/drone/domain.pddl,files/ipc-2023/drone/instances/problem_1_9_3.pddl
PATTY-BV,ipc-2023/drone,files/ipc-2023/drone/domain.pddl,files/ipc-2023/drone/instances/problem_1_9_3.pddl
ENHSP,ipc-2023/drone,files/ipc-2023/drone/domain.pddl,files/ipc-2023/drone/instances/problem_1_9_3.pddl
PATTY,ipc-2023/drone,files/ipc-2023/drone/domain.pddl,files/ipc-2023/drone/instances/problem_2_5_4.pddl
PATTY-BV,ipc-2023/drone,files/ipc-2023/drone/domain.pddl,files/ipc-2023/drone/instances/problem_2_5_4.pddl
ENHSP,ipc-2023/drone,files/ipc-2023/drone/domain.pddl,files/ipc-2023/drone/instances/problem_2_5_4.pddl
PATTY,ipc-2023/drone,files/ipc-2023/drone/domain.pddl,files/ipc-2023/drone/instances/problem_2_8_3.pddl
PATTY-BV,ipc-2023/drone,files/ipc-2023/drone/domain.pddl,files/ipc-2023/drone/instances/problem_2_8_3.pddl
ENHSP,ipc-2023/drone,files/ipc-2023/drone/domain.pddl,files/ipc-2023/drone/instances/problem_2_8_3.pddl
PATTY,ipc-2023/drone,files/ipc-2023/drone/domain.pddl,files/ipc-2023/drone/instances/problem_2_9_1.pddl
PATTY-BV,ipc-2023/drone,files/ipc-2023/drone/domain.pddl,files/ipc-2023/drone/instances/problem_2_9_1.pddl
ENHSP,ipc-2023/drone,files/ipc-2023/drone/domain.pddl,files/ipc-2023/drone/instances/problem_2_9_1.pddl
PATTY,ipc-2023/drone,files/ipc-2023/drone/domain.pddl,files/ipc-2023/drone/instances/problem_3_3_4.pddl
PATTY-BV,ipc-2023/drone,files/ipc-2023/drone/domain.pddl,files/ipc-2023/drone/instances/problem_3_3_4.pddl
ENHSP,ipc-2023/drone,files/ipc-2023/drone/domain.pddl,files/ipc-2023/drone/instances/problem_3_3_4.pddl
PATTY,ipc-2023/drone,files/ipc-2023/drone/domain.pddl,files/ipc-2023/drone/instances/problem_4_2_5.pddl
PATTY-BV,ipc-2023/drone,files/ipc-2023/drone/domain.pddl,files/ipc-2023/drone/instances/problem_4_2_5.pddl
ENHSP,ipc-2023/drone,files/ipc-2023/drone/domain.pddl,files/ipc-2023/drone/instances/problem_4_2_5.pddl
PATTY,ipc-2023/drone,files/ipc-2023/drone/domain.pddl,files/ipc-2023/drone/instances/problem_4_9_5.pddl
PATTY-BV,ipc-2023/drone,files/ipc-2023/drone/domain.pddl,files/ipc-2023/drone/instances/problem_4_9_5.pddl
ENHSP,ipc-2023/drone,files/ipc-2023/drone/domain.pddl,files/ipc-2023/drone/instances/problem_4_9_5.pddl
PATTY,ipc-2023/drone,files/ipc-2023/drone/domain.pddl,files/ipc-2023/drone/instances/problem_5_10_1.pddl
PATTY-BV,ipc-2023/drone,files/ipc-2023/drone/domain.pddl,files/ipc-2023/drone/instances/problem_5_10_1.pddl
ENHSP,ipc-2023/drone,files/ipc-2023/drone/domain.pddl,files/ipc-2023/drone/instances/problem_5_10_1.pddl
PATTY,ipc-2023/drone,files/ipc-2023/drone/domain.pddl,files/ipc-2023/drone/instances/problem_5_2_2.pddl
PATTY-BV,ipc-2023/drone,files/ipc-2023/drone/domain.pddl,files/ipc-2023/drone/instances/problem_5_2_2.pddl
ENHSP,ipc-2023/drone,files/ipc-2023/drone/domain.pddl,files/ipc-2023/drone/instances/problem_5_2_2.pddl
PATTY,ipc-2023/drone,files/ipc-2023/drone/domain.pddl,files/ipc-2023/drone/instances/problem_6_8_1.pddl
PATTY-BV,ipc-2023/drone,files/ipc-2023/drone/domain.pddl,files/ipc-2023/drone/instances/problem_6_8_1.pddl
ENHSP,ipc-2023/drone,files/ipc-2023/drone/domain.pddl,files/ipc-2023/drone/instances/problem_6_8_1.pddl
PATTY,ipc-2023/drone,files/ipc-2023/drone/domain.pddl,files/ipc-2023/drone/instances/problem_7_6_4.pddl
PATTY-BV,ipc-2023/drone,files/ipc-2023/drone/domain.pddl,files/ipc-2023/drone/instances/problem_7_6_4.pddl
ENHSP,ipc-2023/drone,files/ipc-2023/drone/domain.pddl,files/ipc-2023/drone/instances/problem_7_6_4.pddl
PATTY,ipc-2023/drone,files/ipc-2023/drone/domain.pddl,files/ipc-2023/drone/instances/problem_8_1_2.pddl
PATTY-BV,ipc-2023/drone,files/ipc-2023/drone/domain.pddl,files/ipc-2023/drone/instances/problem_8_1_2.pddl
ENHSP,ipc-2023/drone,files/ipc-2023/drone/domain.pddl,files/ipc-2023/drone/instances/problem_8_1_2.pddl
PATTY,ipc-2023/drone,files/ipc-2023/drone/domain.pddl,files/ipc-2023/drone/instances/problem_8_1_4.pddl
PATTY-BV,ipc-2023/drone,files/ipc-2023/drone/domain.pddl,files/ipc-2023/drone/instances/problem_8_1_4.pddl
ENHSP,ipc-2023/drone,files/ipc-2023/drone/domain.pddl,files/ipc-2023/drone/instances/problem_8_1_4.pddl
PATTY,ipc-2023/drone,files/ipc-2023/drone/domain.pddl,files/ipc-2023/drone/instances/problem_8_1_5.pddl
PATTY-BV,ipc-2023/drone,files/ipc-2023/drone/domain.pddl,files/ipc-2023/drone/instances/problem_8_1_5.pddl
ENHSP,ipc-2023/drone,files/ipc-2023/drone/domain.pddl,files/ipc-2023/drone/instances/problem_8_1_5.pddl
PATTY,ipc-2023/drone,files/ipc-2023/drone/domain.pddl,files/ipc-2023/drone/instances/problem_8_7_1.pddl
PATTY-BV,ipc-2023/drone,files/ipc-2023/drone/domain.pddl,files/ipc-2023/drone/instances/problem_8_7_1.pddl
ENHSP,ipc-2023/drone,files/ipc-2023/drone/domain.pddl,files/ipc-2023/drone/instances/problem_8_7_1.pddl
PATTY,ipc-2023/drone,files/ipc-2023/drone/domain.pddl,files/ipc-2023/drone/instances/problem_9_7_3.pddl
PATTY-BV,ipc-2023/drone,files/ipc-2023/drone/domain.pddl,files/ipc-2023/drone/instances/problem_9_7_3.pddl
ENHSP,ipc-2023/drone,files/ipc-2023/drone/domain.pddl,files/ipc-2023/drone/instances/problem_9_7_3.pddl
PATTY,ipc-2023/expedition,files/ipc-2023/expedition/domain.pddl,files/ipc-2023/expedition/instances/pfile1.pddl
PATTY-BV,ipc-2023/expedition,files/ipc-2023/expedition/domain.pddl,files/ipc-2023/expedition/instances/pfile1.pddl
ENHSP,ipc-2023/expedition,files/ipc-2023/expedition/domain.pddl,files/ipc-2023/expedition/instances/pfile1.pddl
PATTY,ipc-2023/expedition,files/ipc-2023/expedition/domain.pddl,files/ipc-2023/expedition/instances/pfile10.pddl
PATTY-BV,ipc-2023/expedition,files/ipc-2023/expedition/domain.pddl,files/ipc-2023/expedition/instances/pfile10.pddl
ENHSP,ipc-2023/expedition,files/ipc-2023/expedition/domain.pddl,files/ipc-2023/expedition/instances/pfile10.pddl
PATTY,ipc-2023/expedition,files/ipc-2023/expedition/domain.pddl,files/ipc-2023/expedition/instances/pfile11.pddl
PATTY-BV,ipc-2023/expedition,files/ipc-2023/expedition/domain.pddl,files/ipc-2023/expedition/instances/pfile11.pddl
ENHSP,ipc-2023/expedition,files/ipc-2023/expedition/domain.pddl,files/ipc-2023/expedition/instances/pfile11.pddl
PATTY,ipc-2023/expedition,files/ipc-2023/expedition/domain.pddl,files/ipc-2023/expedition/instances/pfile12.pddl
PATTY-BV,ipc-2023/expedition,files/ipc-2023/expedition/domain.pddl,files/ipc-2023/expedition/instances/pfile12.pddl
ENHSP,ipc-2023/expedition,files/ipc-2023/expedition/domain.pddl,files/ipc-2023/expedition/instances/pfile12.pddl
PATTY,ipc-2023/expedition,files/ipc-2023/expedition/domain.pddl,files/ipc-2023/expedition/instances/pfile13.pddl
PATTY-BV,ipc-2023/expedition,files/ipc-2023/expedition/domain.pddl,files/ipc-2023/expedition/instances/pfile13.pddl
ENHSP,ipc-2023/expedition,files/ipc-2023/expedition/domain.pddl,files/ipc-2023/expedition/instances/pfile13.pddl
PATTY,ipc-2023/expedition,files/ipc-2023/expedition/domain.pddl,files/ipc-2023/expedition/instances/pfile14.pddl
PATTY-BV,ipc-2023/expedition,files/ipc-2023/expedition/domain.pddl,files/ipc-2023/expedition/instances/pfile14.pddl
ENHSP,ipc-2023/expedition,files/ipc-2023/expedition/domain.pddl,files/ipc-2023/expedition/instances/pfile14.pddl
PATTY,ipc-2023/expedition,files/ipc-2023/expedition/domain.pddl,files/ipc-2023/expedition/instances/pfile15.pddl
PATTY-BV,ipc-2023/expedition,files/ipc-2023/expedition/domain.pddl,files/ipc-2023/expedition/instances/pfile15.pddl
ENHSP,ipc-2023/expedition,files/ipc-2023/expedition/domain.pddl,files/ipc-2023/expedition/instances/pfile15.pddl
PATTY,ipc-2023/expedition,files/ipc-2023/expedition/domain.pddl,files/ipc-2023/expedition/instances/pfile16.pddl
PATTY-BV,ipc-2023/expedition,files/ipc-2023/expedition/domain.pddl,files/ipc-2023/expedition/instances/pfile16.pddl
ENHSP,ipc-2023/expedition,files/ipc-2023/expedition/domain.pddl,files/ipc-2023/expedition/instances/pfile16.pddl
PATTY,ipc-2023/expedition,files/ipc-2023/expedition/domain.pddl,files/ipc-2023/expedition/instances/pfile17.pddl
PATTY-BV,ipc-2023/expedition,files/ipc-2023/expedition/domain.pddl,files/ipc-2023/expedition/instances/pfile17.pddl
ENHSP,ipc-2023/expedition,files/ipc-2023/expedition/domain.pddl,files/ipc-2023/expedition/instances/pfile17.pddl
PATTY,ipc-2023/expedition,files/ipc-2023/expedition/domain.pddl,files/ipc-2023/expedition/instances/pfile18.pddl
PATTY-BV,ipc-2023/expedition,files/ipc-2023/expedition/domain.pddl,files/ipc-2023/expedition/instances/pfile18.pddl
ENHSP,ipc-2023/expedition,files/ipc-2023/expedition/domain.pddl,files/ipc-2023/expedition/instances/pfile18.pddl
PATTY,ipc-2023/expedition,files/ipc-2023/expedition/domain.pddl,files/ipc-2023/expedition/instances/pfile19.pddl
PATTY-BV,ipc-2023/expedition,files/ipc-2023/expedition/domain.pddl,files/ipc-2023/expedition/instances/pfile19.pddl
ENHSP,ipc-2023/expedition,files/ipc-2023/expedition/domain.pddl,files/ipc-2023/expedition/instances/pfile19.pddl
PATTY,ipc-2023/expedition,files/ipc-2023/expedition/domain.pddl,files/ipc-2023/expedition/instances/pfile2.pddl
PATTY-BV,ipc-2023/expedition,files/ipc-2023/expedition/domain.pddl,files/ipc-2023/expedition/instances/pfile2.pddl
ENHSP,ipc-2023/expedition,files/ipc-2023/expedition/domain.pddl,files/ipc-2023/expedition/instances/pfile2.pddl
PATTY,ipc-2023/expedition,files/ipc-2023/expedition/domain.pddl,files/ipc-2023/expedition/instances/pfile20.pddl
PATTY-BV,ipc-2023/expedition,files/ipc-2023/expedition/domain.pddl,files/ipc-2023/expedition/instances/pfile20.pddl
ENHSP,ipc-2023/expedition,files/ipc-2023/expedition/domain.pddl,files/ipc-2023/expedition/instances/pfile20.pddl
PATTY,ipc-2023/expedition,files/ipc-2023/expedition/domain.pddl,files/ipc-2023/expedition/instances/pfile3.pddl
PATTY-BV,ipc-2023/expedition,files/ipc-2023/expedition/domain.pddl,files/ipc-2023/expedition/instances/pfile3.pddl
ENHSP,ipc-2023/expedition,files/ipc-2023/expedition/domain.pddl,files/ipc-2023/expedition/instances/pfile3.pddl
PATTY,ipc-2023/expedition,files/ipc-2023/expedition/domain.pddl,files/ipc-2023/expedition/instances/pfile4.pddl
PATTY-BV,ipc-2023/expedition,files/ipc-2023/expedition/domain.pddl,files/ipc-2023/expedition/instances/pfile4.pddl
ENHSP,ipc-2023/expedition,files/ipc-2023/expedition/domain.pddl,files/ipc-2023/expedition/instances/pfile4.pddl
PATTY,ipc-2023/expedition,files/ipc-2023/expedition/domain.pddl,files/ipc-2023/expedition/instances/pfile5.pddl
PATTY-BV,ipc-2023/expedition,files/ipc-2023/expedition/domain.pddl,files/ipc-2023/expedition/instances/pfile5.pddl
ENHSP,ipc-2023/expedition,files/ipc-2023/expedition/domain.pddl,files/ipc-2023/expedition/instances/pfile5.pddl
PATTY,ipc-2023/expedition,files/ipc-2023/expedition/domain.pddl,files/ipc-2023/expedition/instances/pfile6.pddl
PATTY-BV,ipc-2023/expedition,files/ipc-2023/expedition/domain.pddl,files/ipc-2023/expedition/instances/pfile6.pddl
ENHSP,ipc-2023/expedition,files/ipc-2023/expedition/domain.pddl,files/ipc-2023/expedition/instances/pfile6.pddl
PATTY,ipc-2023/expedition,files/ipc-2023/expedition/domain.pddl,files/ipc-2023/expedition/instances/pfile7.pddl
PATTY-BV,ipc-2023/expedition,files/ipc-2023/expedition/domain.pddl,files/ipc-2023/expedition/instances/pfile7.pddl
ENHSP,ipc-2023/expedition,files/ipc-2023/expedition/domain.pddl,files/ipc-2023/expedition/instances/pfile7.pddl
PATTY,ipc-2023/expedition,files/ipc-2023/expedition/domain.pddl,files/ipc-2023/expedition/instances/pfile8.pddl
PATTY-BV,ipc-2023/expedition,files/ipc-2023/expedition/domain.pddl,files/ipc-2023/expedition/instances/pfile8.pddl
ENHSP,ipc-2023/expedition,files/ipc-2023/expedition/domain.pddl,files/ipc-2023/expedition/instances/pfile8.pddl
PATTY,ipc-2023/expedition,files/ipc-2023/expedition/domain.pddl,files/ipc-2023/expedition/instances/pfile9.pddl
PATTY-BV,ipc-2023/expedition,files/ipc-2023/expedition/domain.pddl,files/ipc-2023/expedition/instances/pfile9.pddl
ENHSP,ipc-2023/expedition,files/ipc-2023/expedition/domain.pddl,files/ipc-2023/expedition/instances/pfile9.pddl
PATTY,ipc-2023/ext-plant-watering,files/ipc-2023/ext-plant-watering/domain.pddl,files/ipc-2023/ext-plant-watering/instances/instance_10_11_2_1.pddl
PATTY-BV,ipc-2023/ext-plant-watering,files/ipc-2023/ext-plant-watering/domain.pddl,files/ipc-2023/ext-plant-watering/instances/instance_10_11_2_1.pddl
ENHSP,ipc-2023/ext-plant-watering,files/ipc-2023/ext-plant-watering/domain.pddl,files/ipc-2023/ext-plant-watering/instances/instance_10_11_2_1.pddl
PATTY,ipc-2023/ext-plant-watering,files/ipc-2023/ext-plant-watering/domain.pddl,files/ipc-2023/ext-plant-watering/instances/instance_10_17_2_1.pddl
PATTY-BV,ipc-2023/ext-plant-watering,files/ipc-2023/ext-plant-watering/domain.pddl,files/ipc-2023/ext-plant-watering/instances/instance_10_17_2_1.pddl
ENHSP,ipc-2023/ext-plant-watering,files/ipc-2023/ext-plant-watering/domain.pddl,files/ipc-2023/ext-plant-watering/instances/instance_10_17_2_1.pddl
PATTY,ipc-2023/ext-plant-watering,files/ipc-2023/ext-plant-watering/domain.pddl,files/ipc-2023/ext-plant-watering/instances/instance_10_5_2_1.pddl
PATTY-BV,ipc-2023/ext-plant-watering,files/ipc-2023/ext-plant-watering/domain.pddl,files/ipc-2023/ext-plant-watering/instances/instance_10_5_2_1.pddl
ENHSP,ipc-2023/ext-plant-watering,files/ipc-2023/ext-plant-watering/domain.pddl,files/ipc-2023/ext-plant-watering/instances/instance_10_5_2_1.pddl
PATTY,ipc-2023/ext-plant-watering,files/ipc-2023/ext-plant-watering/domain.pddl,files/ipc-2023/ext-plant-watering/instances/instance_10_7_2_1.pddl
PATTY-BV,ipc-2023/ext-plant-watering,files/ipc-2023/ext-plant-watering/domain.pddl,files/ipc-2023/ext-plant-watering/instances/instance_10_7_2_1.pddl
ENHSP,ipc-2023/ext-plant-watering,files/ipc-2023/ext-plant-watering/domain.pddl,files/ipc-2023/ext-plant-watering/instances/instance_10_7_2_1.pddl
PATTY,ipc-2023/ext-plant-watering,files/ipc-2023/ext-plant-watering/domain.pddl,files/ipc-2023/ext-plant-watering/instances/instance_11_17_2_1.pddl
PATTY-BV,ipc-2023/ext-plant-watering,files/ipc-2023/ext-plant-watering/domain.pddl,files/ipc-2023/ext-plant-watering/instances/instance_11_17_2_1.pddl
ENHSP,ipc-2023/ext-plant-watering,files/ipc-2023/ext-plant-watering/domain.pddl,files/ipc-2023/ext-plant-watering/instances/instance_11_17_2_1.pddl
PATTY,ipc-2023/ext-plant-watering,files/ipc-2023/ext-plant-watering/domain.pddl,files/ipc-2023/ext-plant-watering/instances/instance_11_5_2_1.pddl
PATTY-BV,ipc-2023/ext-plant-watering,files/ipc-2023/ext-plant-watering/domain.pddl,files/ipc-2023/ext-plant-watering/instances/instance_11_5_2_1.pddl
ENHSP,ipc-2023/ext-plant-watering,files/ipc-2023/ext-plant-watering/domain.pddl,files/ipc-2023/ext-plant-watering/instances/instance_11_5_2_1.pddl
PATTY,ipc-2023/ext-plant-watering,files/ipc-2023/ext-plant-watering/domain.pddl,files/ipc-2023/ext-plant-watering/instances/instance_12_15_2_1.pddl
PATTY-BV,ipc-2023/ext-plant-watering,files/ipc-2023/ext-plant-watering/domain.pddl,files/ipc-2023/ext-plant-watering/instances/instance_12_15_2_1.pddl
ENHSP,ipc-2023/ext-plant-watering,files/ipc-2023/ext-plant-watering/domain.pddl,files/ipc-2023/ext-plant-watering/instances/instance_12_15_2_1.pddl
PATTY,ipc-2023/ext-plant-watering,files/ipc-2023/ext-plant-watering/domain.pddl,files/ipc-2023/ext-plant-watering/instances/instance_12_17_2_1.pddl
PATTY-BV,ipc-2023/ext-plant-watering,files/ipc-2023/ext-plant-watering/domain.pddl,files/ipc-2023/ext-plant-watering/instances/instance_12_17_2_1.pddl
ENHSP,ipc-2023/ext-plant-watering,files/ipc-2023/ext-plant-watering/domain.pddl,files/ipc-2023/ext-plant-watering/instances/instance_12_17_2_1.pddl
PATTY,ipc-2023/ext-plant-watering,files/ipc-2023/ext-plant-watering/domain.pddl,files/ipc-2023/ext-plant-watering/instances/instance_12_19_2_1.pddl
PATTY-BV,ipc-2023/ext-plant-watering,files/ipc-2023/ext-plant-watering/domain.pddl,files/ipc-2023/ext-plant-watering/instances/instance_12_19_2_1.pddl
ENHSP,ipc-2023/ext-plant-watering,files/ipc-2023/ext-plant-watering/domain.pddl,files/ipc-2023/ext-plant-watering/instances/instance_12_19_2_1.pddl
PATTY,ipc-2023/ext-plant-watering,files/ipc-2023/ext-plant-watering/domain.pddl,files/ipc-2023/ext-plant-watering/instances/instance_12_7_2_1.pddl
PATTY-BV,ipc-2023/ext-plant-watering,files/ipc-2023/ext-plant-watering/domain.pddl,files/ipc-2023/ext-plant-watering/instances/instance_12_7_2_1.pddl
ENHSP,ipc-2023/ext-plant-watering,files/ipc-2023/ext-plant-watering/domain.pddl,files/ipc-2023/ext-plant-watering/instances/instance_12_7_2_1.pddl
PATTY,ipc-2023/ext-plant-watering,files/ipc-2023/ext-plant-watering/domain.pddl,files/ipc-2023/ext-plant-watering/instances/instance_13_13_2_1.pddl
PATTY-BV,ipc-2023/ext-plant-watering,files/ipc-2023/ext-plant-watering/domain.pddl,files/ipc-2023/ext-plant-watering/instances/instance_13_13_2_1.pddl
ENHSP,ipc-2023/ext-plant-watering,files/ipc-2023/ext-plant-watering/domain.pddl,files/ipc-2023/ext-plant-watering/instances/instance_13_13_2_1.pddl
PATTY,ipc-2023/ext-plant-watering,files/ipc-2023/ext-plant-watering/domain.pddl,files/ipc-2023/ext-plant-watering/instances/instance_13_15_2_1.pddl
PATTY-BV,ipc-2023/ext-plant-watering,files/ipc-2023/ext-plant-watering/domain.pddl,files/ipc-2023/ext-plant-watering/instances/instance_13_15_2_1.pddl
ENHSP,ipc-2023/ext-plant-watering,files/ipc-2023/ext-plant-watering/domain.pddl,files/ipc-2023/ext-plant-watering/instances/instance_13_15_2_1.pddl
PATTY,ipc-2023/ext-plant-watering,files/ipc-2023/ext-plant-watering/domain.pddl,files/ipc-2023/ext-plant-watering/instances/instance_13_9_2_1.pddl
PATTY-BV,ipc-2023/ext-plant-watering,files/ipc-2023/ext-plant-watering/domain.pddl,files/ipc-2023/ext-plant-watering/instances/instance_13_9_2_1.pddl
ENHSP,ipc-2023/ext-plant-watering,files/ipc-2023/ext-plant-watering/domain.pddl,files/ipc-2023/ext-plant-watering/instances/instance_13_9_2_1.pddl
PATTY,ipc-2023/ext-plant-watering,files/ipc-2023/ext-plant-watering/domain.pddl,files/ipc-2023/ext-plant-watering/instances/instance_14_13_2_1.pddl
PATTY-BV,ipc-2023/ext-plant-watering,files/ipc-2023/ext-plant-watering/domain.pddl,files/ipc-2023/ext-plant-watering/instances/instance_14_13_2_1.pddl
ENHSP,ipc-2023/ext-plant-watering,files/ipc-2023/ext-plant-watering/domain.pddl,files/ipc-2023/ext-plant-watering/instances/instance_14_13_2_1.pddl
PATTY,ipc-2023/ext-plant-watering,files/ipc-2023/ext-plant-watering/domain.pddl,files/ipc-2023/ext-plant-watering/instances/instance_14_17_2_1.pddl
PATTY-BV,ipc-2023/ext-plant-watering,files/ipc-2023/ext-plant-watering/domain.pddl,files/ipc-2023/ext-plant-watering/instances/instance_14_17_2_1.pddl
ENHSP,ipc-2023/ext-plant-watering,files/ipc-2023/ext-plant-watering/domain.pddl,files/ipc-2023/ext-plant-watering/instances/instance_14_17_2_1.pddl
PATTY,ipc-2023/ext-plant-watering,files/ipc-2023/ext-plant-watering/domain.pddl,files/ipc-2023/ext-plant-watering/instances/instance_14_19_2_1.pddl
PATTY-BV,ipc-2023/ext-plant-watering,files/ipc-2023/ext-plant-watering/domain.pddl,files/ipc-2023/ext-plant-watering/instances/instance_14_19_2_1.pddl
ENHSP,ipc-2023/ext-plant-watering,files/ipc-2023/ext-plant-watering/domain.pddl,files/ipc-2023/ext-plant-watering/instances/instance_14_19_2_1.pddl
PATTY,ipc-2023/ext-plant-watering,files/ipc-2023/ext-plant-watering/domain.pddl,files/ipc-2023/ext-plant-watering/instances/instance_15_15_2_1.pddl
PATTY-BV,ipc-2023/ext-plant-watering,files/ipc-2023/ext-plant-watering/domain.pddl,files/ipc-2023/ext-plant-watering/instances/instance_15_15_2_1.pddl
ENHSP,ipc-2023/ext-plant-watering,files/ipc-2023/ext-plant-watering/domain.pddl,files/ipc-2023/ext-plant-watering/instances/instance_15_15_2_1.pddl
PATTY,ipc-2023/ext-plant-watering,files/ipc-2023/ext-plant-watering/domain.pddl,files/ipc-2023/ext-plant-watering/instances/instance_15_17_2_1.pddl
PATTY-BV,ipc-2023/ext-plant-watering,files/ipc-2023/ext-plant-watering/domain.pddl,files/ipc-2023/ext-plant-watering/instances/instance_15_17_2_1.pddl
ENHSP,ipc-2023/ext-plant-watering,files/ipc-2023/ext-plant-watering/domain.pddl,files/ipc-2023/ext-plant-watering/instances/instance_15_17_2_1.pddl
PATTY,ipc-2023/ext-plant-watering,files/ipc-2023/ext-plant-watering/domain.pddl,files/ipc-2023/ext-plant-watering/instances/instance_15_19_2_1.pddl
PATTY-BV,ipc-2023/ext-plant-watering,files/ipc-2023/ext-plant-watering/domain.pddl,files/ipc-2023/ext-plant-watering/instances/instance_15_19_2_1.pddl
ENHSP,ipc-2023/ext-plant-watering,files/ipc-2023/ext-plant-watering/domain.pddl,files/ipc-2023/ext-plant-watering/instances/instance_15_19_2_1.pddl
PATTY,ipc-2023/ext-plant-watering,files/ipc-2023/ext-plant-watering/domain.pddl,files/ipc-2023/ext-plant-watering/instances/instance_15_7_2_1.pddl
PATTY-BV,ipc-2023/ext-plant-watering,files/ipc-2023/ext-plant-watering/domain.pddl,files/ipc-2023/ext-plant-watering/instances/instance_15_7_2_1.pddl
ENHSP,ipc-2023/ext-plant-watering,files/ipc-2023/ext-plant-watering/domain.pddl,files/ipc-2023/ext-plant-watering/instances/instance_15_7_2_1.pddl
PATTY,ipc-2023/farmland,files/ipc-2023/farmland/domain.pddl,files/ipc-2023/farmland/instances/instance_10_500_1229.pddl
PATTY-BV,ipc-2023/farmland,files/ipc-2023/farmland/domain.pddl,files/ipc-2023/farmland/instances/instance_10_500_1229.pddl
ENHSP,ipc-2023/farmland,files/ipc-2023/farmland/domain.pddl,files/ipc-2023/farmland/instances/instance_10_500_1229.pddl
PATTY,ipc-2023/farmland,files/ipc-2023/farmland/domain.pddl,files/ipc-2023/farmland/instances/instance_10_700_1229.pddl
PATTY-BV,ipc-2023/farmland,files/ipc-2023/farmland/domain.pddl,files/ipc-2023/farmland/instances/instance_10_700_1229.pddl
ENHSP,ipc-2023/farmland,files/ipc-2023/farmland/domain.pddl,files/ipc-2023/farmland/instances/instance_10_700_1229.pddl
PATTY,ipc-2023/farmland,files/ipc-2023/farmland/domain.pddl,files/ipc-2023/farmland/instances/instance_2_300_1229.pddl
PATTY-BV,ipc-2023/farmland,files/ipc-2023/farmland/domain.pddl,files/ipc-2023/farmland/instances/instance_2_300_1229.pddl
ENHSP,ipc-2023/farmland,files/ipc-2023/farmland/domain.pddl,files/ipc-2023/farmland/instances/instance_2_300_1229.pddl
PATTY,ipc-2023/farmland,files/ipc-2023/farmland/domain.pddl,files/ipc-2023/farmland/instances/instance_2_600_1229.pddl
PATTY-BV,ipc-2023/farmland,files/ipc-2023/farmland/domain.pddl,files/ipc-2023/farmland/instances/instance_2_600_1229.pddl
ENHSP,ipc-2023/farmland,files/ipc-2023/farmland/domain.pddl,files/ipc-2023/farmland/instances/instance_2_600_1229.pddl
PATTY,ipc-2023/farmland,files/ipc-2023/farmland/domain.pddl,files/ipc-2023/farmland/instances/instance_2_700_1229.pddl
PATTY-BV,ipc-2023/farmland,files/ipc-2023/farmland/domain.pddl,files/ipc-2023/farmland/instances/instance_2_700_1229.pddl
ENHSP,ipc-2023/farmland,files/ipc-2023/farmland/domain.pddl,files/ipc-2023/farmland/instances/instance_2_700_1229.pddl
PATTY,ipc-2023/farmland,files/ipc-2023/farmland/domain.pddl,files/ipc-2023/farmland/instances/instance_4_200_1229.pddl
PATTY-BV,ipc-2023/farmland,files/ipc-2023/farmland/domain.pddl,files/ipc-2023/farmland/instances/instance_4_200_1229.pddl
ENHSP,ipc-2023/farmland,files/ipc-2023/farmland/domain.pddl,files/ipc-2023/farmland/instances/instance_4_200_1229.pddl
PATTY,ipc-2023/farmland,files/ipc-2023/farmland/domain.pddl,files/ipc-2023/farmland/instances/instance_4_300_1229.pddl
PATTY-BV,ipc-2023/farmland,files/ipc-2023/farmland/domain.pddl,files/ipc-2023/farmland/instances/instance_4_300_1229.pddl
ENHSP,ipc-2023/farmland,files/ipc-2023/farmland/domain.pddl,files/ipc-2023/farmland/instances/instance_4_300_1229.pddl
PATTY,ipc-2023/farmland,files/ipc-2023/farmland/domain.pddl,files/ipc-2023/farmland/instances/instance_4_400_1229.pddl
PATTY-BV,ipc-2023/farmland,files/ipc-2023/farmland/domain.pddl,files/ipc-2023/farmland/instances/instance_4_400_1229.pddl
ENHSP,ipc-2023/farmland,files/ipc-2023/farmland/domain.pddl,files/ipc-2023/farmland/instances/instance_4_400_1229.pddl
PATTY,ipc-2023/farmland,files/ipc-2023/farmland/domain.pddl,files/ipc-2023/farmland/instances/instance_4_600_1229.pddl
PATTY-BV,ipc-2023/farmland,files/ipc-2023/farmland/domain.pddl,files/ipc-2023/farmland/instances/instance_4_600_1229.pddl
ENHSP,ipc-2023/farmland,files/ipc-2023/farmland/domain.pddl,files/ipc-2023/farmland/instances/instance_4_600_1229.pddl
PATTY,ipc-2023/farmland,files/ipc-2023/farmland/domain.pddl,files/ipc-2023/farmland/instances/instance_4_700_1229.pddl
PATTY-BV,ipc-2023/farmland,files/ipc-2023/farmland/domain.pddl,files/ipc-2023/farmland/instances/instance_4_700_1229.pddl
ENHSP,ipc-2023/farmland,files/ipc-2023/farmland/domain.pddl,files/ipc-2023/farmland/instances/instance_4_700_1229.pddl
PATTY,ipc-2023/farmland,files/ipc-2023/farmland/domain.pddl,files/ipc-2023/farmland/instances/instance_4_800_1229.pddl
PATTY-BV,ipc-2023/farmland,files/ipc-2023/farmland/domain.pddl,files/ipc-2023/farmland/instances/instance_4_800_1229.pddl
ENHSP,ipc-2023/farmland,files/ipc-2023/farmland/domain.pddl,files/ipc-2023/farmland/instances/instance_4_800_1229.pddl
PATTY,ipc-2023/farmland,files/ipc-2023/farmland/domain.pddl,files/ipc-2023/farmland/instances/instance_6_100_1229.pddl
PATTY-BV,ipc-2023/farmland,files/ipc-2023/farmland/domain.pddl,files/ipc-2023/farmland/instances/instance_6_100_1229.pddl
ENHSP,ipc-2023/farmland,files/ipc-2023/farmland/domain.pddl,files/ipc-2023/farmland/instances/instance_6_100_1229.pddl
PATTY,ipc-2023/farmland,files/ipc-2023/farmland/domain.pddl,files/ipc-2023/farmland/instances/instance_6_200_1229.pddl
PATTY-BV,ipc-2023/farmland,files/ipc-2023/farmland/domain.pddl,files/ipc-2023/farmland/instances/instance_6_200_1229.pddl
ENHSP,ipc-2023/farmland,files/ipc-2023/farmland/domain.pddl,files/ipc-2023/farmland/instances/instance_6_200_1229.pddl
PATTY,ipc-2023/farmland,files/ipc-2023/farmland/domain.pddl,files/ipc-2023/farmland/instances/instance_6_400_1229.pddl
PATTY-BV,ipc-2023/farmland,files/ipc-2023/farmland/domain.pddl,files/ipc-2023/farmland/instances/instance_6_400_1229.pddl
ENHSP,ipc-2023/farmland,files/ipc-2023/farmland/domain.pddl,files/ipc-2023/farmland/instances/instance_6_400_1229.pddl
PATTY,ipc-2023/farmland,files/ipc-2023/farmland/domain.pddl,files/ipc-2023/farmland/instances/instance_6_500_1229.pddl
PATTY-BV,ipc-2023/farmland,files/ipc-2023/farmland/domain.pddl,files/ipc-2023/farmland/instances/instance_6_500_1229.pddl
ENHSP,ipc-2023/farmland,files/ipc-2023/farmland/domain.pddl,files/ipc-2023/farmland/instances/instance_6_500_1229.pddl
PATTY,ipc-2023/farmland,files/ipc-2023/farmland/domain.pddl,files/ipc-2023/farmland/instances/instance_6_600_1229.pddl
PATTY-BV,ipc-2023/farmland,files/ipc-2023/farmland/domain.pddl,files/ipc-2023/farmland/instances/instance_6_600_1229.pddl
ENHSP,ipc-2023/farmland,files/ipc-2023/farmland/domain.pddl,files/ipc-2023/farmland/instances/instance_6_600_1229.pddl
PATTY,ipc-2023/farmland,files/ipc-2023/farmland/domain.pddl,files/ipc-2023/farmland/instances/instance_6_900_1229.pddl
PATTY-BV,ipc-2023/farmland,files/ipc-2023/farmland/domain.pddl,files/ipc-2023/farmland/instances/instance_6_900_1229.pddl
ENHSP,ipc-2023/farmland,files/ipc-2023/farmland/domain.pddl,files/ipc-2023/farmland/instances/instance_6_900_1229.pddl
PATTY,ipc-2023/farmland,files/ipc-2023/farmland/domain.pddl,files/ipc-2023/farmland/instances/instance_8_200_1229.pddl
PATTY-BV,ipc-2023/farmland,files/ipc-2023/farmland/domain.pddl,files/ipc-2023/farmland/instances/instance_8_200_1229.pddl
ENHSP,ipc-2023/farmland,files/ipc-2023/farmland/domain.pddl,files/ipc-2023/farmland/instances/instance_8_200_1229.pddl
PATTY,ipc-2023/farmland,files/ipc-2023/farmland/domain.pddl,files/ipc-2023/farmland/instances/instance_8_400_1229.pddl
PATTY-BV,ipc-2023/farmland,files/ipc-2023/farmland/domain.pddl,files/ipc-2023/farmland/instances/instance_8_400_1229.pddl
ENHSP,ipc-2023/farmland,files/ipc-2023/farmland/domain.pddl,files/ipc-2023/farmland/instances/instance_8_400_1229.pddl
PATTY,ipc-2023/farmland,files/ipc-2023/farmland/domain.pddl,files/ipc-2023/farmland/instances/instance_8_700_1229.pddl
PATTY-BV,ipc-2023/farmland,files/ipc-2023/farmland/domain.pddl,files/ipc-2023/farmland/instances/instance_8_700_1229.pddl
ENHSP,ipc-2023/farmland,files/ipc-2023/farmland/domain.pddl,files/ipc-2023/farmland/instances/instance_8_700_1229.pddl
PATTY,ipc-2023/fo-farmland,files/ipc-2023/fo-farmland/domain.pddl,files/ipc-2023/fo-farmland/instances/instance_10_100_1229.pddl
PATTY-BV,ipc-2023/fo-farmland,files/ipc-2023/fo-farmland/domain.pddl,files/ipc-2023/fo-farmland/instances/instance_10_100_1229.pddl
ENHSP,ipc-2023/fo-farmland,files/ipc-2023/fo-farmland/domain.pddl,files/ipc-2023/fo-farmland/instances/instance_10_100_1229.pddl
PATTY,ipc-2023/fo-farmland,files/ipc-2023/fo-farmland/domain.pddl,files/ipc-2023/fo-farmland/instances/instance_10_200_1229.pddl
PATTY-BV,ipc-2023/fo-farmland,files/ipc-2023/fo-farmland/domain.pddl,files/ipc-2023/fo-farmland/instances/instance_10_200_1229.pddl
ENHSP,ipc-2023/fo-farmland,files/ipc-2023/fo-farmland/domain.pddl,files/ipc-2023/fo-farmland/instances/instance_10_200_1229.pddl
PATTY,ipc-2023/fo-farmland,files/ipc-2023/fo-farmland/domain.pddl,files/ipc-2023/fo-farmland/instances/instance_10_400_1229.pddl
PATTY-BV,ipc-2023/fo-farmland,files/ipc-2023/fo-farmland/domain.pddl,files/ipc-2023/fo-farmland/instances/instance_10_400_1229.pddl
ENHSP,ipc-2023/fo-farmland,files/ipc-2023/fo-farmland/domain.pddl,files/ipc-2023/fo-farmland/instances/instance_10_400_1229.pddl
PATTY,ipc-2023/fo-farmland,files/ipc-2023/fo-farmland/domain.pddl,files/ipc-2023/fo-farmland/instances/instance_2_200_1229.pddl
PATTY-BV,ipc-2023/fo-farmland,files/ipc-2023/fo-farmland/domain.pddl,files/ipc-2023/fo-farmland/instances/instance_2_200_1229.pddl
ENHSP,ipc-2023/fo-farmland,files/ipc-2023/fo-farmland/domain.pddl,files/ipc-2023/fo-farmland/instances/instance_2_200_1229.pddl
PATTY,ipc-2023/fo-farmland,files/ipc-2023/fo-farmland/domain.pddl,files/ipc-2023/fo-farmland/instances/instance_2_400_1229.pddl
PATTY-BV,ipc-2023/fo-farmland,files/ipc-2023/fo-farmland/domain.pddl,files/ipc-2023/fo-farmland/instances/instance_2_400_1229.pddl
ENHSP,ipc-2023/fo-farmland,files/ipc-2023/fo-farmland/domain.pddl,files/ipc-2023/fo-farmland/instances/instance_2_400_1229.pddl
PATTY,ipc-2023/fo-farmland,files/ipc-2023/fo-farmland/domain.pddl,files/ipc-2023/fo-farmland/instances/instance_4_1000_1229.pddl
PATTY-BV,ipc-2023/fo-farmland,files/ipc-2023/fo-farmland/domain.pddl,files/ipc-2023/fo-farmland/instances/instance_4_1000_1229.pddl
ENHSP,ipc-2023/fo-farmland,files/ipc-2023/fo-farmland/domain.pddl,files/ipc-2023/fo-farmland/instances/instance_4_1000_1229.pddl
PATTY,ipc-2023/fo-farmland,files/ipc-2023/fo-farmland/domain.pddl,files/ipc-2023/fo-farmland/instances/instance_4_300_1229.pddl
PATTY-BV,ipc-2023/fo-farmland,files/ipc-2023/fo-farmland/domain.pddl,files/ipc-2023/fo-farmland/instances/instance_4_300_1229.pddl
ENHSP,ipc-2023/fo-farmland,files/ipc-2023/fo-farmland/domain.pddl,files/ipc-2023/fo-farmland/instances/instance_4_300_1229.pddl
PATTY,ipc-2023/fo-farmland,files/ipc-2023/fo-farmland/domain.pddl,files/ipc-2023/fo-farmland/instances/instance_4_400_1229.pddl
PATTY-BV,ipc-2023/fo-farmland,files/ipc-2023/fo-farmland/domain.pddl,files/ipc-2023/fo-farmland/instances/instance_4_400_1229.pddl
ENHSP,ipc-2023/fo-farmland,files/ipc-2023/fo-farmland/domain.pddl,files/ipc-2023/fo-farmland/instances/instance_4_400_1229.pddl
PATTY,ipc-2023/fo-farmland,files/ipc-2023/fo-farmland/domain.pddl,files/ipc-2023/fo-farmland/instances/instance_4_800_1229.pddl
PATTY-BV,ipc-2023/fo-farmland,files/ipc-2023/fo-farmland/domain.pddl,files/ipc-2023/fo-farmland/instances/instance_4_800_1229.pddl
ENHSP,ipc-2023/fo-farmland,files/ipc-2023/fo-farmland/domain.pddl,files/ipc-2023/fo-farmland/instances/instance_4_800_1229.pddl
PATTY,ipc-2023/fo-farmland,files/ipc-2023/fo-farmland/domain.pddl,files/ipc-2023/fo-farmland/instances/instance_6_100_1229.pddl
PATTY-BV,ipc-2023/fo-farmland,files/ipc-2023/fo-farmland/domain.pddl,files/ipc-2023/fo-farmland/instances/instance_6_100_1229.pddl
ENHSP,ipc-2023/fo-farmland,files/ipc-2023/fo-farmland/domain.pddl,files/ipc-2023/fo-farmland/instances/instance_6_100_1229.pddl
PATTY,ipc-2023/fo-farmland,files/ipc-2023/fo-farmland/domain.pddl,files/ipc-2023/fo-farmland/instances/instance_6_400_1229.pddl
PATTY-BV,ipc-2023/fo-farmland,files/ipc-2023/fo-farmland/domain.pddl,files/ipc-2023/fo-farmland/instances/instance_6_400_1229.pddl
ENHSP,ipc-2023/fo-farmland,files/ipc-2023/fo-farmland/domain.pddl,files/ipc-2023/fo-farmland/instances/instance_6_400_1229.pddl
PATTY,ipc-2023/fo-farmland,files/ipc-2023/fo-farmland/domain.pddl,files/ipc-2023/fo-farmland/instances/instance_6_600_1229.pddl
PATTY-BV,ipc-2023/fo-farmland,files/ipc-2023/fo-farmland/domain.pddl,files/ipc-2023/fo-farmland/instances/instance_6_600_1229.pddl
ENHSP,ipc-2023/fo-farmland,files/ipc-2023/fo-farmland/domain.pddl,files/ipc-2023/fo-farmland/instances/instance_6_600_1229.pddl
PATTY,ipc-2023/fo-farmland,files/ipc-2023/fo-farmland/domain.pddl,files/ipc-2023/fo-farmland/instances/instance_6_800_1229.pddl
PATTY-BV,ipc-2023/fo-farmland,files/ipc-2023/fo-farmland/domain.pddl,files/ipc-2023/fo-farmland/instances/instance_6_800_1229.pddl
ENHSP,ipc-2023/fo-farmland,files/ipc-2023/fo-farmland/domain.pddl,files/ipc-2023/fo-farmland/instances/instance_6_800_1229.pddl
PATTY,ipc-2023/fo-farmland,files/ipc-2023/fo-farmland/domain.pddl,files/ipc-2023/fo-farmland/instances/instance_6_900_1229.pddl
PATTY-BV,ipc-2023/fo-farmland,files/ipc-2023/fo-farmland/domain.pddl,files/ipc-2023/fo-farmland/instances/instance_6_900_1229.pddl
ENHSP,ipc-2023/fo-farmland,files/ipc-2023/fo-farmland/domain.pddl,files/ipc-2023/fo-farmland/instances/instance_6_900_1229.pddl
PATTY,ipc-2023/fo-farmland,files/ipc-2023/fo-farmland/domain.pddl,files/ipc-2023/fo-farmland/instances/instance_8_300_1229.pddl
PATTY-BV,ipc-2023/fo-farmland,files/ipc-2023/fo-farmland/domain.pddl,files/ipc-2023/fo-farmland/instances/instance_8_300_1229.pddl
ENHSP,ipc-2023/fo-farmland,files/ipc-2023/fo-farmland/domain.pddl,files/ipc-2023/fo-farmland/instances/instance_8_300_1229.pddl
PATTY,ipc-2023/fo-farmland,files/ipc-2023/fo-farmland/domain.pddl,files/ipc-2023/fo-farmland/instances/instance_8_400_1229.pddl
PATTY-BV,ipc-2023/fo-farmland,files/ipc-2023/fo-farmland/domain.pddl,files/ipc-2023/fo-farmland/instances/instance_8_400_1229.pddl
ENHSP,ipc-2023/fo-farmland,files/ipc-2023/fo-farmland/domain.pddl,files/ipc-2023/fo-farmland/instances/instance_8_400_1229.pddl
PATTY,ipc-2023/fo-farmland,files/ipc-2023/fo-farmland/domain.pddl,files/ipc-2023/fo-farmland/instances/instance_8_500_1229.pddl
PATTY-BV,ipc-2023/fo-farmland,files/ipc-2023/fo-farmland/domain.pddl,files/ipc-2023/fo-farmland/instances/instance_8_500_1229.pddl
ENHSP,ipc-2023/fo-farmland,files/ipc-2023/fo-farmland/domain.pddl,files/ipc-2023/fo-farmland/instances/instance_8_500_1229.pddl
PATTY,ipc-2023/fo-farmland,files/ipc-2023/fo-farmland/domain.pddl,files/ipc-2023/fo-farmland/instances/instance_8_600_1229.pddl
PATTY-BV,ipc-2023/fo-farmland,files/ipc-2023/fo-farmland/domain.pddl,files/ipc-2023/fo-farmland/instances/instance_8_600_1229.pddl
ENHSP,ipc-2023/fo-farmland,files/ipc-2023/fo-farmland/domain.pddl,files/ipc-2023/fo-farmland/instances/instance_8_600_1229.pddl
PATTY,ipc-2023/fo-farmland,files/ipc-2023/fo-farmland/domain.pddl,files/ipc-2023/fo-farmland/instances/instance_8_700_1229.pddl
PATTY-BV,ipc-2023/fo-farmland,files/ipc-2023/fo-farmland/domain.pddl,files/ipc-2023/fo-farmland/instances/instance_8_700_1229.pddl
ENHSP,ipc-2023/fo-farmland,files/ipc-2023/fo-farmland/domain.pddl,files/ipc-2023/fo-farmland/instances/instance_8_700_1229.pddl
PATTY,ipc-2023/fo-farmland,files/ipc-2023/fo-farmland/domain.pddl,files/ipc-2023/fo-farmland/instances/instance_8_900_1229.pddl
PATTY-BV,ipc-2023/fo-farmland,files/ipc-2023/fo-farmland/domain.pddl,files/ipc-2023/fo-farmland/instances/instance_8_900_1229.pddl
ENHSP,ipc-2023/fo-farmland,files/ipc-2023/fo-farmland/domain.pddl,files/ipc-2023/fo-farmland/instances/instance_8_900_1229.pddl
PATTY,ipc-2023/fo-sailing,files/ipc-2023/fo-sailing/domain.pddl,files/ipc-2023/fo-sailing/instances/instance_1_1_1229.pddl
PATTY-BV,ipc-2023/fo-sailing,files/ipc-2023/fo-sailing/domain.pddl,files/ipc-2023/fo-sailing/instances/instance_1_1_1229.pddl
ENHSP,ipc-2023/fo-sailing,files/ipc-2023/fo-sailing/domain.pddl,files/ipc-2023/fo-sailing/instances/instance_1_1_1229.pddl
PATTY,ipc-2023/fo-sailing,files/ipc-2023/fo-sailing/domain.pddl,files/ipc-2023/fo-sailing/instances/instance_1_2_1229.pddl
PATTY-BV,ipc-2023/fo-sailing,files/ipc-2023/fo-sailing/domain.pddl,files/ipc-2023/fo-sailing/instances/instance_1_2_1229.pddl
ENHSP,ipc-2023/fo-sailing,files/ipc-2023/fo-sailing/domain.pddl,files/ipc-2023/fo-sailing/instances/instance_1_2_1229.pddl
PATTY,ipc-2023/fo-sailing,files/ipc-2023/fo-sailing/domain.pddl,files/ipc-2023/fo-sailing/instances/instance_1_3_1229.pddl
PATTY-BV,ipc-2023/fo-sailing,files/ipc-2023/fo-sailing/domain.pddl,files/ipc-2023/fo-sailing/instances/instance_1_3_1229.pddl
ENHSP,ipc-2023/fo-sailing,files/ipc-2023/fo-sailing/domain.pddl,files/ipc-2023/fo-sailing/instances/instance_1_3_1229.pddl
PATTY,ipc-2023/fo-sailing,files/ipc-2023/fo-sailing/domain.pddl,files/ipc-2023/fo-sailing/instances/instance_1_4_1229.pddl
PATTY-BV,ipc-2023/fo-sailing,files/ipc-2023/fo-sailing/domain.pddl,files/ipc-2023/fo-sailing/instances/instance_1_4_1229.pddl
ENHSP,ipc-2023/fo-sailing,files/ipc-2023/fo-sailing/domain.pddl,files/ipc-2023/fo-sailing/instances/instance_1_4_1229.pddl
PATTY,ipc-2023/fo-sailing,files/ipc-2023/fo-sailing/domain.pddl,files/ipc-2023/fo-sailing/instances/instance_2_1_1229.pddl
PATTY-BV,ipc-2023/fo-sailing,files/ipc-2023/fo-sailing/domain.pddl,files/ipc-2023/fo-sailing/instances/instance_2_1_1229.pddl
ENHSP,ipc-2023/fo-sailing,files/ipc-2023/fo-sailing/domain.pddl,files/ipc-2023/fo-sailing/instances/instance_2_1_1229.pddl
PATTY,ipc-2023/fo-sailing,files/ipc-2023/fo-sailing/domain.pddl,files/ipc-2023/fo-sailing/instances/instance_2_2_1229.pddl
PATTY-BV,ipc-2023/fo-sailing,files/ipc-2023/fo-sailing/domain.pddl,files/ipc-2023/fo-sailing/instances/instance_2_2_1229.pddl
ENHSP,ipc-2023/fo-sailing,files/ipc-2023/fo-sailing/domain.pddl,files/ipc-2023/fo-sailing/instances/instance_2_2_1229.pddl
PATTY,ipc-2023/fo-sailing,files/ipc-2023/fo-sailing/domain.pddl,files/ipc-2023/fo-sailing/instances/instance_2_3_1229.pddl
PATTY-BV,ipc-2023/fo-sailing,files/ipc-2023/fo-sailing/domain.pddl,files/ipc-2023/fo-sailing/instances/instance_2_3_1229.pddl
ENHSP,ipc-2023/fo-sailing,files/ipc-2023/fo-sailing/domain.pddl,files/ipc-2023/fo-sailing/instances/instance_2_3_1229.pddl
PATTY,ipc-2023/fo-sailing,files/ipc-2023/fo-sailing/domain.pddl,files/ipc-2023/fo-sailing/instances/instance_2_4_1229.pddl
PATTY-BV,ipc-2023/fo-sailing,files/ipc-2023/fo-sailing/domain.pddl,files/ipc-2023/fo-sailing/instances/instance_2_4_1229.pddl
ENHSP,ipc-2023/fo-sailing,files/ipc-2023/fo-sailing/domain.pddl,files/ipc-2023/fo-sailing/instances/instance_2_4_1229.pddl
PATTY,ipc-2023/fo-sailing,files/ipc-2023/fo-sailing/domain.pddl,files/ipc-2023/fo-sailing/instances/instance_3_1_1229.pddl
PATTY-BV,ipc-2023/fo-sailing,files/ipc-2023/fo-sailing/domain.pddl,files/ipc-2023/fo-sailing/instances/instance_3_1_1229.pddl
ENHSP,ipc-2023/fo-sailing,files/ipc-2023/fo-sailing/domain.pddl,files/ipc-2023/fo-sailing/instances/instance_3_1_1229.pddl
PATTY,ipc-2023/fo-sailing,files/ipc-2023/fo-sailing/domain.pddl,files/ipc-2023/fo-sailing/instances/instance_3_2_1229.pddl
PATTY-BV,ipc-2023/fo-sailing,files/ipc-2023/fo-sailing/domain.pddl,files/ipc-2023/fo-sailing/instances/instance_3_2_1229.pddl
ENHSP,ipc-2023/fo-sailing,files/ipc-2023/fo-sailing/domain.pddl,files/ipc-2023/fo-sailing/instances/instance_3_2_1229.pddl
PATTY,ipc-2023/fo-sailing,files/ipc-2023/fo-sailing/domain.pddl,files/ipc-2023/fo-sailing/instances/instance_3_3_1229.pddl
PATTY-BV,ipc-2023/fo-sailing,files/ipc-2023/fo-sailing/domain.pddl,files/ipc-2023/fo-sailing/instances/instance_3_3_1229.pddl
ENHSP,ipc-2023/fo-sailing,files/ipc-2023/fo-sailing/domain.pddl,files/ipc-2023/fo-sailing/instances/instance_3_3_1229.pddl
PATTY,ipc-2023/fo-sailing,files/ipc-2023/fo-sailing/domain.pddl,files/ipc-2023/fo-sailing/instances/instance_3_4_1229.pddl
PATTY-BV,ipc-2023/fo-sailing,files/ipc-2023/fo-sailing/domain.pddl,files/ipc-2023/fo-sailing/instances/instance_3_4_1229.pddl
ENHSP,ipc-2023/fo-sailing,files/ipc-2023/fo-sailing/domain.pddl,files/ipc-2023/fo-sailing/instances/instance_3_4_1229.pddl
PATTY,ipc-2023/fo-sailing,files/ipc-2023/fo-sailing/domain.pddl,files/ipc-2023/fo-sailing/instances/instance_4_1_1229.pddl
PATTY-BV,ipc-2023/fo-sailing,files/ipc-2023/fo-sailing/domain.pddl,files/ipc-2023/fo-sailing/instances/instance_4_1_1229.pddl
ENHSP,ipc-2023/fo-sailing,files/ipc-2023/fo-sailing/domain.pddl,files/ipc-2023/fo-sailing/instances/instance_4_1_1229.pddl
PATTY,ipc-2023/fo-sailing,files/ipc-2023/fo-sailing/domain.pddl,files/ipc-2023/fo-sailing/instances/instance_4_2_1229.pddl
PATTY-BV,ipc-2023/fo-sailing,files/ipc-2023/fo-sailing/domain.pddl,files/ipc-2023/fo-sailing/instances/instance_4_2_1229.pddl
ENHSP,ipc-2023/fo-sailing,files/ipc-2023/fo-sailing/domain.pddl,files/ipc-2023/fo-sailing/instances/instance_4_2_1229.pddl
PATTY,ipc-2023/fo-sailing,files/ipc-2023/fo-sailing/domain.pddl,files/ipc-2023/fo-sailing/instances/instance_4_3_1229.pddl
PATTY-BV,ipc-2023/fo-sailing,files/ipc-2023/fo-sailing/domain.pddl,files/ipc-2023/fo-sailing/instances/instance_4_3_1229.pddl
ENHSP,ipc-2023/fo-sailing,files/ipc-2023/fo-sailing/domain.pddl,files/ipc-2023/fo-sailing/instances/instance_4_3_1229.pddl
PATTY,ipc-2023/fo-sailing,files/ipc-2023/fo-sailing/domain.pddl,files/ipc-2023/fo-sailing/instances/instance_4_4_1229.pddl
PATTY-BV,ipc-2023/fo-sailing,files/ipc-2023/fo-sailing/domain.pddl,files/ipc-2023/fo-sailing/instances/instance_4_4_1229.pddl
ENHSP,ipc-2023/fo-sailing,files/ipc-2023/fo-sailing/domain.pddl,files/ipc-2023/fo-sailing/instances/instance_4_4_1229.pddl
PATTY,ipc-2023/fo-sailing,files/ipc-2023/fo-sailing/domain.pddl,files/ipc-2023/fo-sailing/instances/instance_5_1_1229.pddl
PATTY-BV,ipc-2023/fo-sailing,files/ipc-2023/fo-sailing/domain.pddl,files/ipc-2023/fo-sailing/instances/instance_5_1_1229.pddl
ENHSP,ipc-2023/fo-sailing,files/ipc-2023/fo-sailing/domain.pddl,files/ipc-2023/fo-sailing/instances/instance_5_1_1229.pddl
PATTY,ipc-2023/fo-sailing,files/ipc-2023/fo-sailing/domain.pddl,files/ipc-2023/fo-sailing/instances/instance_5_2_1229.pddl
PATTY-BV,ipc-2023/fo-sailing,files/ipc-2023/fo-sailing/domain.pddl,files/ipc-2023/fo-sailing/instances/instance_5_2_1229.pddl
ENHSP,ipc-2023/fo-sailing,files/ipc-2023/fo-sailing/domain.pddl,files/ipc-2023/fo-sailing/instances/instance_5_2_1229.pddl
PATTY,ipc-2023/fo-sailing,files/ipc-2023/fo-sailing/domain.pddl,files/ipc-2023/fo-sailing/instances/instance_5_3_1229.pddl
PATTY-BV,ipc-2023/fo-sailing,files/ipc-2023/fo-sailing/domain.pddl,files/ipc-2023/fo-sailing/instances/instance_5_3_1229.pddl
ENHSP,ipc-2023/fo-sailing,files/ipc-2023/fo-sailing/domain.pddl,files/ipc-2023/fo-sailing/instances/instance_5_3_1229.pddl
PATTY,ipc-2023/fo-sailing,files/ipc-2023/fo-sailing/domain.pddl,files/ipc-2023/fo-sailing/instances/instance_5_4_1229.pddl
PATTY-BV,ipc-2023/fo-sailing,files/ipc-2023/fo-sailing/domain.pddl,files/ipc-2023/fo-sailing/instances/instance_5_4_1229.pddl
ENHSP,ipc-2023/fo-sailing,files/ipc-2023/fo-sailing/domain.pddl,files/ipc-2023/fo-sailing/instances/instance_5_4_1229.pddl
PATTY,ipc-2023/fo_counters,files/ipc-2023/fo_counters/domain.pddl,files/ipc-2023/fo_counters/instances/instance_10.pddl
PATTY-BV,ipc-2023/fo_counters,files/ipc-2023/fo_counters/domain.pddl,files/ipc-2023/fo_counters/instances/instance_10.pddl
ENHSP,ipc-2023/fo_counters,files/ipc-2023/fo_counters/domain.pddl,files/ipc-2023/fo_counters/instances/instance_10.pddl
PATTY,ipc-2023/fo_counters,files/ipc-2023/fo_counters/domain.pddl,files/ipc-2023/fo_counters/instances/instance_11.pddl
PATTY-BV,ipc-2023/fo_counters,files/ipc-2023/fo_counters/domain.pddl,files/ipc-2023/fo_counters/instances/instance_11.pddl
ENHSP,ipc-2023/fo_counters,files/ipc-2023/fo_counters/domain.pddl,files/ipc-2023/fo_counters/instances/instance_11.pddl
PATTY,ipc-2023/fo_counters,files/ipc-2023/fo_counters/domain.pddl,files/ipc-2023/fo_counters/instances/instance_12.pddl
PATTY-BV,ipc-2023/fo_counters,files/ipc-2023/fo_counters/domain.pddl,files/ipc-2023/fo_counters/instances/instance_12.pddl
ENHSP,ipc-2023/fo_counters,files/ipc-2023/fo_counters/domain.pddl,files/ipc-2023/fo_counters/instances/instance_12.pddl
PATTY,ipc-2023/fo_counters,files/ipc-2023/fo_counters/domain.pddl,files/ipc-2023/fo_counters/instances/instance_13.pddl
PATTY-BV,ipc-2023/fo_counters,files/ipc-2023/fo_counters/domain.pddl,files/ipc-2023/fo_counters/instances/instance_13.pddl
ENHSP,ipc-2023/fo_counters,files/ipc-2023/fo_counters/domain.pddl,files/ipc-2023/fo_counters/instances/instance_13.pddl
PATTY,ipc-2023/fo_counters,files/ipc-2023/fo_counters/domain.pddl,files/ipc-2023/fo_counters/instances/instance_14.pddl
PATTY-BV,ipc-2023/fo_counters,files/ipc-2023/fo_counters/domain.pddl,files/ipc-2023/fo_counters/instances/instance_14.pddl
ENHSP,ipc-2023/fo_counters,files/ipc-2023/fo_counters/domain.pddl,files/ipc-2023/fo_counters/instances/instance_14.pddl
PATTY,ipc-2023/fo_counters,files/ipc-2023/fo_counters/domain.pddl,files/ipc-2023/fo_counters/instances/instance_15.pddl
PATTY-BV,ipc-2023/fo_counters,files/ipc-2023/fo_counters/domain.pddl,files/ipc-2023/fo_counters/instances/instance_15.pddl
ENHSP,ipc-2023/fo_counters,files/ipc-2023/fo_counters/domain.pddl,files/ipc-2023/fo_counters/instances/instance_15.pddl
PATTY,ipc-2023/fo_counters,files/ipc-2023/fo_counters/domain.pddl,files/ipc-2023/fo_counters/instances/instance_16.pddl
PATTY-BV,ipc-2023/fo_counters,files/ipc-2023/fo_counters/domain.pddl,files/ipc-2023/fo_counters/instances/instance_16.pddl
ENHSP,ipc-2023/fo_counters,files/ipc-2023/fo_counters/domain.pddl,files/ipc-2023/fo_counters/instances/instance_16.pddl
PATTY,ipc-2023/fo_counters,files/ipc-2023/fo_counters/domain.pddl,files/ipc-2023/fo_counters/instances/instance_17.pddl
PATTY-BV,ipc-2023/fo_counters,files/ipc-2023/fo_counters/domain.pddl,files/ipc-2023/fo_counters/instances/instance_17.pddl
ENHSP,ipc-2023/fo_counters,files/ipc-2023/fo_counters/domain.pddl,files/ipc-2023/fo_counters/instances/instance_17.pddl
PATTY,ipc-2023/fo_counters,files/ipc-2023/fo_counters/domain.pddl,files/ipc-2023/fo_counters/instances/instance_18.pddl
PATTY-BV,ipc-2023/fo_counters,files/ipc-2023/fo_counters/domain.pddl,files/ipc-2023/fo_counters/instances/instance_18.pddl
ENHSP,ipc-2023/fo_counters,files/ipc-2023/fo_counters/domain.pddl,files/ipc-2023/fo_counters/instances/instance_18.pddl
PATTY,ipc-2023/fo_counters,files/ipc-2023/fo_counters/domain.pddl,files/ipc-2023/fo_counters/instances/instance_19.pddl
PATTY-BV,ipc-2023/fo_counters,files/ipc-2023/fo_counters/domain.pddl,files/ipc-2023/fo_counters/instances/instance_19.pddl
ENHSP,ipc-2023/fo_counters,files/ipc-2023/fo_counters/domain.pddl,files/ipc-2023/fo_counters/instances/instance_19.pddl
PATTY,ipc-2023/fo_counters,files/ipc-2023/fo_counters/domain.pddl,files/ipc-2023/fo_counters/instances/instance_2.pddl
PATTY-BV,ipc-2023/fo_counters,files/ipc-2023/fo_counters/domain.pddl,files/ipc-2023/fo_counters/instances/instance_2.pddl
ENHSP,ipc-2023/fo_counters,files/ipc-2023/fo_counters/domain.pddl,files/ipc-2023/fo_counters/instances/instance_2.pddl
PATTY,ipc-2023/fo_counters,files/ipc-2023/fo_counters/domain.pddl,files/ipc-2023/fo_counters/instances/instance_20.pddl
PATTY-BV,ipc-2023/fo_counters,files/ipc-2023/fo_counters/domain.pddl,files/ipc-2023/fo_counters/instances/instance_20.pddl
ENHSP,ipc-2023/fo_counters,files/ipc-2023/fo_counters/domain.pddl,files/ipc-2023/fo_counters/instances/instance_20.pddl
PATTY,ipc-2023/fo_counters,files/ipc-2023/fo_counters/domain.pddl,files/ipc-2023/fo_counters/instances/instance_21.pddl
PATTY-BV,ipc-2023/fo_counters,files/ipc-2023/fo_counters/domain.pddl,files/ipc-2023/fo_counters/instances/instance_21.pddl
ENHSP,ipc-2023/fo_counters,files/ipc-2023/fo_counters/domain.pddl,files/ipc-2023/fo_counters/instances/instance_21.pddl
PATTY,ipc-2023/fo_counters,files/ipc-2023/fo_counters/domain.pddl,files/ipc-2023/fo_counters/instances/instance_3.pddl
PATTY-BV,ipc-2023/fo_counters,files/ipc-2023/fo_counters/domain.pddl,files/ipc-2023/fo_counters/instances/instance_3.pddl
ENHSP,ipc-2023/fo_counters,files/ipc-2023/fo_counters/domain.pddl,files/ipc-2023/fo_counters/instances/instance_3.pddl
PATTY,ipc-2023/fo_counters,files/ipc-2023/fo_counters/domain.pddl,files/ipc-2023/fo_counters/instances/instance_4.pddl
PATTY-BV,ipc-2023/fo_counters,files/ipc-2023/fo_counters/domain.pddl,files/ipc-2023/fo_counters/instances/instance_4.pddl
ENHSP,ipc-2023/fo_counters,files/ipc-2023/fo_counters/domain.pddl,files/ipc-2023/fo_counters/instances/instance_4.pddl
PATTY,ipc-2023/fo_counters,files/ipc-2023/fo_counters/domain.pddl,files/ipc-2023/fo_counters/instances/instance_5.pddl
PATTY-BV,ipc-2023/fo_counters,files/ipc-2023/fo_counters/domain.pddl,files/ipc-2023/fo_counters/instances/instance_5.pddl
ENHSP,ipc-2023/fo_counters,files/ipc-2023/fo_counters/domain.pddl,files/ipc-2023/fo_counters/instances/instance_5.pddl
PATTY,ipc-2023/fo_counters,files/ipc-2023/fo_counters/domain.pddl,files/ipc-2023/fo_counters/instances/instance_6.pddl
PATTY-BV,ipc-2023/fo_counters,files/ipc-2023/fo_counters/domain.pddl,files/ipc-2023/fo_counters/instances/instance_6.pddl
ENHSP,ipc-2023/fo_counters,files/ipc-2023/fo_counters/domain.pddl,files/ipc-2023/fo_counters/instances/instance_6.pddl
PATTY,ipc-2023/fo_counters,files/ipc-2023/fo_counters/domain.pddl,files/ipc-2023/fo_counters/instances/instance_7.pddl
PATTY-BV,ipc-2023/fo_counters,files/ipc-2023/fo_counters/domain.pddl,files/ipc-2023/fo_counters/instances/instance_7.pddl
ENHSP,ipc-2023/fo_counters,files/ipc-2023/fo_counters/domain.pddl,files/ipc-2023/fo_counters/instances/instance_7.pddl
PATTY,ipc-2023/fo_counters,files/ipc-2023/fo_counters/domain.pddl,files/ipc-2023/fo_counters/instances/instance_8.pddl
PATTY-BV,ipc-2023/fo_counters,files/ipc-2023/fo_counters/domain.pddl,files/ipc-2023/fo_counters/instances/instance_8.pddl
ENHSP,ipc-2023/fo_counters,files/ipc-2023/fo_counters/domain.pddl,files/ipc-2023/fo_counters/instances/instance_8.pddl
PATTY,ipc-2023/fo_counters,files/ipc-2023/fo_counters/domain.pddl,files/ipc-2023/fo_counters/instances/instance_9.pddl
PATTY-BV,ipc-2023/fo_counters,files/ipc-2023/fo_counters/domain.pddl,files/ipc-2023/fo_counters/instances/instance_9.pddl
ENHSP,ipc-2023/fo_counters,files/ipc-2023/fo_counters/domain.pddl,files/ipc-2023/fo_counters/instances/instance_9.pddl
PATTY,ipc-2023/hydropower,files/ipc-2023/hydropower/domain.pddl,files/ipc-2023/hydropower/instances/pfile01.pddl
PATTY-BV,ipc-2023/hydropower,files/ipc-2023/hydropower/domain.pddl,files/ipc-2023/hydropower/instances/pfile01.pddl
ENHSP,ipc-2023/hydropower,files/ipc-2023/hydropower/domain.pddl,files/ipc-2023/hydropower/instances/pfile01.pddl
PATTY,ipc-2023/hydropower,files/ipc-2023/hydropower/domain.pddl,files/ipc-2023/hydropower/instances/pfile02.pddl
PATTY-BV,ipc-2023/hydropower,files/ipc-2023/hydropower/domain.pddl,files/ipc-2023/hydropower/instances/pfile02.pddl
ENHSP,ipc-2023/hydropower,files/ipc-2023/hydropower/domain.pddl,files/ipc-2023/hydropower/instances/pfile02.pddl
PATTY,ipc-2023/hydropower,files/ipc-2023/hydropower/domain.pddl,files/ipc-2023/hydropower/instances/pfile04.pddl
PATTY-BV,ipc-2023/hydropower,files/ipc-2023/hydropower/domain.pddl,files/ipc-2023/hydropower/instances/pfile04.pddl
ENHSP,ipc-2023/hydropower,files/ipc-2023/hydropower/domain.pddl,files/ipc-2023/hydropower/instances/pfile04.pddl
PATTY,ipc-2023/hydropower,files/ipc-2023/hydropower/domain.pddl,files/ipc-2023/hydropower/instances/pfile05.pddl
PATTY-BV,ipc-2023/hydropower,files/ipc-2023/hydropower/domain.pddl,files/ipc-2023/hydropower/instances/pfile05.pddl
ENHSP,ipc-2023/hydropower,files/ipc-2023/hydropower/domain.pddl,files/ipc-2023/hydropower/instances/pfile05.pddl
PATTY,ipc-2023/hydropower,files/ipc-2023/hydropower/domain.pddl,files/ipc-2023/hydropower/instances/pfile06.pddl
PATTY-BV,ipc-2023/hydropower,files/ipc-2023/hydropower/domain.pddl,files/ipc-2023/hydropower/instances/pfile06.pddl
ENHSP,ipc-2023/hydropower,files/ipc-2023/hydropower/domain.pddl,files/ipc-2023/hydropower/instances/pfile06.pddl
PATTY,ipc-2023/hydropower,files/ipc-2023/hydropower/domain.pddl,files/ipc-2023/hydropower/instances/pfile07.pddl
PATTY-BV,ipc-2023/hydropower,files/ipc-2023/hydropower/domain.pddl,files/ipc-2023/hydropower/instances/pfile07.pddl
ENHSP,ipc-2023/hydropower,files/ipc-2023/hydropower/domain.pddl,files/ipc-2023/hydropower/instances/pfile07.pddl
PATTY,ipc-2023/hydropower,files/ipc-2023/hydropower/domain.pddl,files/ipc-2023/hydropower/instances/pfile08.pddl
PATTY-BV,ipc-2023/hydropower,files/ipc-2023/hydropower/domain.pddl,files/ipc-2023/hydropower/instances/pfile08.pddl
ENHSP,ipc-2023/hydropower,files/ipc-2023/hydropower/domain.pddl,files/ipc-2023/hydropower/instances/pfile08.pddl
PATTY,ipc-2023/hydropower,files/ipc-2023/hydropower/domain.pddl,files/ipc-2023/hydropower/instances/pfile09.pddl
PATTY-BV,ipc-2023/hydropower,files/ipc-2023/hydropower/domain.pddl,files/ipc-2023/hydropower/instances/pfile09.pddl
ENHSP,ipc-2023/hydropower,files/ipc-2023/hydropower/domain.pddl,files/ipc-2023/hydropower/instances/pfile09.pddl
PATTY,ipc-2023/hydropower,files/ipc-2023/hydropower/domain.pddl,files/ipc-2023/hydropower/instances/pfile11.pddl
PATTY-BV,ipc-2023/hydropower,files/ipc-2023/hydropower/domain.pddl,files/ipc-2023/hydropower/instances/pfile11.pddl
ENHSP,ipc-2023/hydropower,files/ipc-2023/hydropower/domain.pddl,files/ipc-2023/hydropower/instances/pfile11.pddl
PATTY,ipc-2023/hydropower,files/ipc-2023/hydropower/domain.pddl,files/ipc-2023/hydropower/instances/pfile12.pddl
PATTY-BV,ipc-2023/hydropower,files/ipc-2023/hydropower/domain.pddl,files/ipc-2023/hydropower/instances/pfile12.pddl
ENHSP,ipc-2023/hydropower,files/ipc-2023/hydropower/domain.pddl,files/ipc-2023/hydropower/instances/pfile12.pddl
PATTY,ipc-2023/hydropower,files/ipc-2023/hydropower/domain.pddl,files/ipc-2023/hydropower/instances/pfile13.pddl
PATTY-BV,ipc-2023/hydropower,files/ipc-2023/hydropower/domain.pddl,files/ipc-2023/hydropower/instances/pfile13.pddl
ENHSP,ipc-2023/hydropower,files/ipc-2023/hydropower/domain.pddl,files/ipc-2023/hydropower/instances/pfile13.pddl
PATTY,ipc-2023/hydropower,files/ipc-2023/hydropower/domain.pddl,files/ipc-2023/hydropower/instances/pfile14.pddl
PATTY-BV,ipc-2023/hydropower,files/ipc-2023/hydropower/domain.pddl,files/ipc-2023/hydropower/instances/pfile14.pddl
ENHSP,ipc-2023/hydropower,files/ipc-2023/hydropower/domain.pddl,files/ipc-2023/hydropower/instances/pfile14.pddl
PATTY,ipc-2023/hydropower,files/ipc-2023/hydropower/domain.pddl,files/ipc-2023/hydropower/instances/pfile18.pddl
PATTY-BV,ipc-2023/hydropower,files/ipc-2023/hydropower/domain.pddl,files/ipc-2023/hydropower/instances/pfile18.pddl
ENHSP,ipc-2023/hydropower,files/ipc-2023/hydropower/domain.pddl,files/ipc-2023/hydropower/instances/pfile18.pddl
PATTY,ipc-2023/hydropower,files/ipc-2023/hydropower/domain.pddl,files/ipc-2023/hydropower/instances/pfile19.pddl
PATTY-BV,ipc-2023/hydropower,files/ipc-2023/hydropower/domain.pddl,files/ipc-2023/hydropower/instances/pfile19.pddl
ENHSP,ipc-2023/hydropower,files/ipc-2023/hydropower/domain.pddl,files/ipc-2023/hydropower/instances/pfile19.pddl
PATTY,ipc-2023/hydropower,files/ipc-2023/hydropower/domain.pddl,files/ipc-2023/hydropower/instances/pfile20.pddl
PATTY-BV,ipc-2023/hydropower,files/ipc-2023/hydropower/domain.pddl,files/ipc-2023/hydropower/instances/pfile20.pddl
ENHSP,ipc-2023/hydropower,files/ipc-2023/hydropower/domain.pddl,files/ipc-2023/hydropower/instances/pfile20.pddl
PATTY,ipc-2023/hydropower,files/ipc-2023/hydropower/domain.pddl,files/ipc-2023/hydropower/instances/pfile22.pddl
PATTY-BV,ipc-2023/hydropower,files/ipc-2023/hydropower/domain.pddl,files/ipc-2023/hydropower/instances/pfile22.pddl
ENHSP,ipc-2023/hydropower,files/ipc-2023/hydropower/domain.pddl,files/ipc-2023/hydropower/instances/pfile22.pddl
PATTY,ipc-2023/hydropower,files/ipc-2023/hydropower/domain.pddl,files/ipc-2023/hydropower/instances/pfile23.pddl
PATTY-BV,ipc-2023/hydropower,files/ipc-2023/hydropower/domain.pddl,files/ipc-2023/hydropower/instances/pfile23.pddl
ENHSP,ipc-2023/hydropower,files/ipc-2023/hydropower/domain.pddl,files/ipc-2023/hydropower/instances/pfile23.pddl
PATTY,ipc-2023/hydropower,files/ipc-2023/hydropower/domain.pddl,files/ipc-2023/hydropower/instances/pfile24.pddl
PATTY-BV,ipc-2023/hydropower,files/ipc-2023/hydropower/domain.pddl,files/ipc-2023/hydropower/instances/pfile24.pddl
ENHSP,ipc-2023/hydropower,files/ipc-2023/hydropower/domain.pddl,files/ipc-2023/hydropower/instances/pfile24.pddl
PATTY,ipc-2023/hydropower,files/ipc-2023/hydropower/domain.pddl,files/ipc-2023/hydropower/instances/pfile27.pddl
PATTY-BV,ipc-2023/hydropower,files/ipc-2023/hydropower/domain.pddl,files/ipc-2023/hydropower/instances/pfile27.pddl
ENHSP,ipc-2023/hydropower,files/ipc-2023/hydropower/domain.pddl,files/ipc-2023/hydropower/instances/pfile27.pddl
PATTY,ipc-2023/hydropower,files/ipc-2023/hydropower/domain.pddl,files/ipc-2023/hydropower/instances/pfile28.pddl
PATTY-BV,ipc-2023/hydropower,files/ipc-2023/hydropower/domain.pddl,files/ipc-2023/hydropower/instances/pfile28.pddl
ENHSP,ipc-2023/hydropower,files/ipc-2023/hydropower/domain.pddl,files/ipc-2023/hydropower/instances/pfile28.pddl
PATTY,ipc-2023/markettrader,files/ipc-2023/markettrader/domain.pddl,files/ipc-2023/markettrader/instances/pfile01.pddl
PATTY-BV,ipc-2023/markettrader,files/ipc-2023/markettrader/domain.pddl,files/ipc-2023/markettrader/instances/pfile01.pddl
ENHSP,ipc-2023/markettrader,files/ipc-2023/markettrader/domain.pddl,files/ipc-2023/markettrader/instances/pfile01.pddl
PATTY,ipc-2023/markettrader,files/ipc-2023/markettrader/domain.pddl,files/ipc-2023/markettrader/instances/pfile02.pddl
PATTY-BV,ipc-2023/markettrader,files/ipc-2023/markettrader/domain.pddl,files/ipc-2023/markettrader/instances/pfile02.pddl
ENHSP,ipc-2023/markettrader,files/ipc-2023/markettrader/domain.pddl,files/ipc-2023/markettrader/instances/pfile02.pddl
PATTY,ipc-2023/markettrader,files/ipc-2023/markettrader/domain.pddl,files/ipc-2023/markettrader/instances/pfile03.pddl
PATTY-BV,ipc-2023/markettrader,files/ipc-2023/markettrader/domain.pddl,files/ipc-2023/markettrader/instances/pfile03.pddl
ENHSP,ipc-2023/markettrader,files/ipc-2023/markettrader/domain.pddl,files/ipc-2023/markettrader/instances/pfile03.pddl
PATTY,ipc-2023/markettrader,files/ipc-2023/markettrader/domain.pddl,files/ipc-2023/markettrader/instances/pfile04.pddl
PATTY-BV,ipc-2023/markettrader,files/ipc-2023/markettrader/domain.pddl,files/ipc-2023/markettrader/instances/pfile04.pddl
ENHSP,ipc-2023/markettrader,files/ipc-2023/markettrader/domain.pddl,files/ipc-2023/markettrader/instances/pfile04.pddl
PATTY,ipc-2023/markettrader,files/ipc-2023/markettrader/domain.pddl,files/ipc-2023/markettrader/instances/pfile05.pddl
PATTY-BV,ipc-2023/markettrader,files/ipc-2023/markettrader/domain.pddl,files/ipc-2023/markettrader/instances/pfile05.pddl
ENHSP,ipc-2023/markettrader,files/ipc-2023/markettrader/domain.pddl,files/ipc-2023/markettrader/instances/pfile05.pddl
PATTY,ipc-2023/markettrader,files/ipc-2023/markettrader/domain.pddl,files/ipc-2023/markettrader/instances/pfile06.pddl
PATTY-BV,ipc-2023/markettrader,files/ipc-2023/markettrader/domain.pddl,files/ipc-2023/markettrader/instances/pfile06.pddl
ENHSP,ipc-2023/markettrader,files/ipc-2023/markettrader/domain.pddl,files/ipc-2023/markettrader/instances/pfile06.pddl
PATTY,ipc-2023/markettrader,files/ipc-2023/markettrader/domain.pddl,files/ipc-2023/markettrader/instances/pfile07.pddl
PATTY-BV,ipc-2023/markettrader,files/ipc-2023/markettrader/domain.pddl,files/ipc-2023/markettrader/instances/pfile07.pddl
ENHSP,ipc-2023/markettrader,files/ipc-2023/markettrader/domain.pddl,files/ipc-2023/markettrader/instances/pfile07.pddl
PATTY,ipc-2023/markettrader,files/ipc-2023/markettrader/domain.pddl,files/ipc-2023/markettrader/instances/pfile08.pddl
PATTY-BV,ipc-2023/markettrader,files/ipc-2023/markettrader/domain.pddl,files/ipc-2023/markettrader/instances/pfile08.pddl
ENHSP,ipc-2023/markettrader,files/ipc-2023/markettrader/domain.pddl,files/ipc-2023/markettrader/instances/pfile08.pddl
PATTY,ipc-2023/markettrader,files/ipc-2023/markettrader/domain.pddl,files/ipc-2023/markettrader/instances/pfile09.pddl
PATTY-BV,ipc-2023/markettrader,files/ipc-2023/markettrader/domain.pddl,files/ipc-2023/markettrader/instances/pfile09.pddl
ENHSP,ipc-2023/markettrader,files/ipc-2023/markettrader/domain.pddl,files/ipc-2023/markettrader/instances/pfile09.pddl
PATTY,ipc-2023/markettrader,files/ipc-2023/markettrader/domain.pddl,files/ipc-2023/markettrader/instances/pfile10.pddl
PATTY-BV,ipc-2023/markettrader,files/ipc-2023/markettrader/domain.pddl,files/ipc-2023/markettrader/instances/pfile10.pddl
ENHSP,ipc-2023/markettrader,files/ipc-2023/markettrader/domain.pddl,files/ipc-2023/markettrader/instances/pfile10.pddl
PATTY,ipc-2023/markettrader,files/ipc-2023/markettrader/domain.pddl,files/ipc-2023/markettrader/instances/pfile11.pddl
PATTY-BV,ipc-2023/markettrader,files/ipc-2023/markettrader/domain.pddl,files/ipc-2023/markettrader/instances/pfile11.pddl
ENHSP,ipc-2023/markettrader,files/ipc-2023/markettrader/domain.pddl,files/ipc-2023/markettrader/instances/pfile11.pddl
PATTY,ipc-2023/markettrader,files/ipc-2023/markettrader/domain.pddl,files/ipc-2023/markettrader/instances/pfile12.pddl
PATTY-BV,ipc-2023/markettrader,files/ipc-2023/markettrader/domain.pddl,files/ipc-2023/markettrader/instances/pfile12.pddl
ENHSP,ipc-2023/markettrader,files/ipc-2023/markettrader/domain.pddl,files/ipc-2023/markettrader/instances/pfile12.pddl
PATTY,ipc-2023/markettrader,files/ipc-2023/markettrader/domain.pddl,files/ipc-2023/markettrader/instances/pfile13.pddl
PATTY-BV,ipc-2023/markettrader,files/ipc-2023/markettrader/domain.pddl,files/ipc-2023/markettrader/instances/pfile13.pddl
ENHSP,ipc-2023/markettrader,files/ipc-2023/markettrader/domain.pddl,files/ipc-2023/markettrader/instances/pfile13.pddl
PATTY,ipc-2023/markettrader,files/ipc-2023/markettrader/domain.pddl,files/ipc-2023/markettrader/instances/pfile14.pddl
PATTY-BV,ipc-2023/markettrader,files/ipc-2023/markettrader/domain.pddl,files/ipc-2023/markettrader/instances/pfile14.pddl
ENHSP,ipc-2023/markettrader,files/ipc-2023/markettrader/domain.pddl,files/ipc-2023/markettrader/instances/pfile14.pddl
PATTY,ipc-2023/markettrader,files/ipc-2023/markettrader/domain.pddl,files/ipc-2023/markettrader/instances/pfile15.pddl
PATTY-BV,ipc-2023/markettrader,files/ipc-2023/markettrader/domain.pddl,files/ipc-2023/markettrader/instances/pfile15.pddl
ENHSP,ipc-2023/markettrader,files/ipc-2023/markettrader/domain.pddl,files/ipc-2023/markettrader/instances/pfile15.pddl
PATTY,ipc-2023/markettrader,files/ipc-2023/markettrader/domain.pddl,files/ipc-2023/markettrader/instances/pfile16.pddl
PATTY-BV,ipc-2023/markettrader,files/ipc-2023/markettrader/domain.pddl,files/ipc-2023/markettrader/instances/pfile16.pddl
ENHSP,ipc-2023/markettrader,files/ipc-2023/markettrader/domain.pddl,files/ipc-2023/markettrader/instances/pfile16.pddl
PATTY,ipc-2023/markettrader,files/ipc-2023/markettrader/domain.pddl,files/ipc-2023/markettrader/instances/pfile17.pddl
PATTY-BV,ipc-2023/markettrader,files/ipc-2023/markettrader/domain.pddl,files/ipc-2023/markettrader/instances/pfile17.pddl
ENHSP,ipc-2023/markettrader,files/ipc-2023/markettrader/domain.pddl,files/ipc-2023/markettrader/instances/pfile17.pddl
PATTY,ipc-2023/markettrader,files/ipc-2023/markettrader/domain.pddl,files/ipc-2023/markettrader/instances/pfile18.pddl
PATTY-BV,ipc-2023/markettrader,files/ipc-2023/markettrader/domain.pddl,files/ipc-2023/markettrader/instances/pfile18.pddl
ENHSP,ipc-2023/markettrader,files/ipc-2023/markettrader/domain.pddl,files/ipc-2023/markettrader/instances/pfile18.pddl
PATTY,ipc-2023/markettrader,files/ipc-2023/markettrader/domain.pddl,files/ipc-2023/markettrader/instances/pfile19.pddl
PATTY-BV,ipc-2023/markettrader,files/ipc-2023/markettrader/domain.pddl,files/ipc-2023/markettrader/instances/pfile19.pddl
ENHSP,ipc-2023/markettrader,files/ipc-2023/markettrader/domain.pddl,files/ipc-2023/markettrader/instances/pfile19.pddl
PATTY,ipc-2023/markettrader,files/ipc-2023/markettrader/domain.pddl,files/ipc-2023/markettrader/instances/pfile20.pddl
PATTY-BV,ipc-2023/markettrader,files/ipc-2023/markettrader/domain.pddl,files/ipc-2023/markettrader/instances/pfile20.pddl
ENHSP,ipc-2023/markettrader,files/ipc-2023/markettrader/domain.pddl,files/ipc-2023/markettrader/instances/pfile20.pddl
PATTY,ipc-2023/mprime,files/ipc-2023/mprime/domain.pddl,files/ipc-2023/mprime/instances/pfile01.pddl
PATTY-BV,ipc-2023/mprime,files/ipc-2023/mprime/domain.pddl,files/ipc-2023/mprime/instances/pfile01.pddl
ENHSP,ipc-2023/mprime,files/ipc-2023/mprime/domain.pddl,files/ipc-2023/mprime/instances/pfile01.pddl
PATTY,ipc-2023/mprime,files/ipc-2023/mprime/domain.pddl,files/ipc-2023/mprime/instances/pfile02.pddl
PATTY-BV,ipc-2023/mprime,files/ipc-2023/mprime/domain.pddl,files/ipc-2023/mprime/instances/pfile02.pddl
ENHSP,ipc-2023/mprime,files/ipc-2023/mprime/domain.pddl,files/ipc-2023/mprime/instances/pfile02.pddl
PATTY,ipc-2023/mprime,files/ipc-2023/mprime/domain.pddl,files/ipc-2023/mprime/instances/pfile04.pddl
PATTY-BV,ipc-2023/mprime,files/ipc-2023/mprime/domain.pddl,files/ipc-2023/mprime/instances/pfile04.pddl
ENHSP,ipc-2023/mprime,files/ipc-2023/mprime/domain.pddl,files/ipc-2023/mprime/instances/pfile04.pddl
PATTY,ipc-2023/mprime,files/ipc-2023/mprime/domain.pddl,files/ipc-2023/mprime/instances/pfile05.pddl
PATTY-BV,ipc-2023/mprime,files/ipc-2023/mprime/domain.pddl,files/ipc-2023/mprime/instances/pfile05.pddl
ENHSP,ipc-2023/mprime,files/ipc-2023/mprime/domain.pddl,files/ipc-2023/mprime/instances/pfile05.pddl
PATTY,ipc-2023/mprime,files/ipc-2023/mprime/domain.pddl,files/ipc-2023/mprime/instances/pfile09.pddl
PATTY-BV,ipc-2023/mprime,files/ipc-2023/mprime/domain.pddl,files/ipc-2023/mprime/instances/pfile09.pddl
ENHSP,ipc-2023/mprime,files/ipc-2023/mprime/domain.pddl,files/ipc-2023/mprime/instances/pfile09.pddl
PATTY,ipc-2023/mprime,files/ipc-2023/mprime/domain.pddl,files/ipc-2023/mprime/instances/pfile13.pddl
PATTY-BV,ipc-2023/mprime,files/ipc-2023/mprime/domain.pddl,files/ipc-2023/mprime/instances/pfile13.pddl
ENHSP,ipc-2023/mprime,files/ipc-2023/mprime/domain.pddl,files/ipc-2023/mprime/instances/pfile13.pddl
PATTY,ipc-2023/mprime,files/ipc-2023/mprime/domain.pddl,files/ipc-2023/mprime/instances/pfile14.pddl
PATTY-BV,ipc-2023/mprime,files/ipc-2023/mprime/domain.pddl,files/ipc-2023/mprime/instances/pfile14.pddl
ENHSP,ipc-2023/mprime,files/ipc-2023/mprime/domain.pddl,files/ipc-2023/mprime/instances/pfile14.pddl
PATTY,ipc-2023/mprime,files/ipc-2023/mprime/domain.pddl,files/ipc-2023/mprime/instances/pfile15.pddl
PATTY-BV,ipc-2023/mprime,files/ipc-2023/mprime/domain.pddl,files/ipc-2023/mprime/instances/pfile15.pddl
ENHSP,ipc-2023/mprime,files/ipc-2023/mprime/domain.pddl,files/ipc-2023/mprime/instances/pfile15.pddl
PATTY,ipc-2023/mprime,files/ipc-2023/mprime/domain.pddl,files/ipc-2023/mprime/instances/pfile16.pddl
PATTY-BV,ipc-2023/mprime,files/ipc-2023/mprime/domain.pddl,files/ipc-2023/mprime/instances/pfile16.pddl
ENHSP,ipc-2023/mprime,files/ipc-2023/mprime/domain.pddl,files/ipc-2023/mprime/instances/pfile16.pddl
PATTY,ipc-2023/mprime,files/ipc-2023/mprime/domain.pddl,files/ipc-2023/mprime/instances/pfile18.pddl
PATTY-BV,ipc-2023/mprime,files/ipc-2023/mprime/domain.pddl,files/ipc-2023/mprime/instances/pfile18.pddl
ENHSP,ipc-2023/mprime,files/ipc-2023/mprime/domain.pddl,files/ipc-2023/mprime/instances/pfile18.pddl
PATTY,ipc-2023/mprime,files/ipc-2023/mprime/domain.pddl,files/ipc-2023/mprime/instances/pfile19.pddl
PATTY-BV,ipc-2023/mprime,files/ipc-2023/mprime/domain.pddl,files/ipc-2023/mprime/instances/pfile19.pddl
ENHSP,ipc-2023/mprime,files/ipc-2023/mprime/domain.pddl,files/ipc-2023/mprime/instances/pfile19.pddl
PATTY,ipc-2023/mprime,files/ipc-2023/mprime/domain.pddl,files/ipc-2023/mprime/instances/pfile20.pddl
PATTY-BV,ipc-2023/mprime,files/ipc-2023/mprime/domain.pddl,files/ipc-2023/mprime/instances/pfile20.pddl
ENHSP,ipc-2023/mprime,files/ipc-2023/mprime/domain.pddl,files/ipc-2023/mprime/instances/pfile20.pddl
PATTY,ipc-2023/mprime,files/ipc-2023/mprime/domain.pddl,files/ipc-2023/mprime/instances/pfile21.pddl
PATTY-BV,ipc-2023/mprime,files/ipc-2023/mprime/domain.pddl,files/ipc-2023/mprime/instances/pfile21.pddl
ENHSP,ipc-2023/mprime,files/ipc-2023/mprime/domain.pddl,files/ipc-2023/mprime/instances/pfile21.pddl
PATTY,ipc-2023/mprime,files/ipc-2023/mprime/domain.pddl,files/ipc-2023/mprime/instances/pfile22.pddl
PATTY-BV,ipc-2023/mprime,files/ipc-2023/mprime/domain.pddl,files/ipc-2023/mprime/instances/pfile22.pddl
ENHSP,ipc-2023/mprime,files/ipc-2023/mprime/domain.pddl,files/ipc-2023/mprime/instances/pfile22.pddl
PATTY,ipc-2023/mprime,files/ipc-2023/mprime/domain.pddl,files/ipc-2023/mprime/instances/pfile23.pddl
PATTY-BV,ipc-2023/mprime,files/ipc-2023/mprime/domain.pddl,files/ipc-2023/mprime/instances/pfile23.pddl
ENHSP,ipc-2023/mprime,files/ipc-2023/mprime/domain.pddl,files/ipc-2023/mprime/instances/pfile23.pddl
PATTY,ipc-2023/mprime,files/ipc-2023/mprime/domain.pddl,files/ipc-2023/mprime/instances/pfile24.pddl
PATTY-BV,ipc-2023/mprime,files/ipc-2023/mprime/domain.pddl,files/ipc-2023/mprime/instances/pfile24.pddl
ENHSP,ipc-2023/mprime,files/ipc-2023/mprime/domain.pddl,files/ipc-2023/mprime/instances/pfile24.pddl
PATTY,ipc-2023/mprime,files/ipc-2023/mprime/domain.pddl,files/ipc-2023/mprime/instances/pfile25.pddl
PATTY-BV,ipc-2023/mprime,files/ipc-2023/mprime/domain.pddl,files/ipc-2023/mprime/instances/pfile25.pddl
ENHSP,ipc-2023/mprime,files/ipc-2023/mprime/domain.pddl,files/ipc-2023/mprime/instances/pfile25.pddl
PATTY,ipc-2023/mprime,files/ipc-2023/mprime/domain.pddl,files/ipc-2023/mprime/instances/pfile26.pddl
PATTY-BV,ipc-2023/mprime,files/ipc-2023/mprime/domain.pddl,files/ipc-2023/mprime/instances/pfile26.pddl
ENHSP,ipc-2023/mprime,files/ipc-2023/mprime/domain.pddl,files/ipc-2023/mprime/instances/pfile26.pddl
PATTY,ipc-2023/mprime,files/ipc-2023/mprime/domain.pddl,files/ipc-2023/mprime/instances/pfile27.pddl
PATTY-BV,ipc-2023/mprime,files/ipc-2023/mprime/domain.pddl,files/ipc-2023/mprime/instances/pfile27.pddl
ENHSP,ipc-2023/mprime,files/ipc-2023/mprime/domain.pddl,files/ipc-2023/mprime/instances/pfile27.pddl
PATTY,ipc-2023/mprime,files/ipc-2023/mprime/domain.pddl,files/ipc-2023/mprime/instances/pfile28.pddl
PATTY-BV,ipc-2023/mprime,files/ipc-2023/mprime/domain.pddl,files/ipc-2023/mprime/instances/pfile28.pddl
ENHSP,ipc-2023/mprime,files/ipc-2023/mprime/domain.pddl,files/ipc-2023/mprime/instances/pfile28.pddl
PATTY,ipc-2023/pathwaysmetric,files/ipc-2023/pathwaysmetric/domain.pddl,files/ipc-2023/pathwaysmetric/instances/pfile01.pddl
PATTY-BV,ipc-2023/pathwaysmetric,files/ipc-2023/pathwaysmetric/domain.pddl,files/ipc-2023/pathwaysmetric/instances/pfile01.pddl
ENHSP,ipc-2023/pathwaysmetric,files/ipc-2023/pathwaysmetric/domain.pddl,files/ipc-2023/pathwaysmetric/instances/pfile01.pddl
PATTY,ipc-2023/pathwaysmetric,files/ipc-2023/pathwaysmetric/domain.pddl,files/ipc-2023/pathwaysmetric/instances/pfile03.pddl
PATTY-BV,ipc-2023/pathwaysmetric,files/ipc-2023/pathwaysmetric/domain.pddl,files/ipc-2023/pathwaysmetric/instances/pfile03.pddl
ENHSP,ipc-2023/pathwaysmetric,files/ipc-2023/pathwaysmetric/domain.pddl,files/ipc-2023/pathwaysmetric/instances/pfile03.pddl
PATTY,ipc-2023/pathwaysmetric,files/ipc-2023/pathwaysmetric/domain.pddl,files/ipc-2023/pathwaysmetric/instances/pfile04.pddl
PATTY-BV,ipc-2023/pathwaysmetric,files/ipc-2023/pathwaysmetric/domain.pddl,files/ipc-2023/pathwaysmetric/instances/pfile04.pddl
ENHSP,ipc-2023/pathwaysmetric,files/ipc-2023/pathwaysmetric/domain.pddl,files/ipc-2023/pathwaysmetric/instances/pfile04.pddl
PATTY,ipc-2023/pathwaysmetric,files/ipc-2023/pathwaysmetric/domain.pddl,files/ipc-2023/pathwaysmetric/instances/pfile06.pddl
PATTY-BV,ipc-2023/pathwaysmetric,files/ipc-2023/pathwaysmetric/domain.pddl,files/ipc-2023/pathwaysmetric/instances/pfile06.pddl
ENHSP,ipc-2023/pathwaysmetric,files/ipc-2023/pathwaysmetric/domain.pddl,files/ipc-2023/pathwaysmetric/instances/pfile06.pddl
PATTY,ipc-2023/pathwaysmetric,files/ipc-2023/pathwaysmetric/domain.pddl,files/ipc-2023/pathwaysmetric/instances/pfile07.pddl
PATTY-BV,ipc-2023/pathwaysmetric,files/ipc-2023/pathwaysmetric/domain.pddl,files/ipc-2023/pathwaysmetric/instances/pfile07.pddl
ENHSP,ipc-2023/pathwaysmetric,files/ipc-2023/pathwaysmetric/domain.pddl,files/ipc-2023/pathwaysmetric/instances/pfile07.pddl
PATTY,ipc-2023/pathwaysmetric,files/ipc-2023/pathwaysmetric/domain.pddl,files/ipc-2023/pathwaysmetric/instances/pfile08.pddl
PATTY-BV,ipc-2023/pathwaysmetric,files/ipc-2023/pathwaysmetric/domain.pddl,files/ipc-2023/pathwaysmetric/instances/pfile08.pddl
ENHSP,ipc-2023/pathwaysmetric,files/ipc-2023/pathwaysmetric/domain.pddl,files/ipc-2023/pathwaysmetric/instances/pfile08.pddl
PATTY,ipc-2023/pathwaysmetric,files/ipc-2023/pathwaysmetric/domain.pddl,files/ipc-2023/pathwaysmetric/instances/pfile09.pddl
PATTY-BV,ipc-2023/pathwaysmetric,files/ipc-2023/pathwaysmetric/domain.pddl,files/ipc-2023/pathwaysmetric/instances/pfile09.pddl
ENHSP,ipc-2023/pathwaysmetric,files/ipc-2023/pathwaysmetric/domain.pddl,files/ipc-2023/pathwaysmetric/instances/pfile09.pddl
PATTY,ipc-2023/pathwaysmetric,files/ipc-2023/pathwaysmetric/domain.pddl,files/ipc-2023/pathwaysmetric/instances/pfile10.pddl
PATTY-BV,ipc-2023/pathwaysmetric,files/ipc-2023/pathwaysmetric/domain.pddl,files/ipc-2023/pathwaysmetric/instances/pfile10.pddl
ENHSP,ipc-2023/pathwaysmetric,files/ipc-2023/pathwaysmetric/domain.pddl,files/ipc-2023/pathwaysmetric/instances/pfile10.pddl
PATTY,ipc-2023/pathwaysmetric,files/ipc-2023/pathwaysmetric/domain.pddl,files/ipc-2023/pathwaysmetric/instances/pfile11.pddl
PATTY-BV,ipc-2023/pathwaysmetric,files/ipc-2023/pathwaysmetric/domain.pddl,files/ipc-2023/pathwaysmetric/instances/pfile11.pddl
ENHSP,ipc-2023/pathwaysmetric,files/ipc-2023/pathwaysmetric/domain.pddl,files/ipc-2023/pathwaysmetric/instances/pfile11.pddl
PATTY,ipc-2023/pathwaysmetric,files/ipc-2023/pathwaysmetric/domain.pddl,files/ipc-2023/pathwaysmetric/instances/pfile13.pddl
PATTY-BV,ipc-2023/pathwaysmetric,files/ipc-2023/pathwaysmetric/domain.pddl,files/ipc-2023/pathwaysmetric/instances/pfile13.pddl
ENHSP,ipc-2023/pathwaysmetric,files/ipc-2023/pathwaysmetric/domain.pddl,files/ipc-2023/pathwaysmetric/instances/pfile13.pddl
PATTY,ipc-2023/pathwaysmetric,files/ipc-2023/pathwaysmetric/domain.pddl,files/ipc-2023/pathwaysmetric/instances/pfile14.pddl
PATTY-BV,ipc-2023/pathwaysmetric,files/ipc-2023/pathwaysmetric/domain.pddl,files/ipc-2023/pathwaysmetric/instances/pfile14.pddl
ENHSP,ipc-2023/pathwaysmetric,files/ipc-2023/pathwaysmetric/domain.pddl,files/ipc-2023/pathwaysmetric/instances/pfile14.pddl
PATTY,ipc-2023/pathwaysmetric,files/ipc-2023/pathwaysmetric/domain.pddl,files/ipc-2023/pathwaysmetric/instances/pfile15.pddl
PATTY-BV,ipc-2023/pathwaysmetric,files/ipc-2023/pathwaysmetric/domain.pddl,files/ipc-2023/pathwaysmetric/instances/pfile15.pddl
ENHSP,ipc-2023/pathwaysmetric,files/ipc-2023/pathwaysmetric/domain.pddl,files/ipc-2023/pathwaysmetric/instances/pfile15.pddl
PATTY,ipc-2023/pathwaysmetric,files/ipc-2023/pathwaysmetric/domain.pddl,files/ipc-2023/pathwaysmetric/instances/pfile16.pddl
PATTY-BV,ipc-2023/pathwaysmetric,files/ipc-2023/pathwaysmetric/domain.pddl,files/ipc-2023/pathwaysmetric/instances/pfile16.pddl
ENHSP,ipc-2023/pathwaysmetric,files/ipc-2023/pathwaysmetric/domain.pddl,files/ipc-2023/pathwaysmetric/instances/pfile16.pddl
PATTY,ipc-2023/pathwaysmetric,files/ipc-2023/pathwaysmetric/domain.pddl,files/ipc-2023/pathwaysmetric/instances/pfile18.pddl
PATTY-BV,ipc-2023/pathwaysmetric,files/ipc-2023/pathwaysmetric/domain.pddl,files/ipc-2023/pathwaysmetric/instances/pfile18.pddl
ENHSP,ipc-2023/pathwaysmetric,files/ipc-2023/pathwaysmetric/domain.pddl,files/ipc-2023/pathwaysmetric/instances/pfile18.pddl
PATTY,ipc-2023/pathwaysmetric,files/ipc-2023/pathwaysmetric/domain.pddl,files/ipc-2023/pathwaysmetric/instances/pfile20.pddl
PATTY-BV,ipc-2023/pathwaysmetric,files/ipc-2023/pathwaysmetric/domain.pddl,files/ipc-2023/pathwaysmetric/instances/pfile20.pddl
ENHSP,ipc-2023/pathwaysmetric,files/ipc-2023/pathwaysmetric/domain.pddl,files/ipc-2023/pathwaysmetric/instances/pfile20.pddl
PATTY,ipc-2023/pathwaysmetric,files/ipc-2023/pathwaysmetric/domain.pddl,files/ipc-2023/pathwaysmetric/instances/pfile21.pddl
PATTY-BV,ipc-2023/pathwaysmetric,files/ipc-2023/pathwaysmetric/domain.pddl,files/ipc-2023/pathwaysmetric/instances/pfile21.pddl
ENHSP,ipc-2023/pathwaysmetric,files/ipc-2023/pathwaysmetric/domain.pddl,files/ipc-2023/pathwaysmetric/instances/pfile21.pddl
PATTY,ipc-2023/pathwaysmetric,files/ipc-2023/pathwaysmetric/domain.pddl,files/ipc-2023/pathwaysmetric/instances/pfile23.pddl
PATTY-BV,ipc-2023/pathwaysmetric,files/ipc-2023/pathwaysmetric/domain.pddl,files/ipc-2023/pathwaysmetric/instances/pfile23.pddl
ENHSP,ipc-2023/pathwaysmetric,files/ipc-2023/pathwaysmetric/domain.pddl,files/ipc-2023/pathwaysmetric/instances/pfile23.pddl
PATTY,ipc-2023/pathwaysmetric,files/ipc-2023/pathwaysmetric/domain.pddl,files/ipc-2023/pathwaysmetric/instances/pfile24.pddl
PATTY-BV,ipc-2023/pathwaysmetric,files/ipc-2023/pathwaysmetric/domain.pddl,files/ipc-2023/pathwaysmetric/instances/pfile24.pddl
ENHSP,ipc-2023/pathwaysmetric,files/ipc-2023/pathwaysmetric/domain.pddl,files/ipc-2023/pathwaysmetric/instances/pfile24.pddl
PATTY,ipc-2023/pathwaysmetric,files/ipc-2023/pathwaysmetric/domain.pddl,files/ipc-2023/pathwaysmetric/instances/pfile26.pddl
PATTY-BV,ipc-2023/pathwaysmetric,files/ipc-2023/pathwaysmetric/domain.pddl,files/ipc-2023/pathwaysmetric/instances/pfile26.pddl
ENHSP,ipc-2023/pathwaysmetric,files/ipc-2023/pathwaysmetric/domain.pddl,files/ipc-2023/pathwaysmetric/instances/pfile26.pddl
PATTY,ipc-2023/pathwaysmetric,files/ipc-2023/pathwaysmetric/domain.pddl,files/ipc-2023/pathwaysmetric/instances/pfile27.pddl
PATTY-BV,ipc-2023/pathwaysmetric,files/ipc-2023/pathwaysmetric/domain.pddl,files/ipc-2023/pathwaysmetric/instances/pfile27.pddl
ENHSP,ipc-2023/pathwaysmetric,files/ipc-2023/pathwaysmetric/domain.pddl,files/ipc-2023/pathwaysmetric/instances/pfile27.pddl
PATTY,ipc-2023/rover,files/ipc-2023/rover/domain.pddl,files/ipc-2023/rover/instances/pfile1.pddl
PATTY-BV,ipc-2023/rover,files/ipc-2023/rover/domain.pddl,files/ipc-2023/rover/instances/pfile1.pddl
ENHSP,ipc-2023/rover,files/ipc-2023/rover/domain.pddl,files/ipc-2023/rover/instances/pfile1.pddl
PATTY,ipc-2023/rover,files/ipc-2023/rover/domain.pddl,files/ipc-2023/rover/instances/pfile10.pddl
PATTY-BV,ipc-2023/rover,files/ipc-2023/rover/domain.pddl,files/ipc-2023/rover/instances/pfile10.pddl
ENHSP,ipc-2023/rover,files/ipc-2023/rover/domain.pddl,files/ipc-2023/rover/instances/pfile10.pddl
PATTY,ipc-2023/rover,files/ipc-2023/rover/domain.pddl,files/ipc-2023/rover/instances/pfile11.pddl
PATTY-BV,ipc-2023/rover,files/ipc-2023/rover/domain.pddl,files/ipc-2023/rover/instances/pfile11.pddl
ENHSP,ipc-2023/rover,files/ipc-2023/rover/domain.pddl,files/ipc-2023/rover/instances/pfile11.pddl
PATTY,ipc-2023/rover,files/ipc-2023/rover/domain.pddl,files/ipc-2023/rover/instances/pfile12.pddl
PATTY-BV,ipc-2023/rover,files/ipc-2023/rover/domain.pddl,files/ipc-2023/rover/instances/pfile12.pddl
ENHSP,ipc-2023/rover,files/ipc-2023/rover/domain.pddl,files/ipc-2023/rover/instances/pfile12.pddl
PATTY,ipc-2023/rover,files/ipc-2023/rover/domain.pddl,files/ipc-2023/rover/instances/pfile13.pddl
PATTY-BV,ipc-2023/rover,files/ipc-2023/rover/domain.pddl,files/ipc-2023/rover/instances/pfile13.pddl
ENHSP,ipc-2023/rover,files/ipc-2023/rover/domain.pddl,files/ipc-2023/rover/instances/pfile13.pddl
PATTY,ipc-2023/rover,files/ipc-2023/rover/domain.pddl,files/ipc-2023/rover/instances/pfile14.pddl
PATTY-BV,ipc-2023/rover,files/ipc-2023/rover/domain.pddl,files/ipc-2023/rover/instances/pfile14.pddl
ENHSP,ipc-2023/rover,files/ipc-2023/rover/domain.pddl,files/ipc-2023/rover/instances/pfile14.pddl
PATTY,ipc-2023/rover,files/ipc-2023/rover/domain.pddl,files/ipc-2023/rover/instances/pfile15.pddl
PATTY-BV,ipc-2023/rover,files/ipc-2023/rover/domain.pddl,files/ipc-2023/rover/instances/pfile15.pddl
ENHSP,ipc-2023/rover,files/ipc-2023/rover/domain.pddl,files/ipc-2023/rover/instances/pfile15.pddl
PATTY,ipc-2023/rover,files/ipc-2023/rover/domain.pddl,files/ipc-2023/rover/instances/pfile16.pddl
PATTY-BV,ipc-2023/rover,files/ipc-2023/rover/domain.pddl,files/ipc-2023/rover/instances/pfile16.pddl
ENHSP,ipc-2023/rover,files/ipc-2023/rover/domain.pddl,files/ipc-2023/rover/instances/pfile16.pddl
PATTY,ipc-2023/rover,files/ipc-2023/rover/domain.pddl,files/ipc-2023/rover/instances/pfile17.pddl
PATTY-BV,ipc-2023/rover,files/ipc-2023/rover/domain.pddl,files/ipc-2023/rover/instances/pfile17.pddl
ENHSP,ipc-2023/rover,files/ipc-2023/rover/domain.pddl,files/ipc-2023/rover/instances/pfile17.pddl
PATTY,ipc-2023/rover,files/ipc-2023/rover/domain.pddl,files/ipc-2023/rover/instances/pfile18.pddl
PATTY-BV,ipc-2023/rover,files/ipc-2023/rover/domain.pddl,files/ipc-2023/rover/instances/pfile18.pddl
ENHSP,ipc-2023/rover,files/ipc-2023/rover/domain.pddl,files/ipc-2023/rover/instances/pfile18.pddl
PATTY,ipc-2023/rover,files/ipc-2023/rover/domain.pddl,files/ipc-2023/rover/instances/pfile19.pddl
PATTY-BV,ipc-2023/rover,files/ipc-2023/rover/domain.pddl,files/ipc-2023/rover/instances/pfile19.pddl
ENHSP,ipc-2023/rover,files/ipc-2023/rover/domain.pddl,files/ipc-2023/rover/instances/pfile19.pddl
PATTY,ipc-2023/rover,files/ipc-2023/rover/domain.pddl,files/ipc-2023/rover/instances/pfile2.pddl
PATTY-BV,ipc-2023/rover,files/ipc-2023/rover/domain.pddl,files/ipc-2023/rover/instances/pfile2.pddl
ENHSP,ipc-2023/rover,files/ipc-2023/rover/domain.pddl,files/ipc-2023/rover/instances/pfile2.pddl
PATTY,ipc-2023/rover,files/ipc-2023/rover/domain.pddl,files/ipc-2023/rover/instances/pfile20.pddl
PATTY-BV,ipc-2023/rover,files/ipc-2023/rover/domain.pddl,files/ipc-2023/rover/instances/pfile20.pddl
ENHSP,ipc-2023/rover,files/ipc-2023/rover/domain.pddl,files/ipc-2023/rover/instances/pfile20.pddl
PATTY,ipc-2023/rover,files/ipc-2023/rover/domain.pddl,files/ipc-2023/rover/instances/pfile3.pddl
PATTY-BV,ipc-2023/rover,files/ipc-2023/rover/domain.pddl,files/ipc-2023/rover/instances/pfile3.pddl
ENHSP,ipc-2023/rover,files/ipc-2023/rover/domain.pddl,files/ipc-2023/rover/instances/pfile3.pddl
PATTY,ipc-2023/rover,files/ipc-2023/rover/domain.pddl,files/ipc-2023/rover/instances/pfile4.pddl
PATTY-BV,ipc-2023/rover,files/ipc-2023/rover/domain.pddl,files/ipc-2023/rover/instances/pfile4.pddl
ENHSP,ipc-2023/rover,files/ipc-2023/rover/domain.pddl,files/ipc-2023/rover/instances/pfile4.pddl
PATTY,ipc-2023/rover,files/ipc-2023/rover/domain.pddl,files/ipc-2023/rover/instances/pfile5.pddl
PATTY-BV,ipc-2023/rover,files/ipc-2023/rover/domain.pddl,files/ipc-2023/rover/instances/pfile5.pddl
ENHSP,ipc-2023/rover,files/ipc-2023/rover/domain.pddl,files/ipc-2023/rover/instances/pfile5.pddl
PATTY,ipc-2023/rover,files/ipc-2023/rover/domain.pddl,files/ipc-2023/rover/instances/pfile6.pddl
PATTY-BV,ipc-2023/rover,files/ipc-2023/rover/domain.pddl,files/ipc-2023/rover/instances/pfile6.pddl
ENHSP,ipc-2023/rover,files/ipc-2023/rover/domain.pddl,files/ipc-2023/rover/instances/pfile6.pddl
PATTY,ipc-2023/rover,files/ipc-2023/rover/domain.pddl,files/ipc-2023/rover/instances/pfile7.pddl
PATTY-BV,ipc-2023/rover,files/ipc-2023/rover/domain.pddl,files/ipc-2023/rover/instances/pfile7.pddl
ENHSP,ipc-2023/rover,files/ipc-2023/rover/domain.pddl,files/ipc-2023/rover/instances/pfile7.pddl
PATTY,ipc-2023/rover,files/ipc-2023/rover/domain.pddl,files/ipc-2023/rover/instances/pfile8.pddl
PATTY-BV,ipc-2023/rover,files/ipc-2023/rover/domain.pddl,files/ipc-2023/rover/instances/pfile8.pddl
ENHSP,ipc-2023/rover,files/ipc-2023/rover/domain.pddl,files/ipc-2023/rover/instances/pfile8.pddl
PATTY,ipc-2023/rover,files/ipc-2023/rover/domain.pddl,files/ipc-2023/rover/instances/pfile9.pddl
PATTY-BV,ipc-2023/rover,files/ipc-2023/rover/domain.pddl,files/ipc-2023/rover/instances/pfile9.pddl
ENHSP,ipc-2023/rover,files/ipc-2023/rover/domain.pddl,files/ipc-2023/rover/instances/pfile9.pddl
PATTY,ipc-2023/sailing,files/ipc-2023/sailing/domain.pddl,files/ipc-2023/sailing/instances/instance_1_10_1229.pddl
PATTY-BV,ipc-2023/sailing,files/ipc-2023/sailing/domain.pddl,files/ipc-2023/sailing/instances/instance_1_10_1229.pddl
ENHSP,ipc-2023/sailing,files/ipc-2023/sailing/domain.pddl,files/ipc-2023/sailing/instances/instance_1_10_1229.pddl
PATTY,ipc-2023/sailing,files/ipc-2023/sailing/domain.pddl,files/ipc-2023/sailing/instances/instance_1_4_1229.pddl
PATTY-BV,ipc-2023/sailing,files/ipc-2023/sailing/domain.pddl,files/ipc-2023/sailing/instances/instance_1_4_1229.pddl
ENHSP,ipc-2023/sailing,files/ipc-2023/sailing/domain.pddl,files/ipc-2023/sailing/instances/instance_1_4_1229.pddl
PATTY,ipc-2023/sailing,files/ipc-2023/sailing/domain.pddl,files/ipc-2023/sailing/instances/instance_1_5_1229.pddl
PATTY-BV,ipc-2023/sailing,files/ipc-2023/sailing/domain.pddl,files/ipc-2023/sailing/instances/instance_1_5_1229.pddl
ENHSP,ipc-2023/sailing,files/ipc-2023/sailing/domain.pddl,files/ipc-2023/sailing/instances/instance_1_5_1229.pddl
PATTY,ipc-2023/sailing,files/ipc-2023/sailing/domain.pddl,files/ipc-2023/sailing/instances/instance_1_6_1229.pddl
PATTY-BV,ipc-2023/sailing,files/ipc-2023/sailing/domain.pddl,files/ipc-2023/sailing/instances/instance_1_6_1229.pddl
ENHSP,ipc-2023/sailing,files/ipc-2023/sailing/domain.pddl,files/ipc-2023/sailing/instances/instance_1_6_1229.pddl
PATTY,ipc-2023/sailing,files/ipc-2023/sailing/domain.pddl,files/ipc-2023/sailing/instances/instance_1_7_1229.pddl
PATTY-BV,ipc-2023/sailing,files/ipc-2023/sailing/domain.pddl,files/ipc-2023/sailing/instances/instance_1_7_1229.pddl
ENHSP,ipc-2023/sailing,files/ipc-2023/sailing/domain.pddl,files/ipc-2023/sailing/instances/instance_1_7_1229.pddl
PATTY,ipc-2023/sailing,files/ipc-2023/sailing/domain.pddl,files/ipc-2023/sailing/instances/instance_2_10_1229.pddl
PATTY-BV,ipc-2023/sailing,files/ipc-2023/sailing/domain.pddl,files/ipc-2023/sailing/instances/instance_2_10_1229.pddl
ENHSP,ipc-2023/sailing,files/ipc-2023/sailing/domain.pddl,files/ipc-2023/sailing/instances/instance_2_10_1229.pddl
PATTY,ipc-2023/sailing,files/ipc-2023/sailing/domain.pddl,files/ipc-2023/sailing/instances/instance_2_1_1229.pddl
PATTY-BV,ipc-2023/sailing,files/ipc-2023/sailing/domain.pddl,files/ipc-2023/sailing/instances/instance_2_1_1229.pddl
ENHSP,ipc-2023/sailing,files/ipc-2023/sailing/domain.pddl,files/ipc-2023/sailing/instances/instance_2_1_1229.pddl
PATTY,ipc-2023/sailing,files/ipc-2023/sailing/domain.pddl,files/ipc-2023/sailing/instances/instance_2_2_1229.pddl
PATTY-BV,ipc-2023/sailing,files/ipc-2023/sailing/domain.pddl,files/ipc-2023/sailing/instances/instance_2_2_1229.pddl
ENHSP,ipc-2023/sailing,files/ipc-2023/sailing/domain.pddl,files/ipc-2023/sailing/instances/instance_2_2_1229.pddl
PATTY,ipc-2023/sailing,files/ipc-2023/sailing/domain.pddl,files/ipc-2023/sailing/instances/instance_2_4_1229.pddl
PATTY-BV,ipc-2023/sailing,files/ipc-2023/sailing/domain.pddl,files/ipc-2023/sailing/instances/instance_2_4_1229.pddl
ENHSP,ipc-2023/sailing,files/ipc-2023/sailing/domain.pddl,files/ipc-2023/sailing/instances/instance_2_4_1229.pddl
PATTY,ipc-2023/sailing,files/ipc-2023/sailing/domain.pddl,files/ipc-2023/sailing/instances/instance_2_7_1229.pddl
PATTY-BV,ipc-2023/sailing,files/ipc-2023/sailing/domain.pddl,files/ipc-2023/sailing/instances/instance_2_7_1229.pddl
ENHSP,ipc-2023/sailing,files/ipc-2023/sailing/domain.pddl,files/ipc-2023/sailing/instances/instance_2_7_1229.pddl
PATTY,ipc-2023/sailing,files/ipc-2023/sailing/domain.pddl,files/ipc-2023/sailing/instances/instance_2_8_1229.pddl
PATTY-BV,ipc-2023/sailing,files/ipc-2023/sailing/domain.pddl,files/ipc-2023/sailing/instances/instance_2_8_1229.pddl
ENHSP,ipc-2023/sailing,files/ipc-2023/sailing/domain.pddl,files/ipc-2023/sailing/instances/instance_2_8_1229.pddl
PATTY,ipc-2023/sailing,files/ipc-2023/sailing/domain.pddl,files/ipc-2023/sailing/instances/instance_2_9_1229.pddl
PATTY-BV,ipc-2023/sailing,files/ipc-2023/sailing/domain.pddl,files/ipc-2023/sailing/instances/instance_2_9_1229.pddl
ENHSP,ipc-2023/sailing,files/ipc-2023/sailing/domain.pddl,files/ipc-2023/sailing/instances/instance_2_9_1229.pddl
PATTY,ipc-2023/sailing,files/ipc-2023/sailing/domain.pddl,files/ipc-2023/sailing/instances/instance_3_4_1229.pddl
PATTY-BV,ipc-2023/sailing,files/ipc-2023/sailing/domain.pddl,files/ipc-2023/sailing/instances/instance_3_4_1229.pddl
ENHSP,ipc-2023/sailing,files/ipc-2023/sailing/domain.pddl,files/ipc-2023/sailing/instances/instance_3_4_1229.pddl
PATTY,ipc-2023/sailing,files/ipc-2023/sailing/domain.pddl,files/ipc-2023/sailing/instances/instance_3_5_1229.pddl
PATTY-BV,ipc-2023/sailing,files/ipc-2023/sailing/domain.pddl,files/ipc-2023/sailing/instances/instance_3_5_1229.pddl
ENHSP,ipc-2023/sailing,files/ipc-2023/sailing/domain.pddl,files/ipc-2023/sailing/instances/instance_3_5_1229.pddl
PATTY,ipc-2023/sailing,files/ipc-2023/sailing/domain.pddl,files/ipc-2023/sailing/instances/instance_3_6_1229.pddl
PATTY-BV,ipc-2023/sailing,files/ipc-2023/sailing/domain.pddl,files/ipc-2023/sailing/instances/instance_3_6_1229.pddl
ENHSP,ipc-2023/sailing,files/ipc-2023/sailing/domain.pddl,files/ipc-2023/sailing/instances/instance_3_6_1229.pddl
PATTY,ipc-2023/sailing,files/ipc-2023/sailing/domain.pddl,files/ipc-2023/sailing/instances/instance_4_10_1229.pddl
PATTY-BV,ipc-2023/sailing,files/ipc-2023/sailing/domain.pddl,files/ipc-2023/sailing/instances/instance_4_10_1229.pddl
ENHSP,ipc-2023/sailing,files/ipc-2023/sailing/domain.pddl,files/ipc-2023/sailing/instances/instance_4_10_1229.pddl
PATTY,ipc-2023/sailing,files/ipc-2023/sailing/domain.pddl,files/ipc-2023/sailing/instances/instance_4_2_1229.pddl
PATTY-BV,ipc-2023/sailing,files/ipc-2023/sailing/domain.pddl,files/ipc-2023/sailing/instances/instance_4_2_1229.pddl
ENHSP,ipc-2023/sailing,files/ipc-2023/sailing/domain.pddl,files/ipc-2023/sailing/instances/instance_4_2_1229.pddl
PATTY,ipc-2023/sailing,files/ipc-2023/sailing/domain.pddl,files/ipc-2023/sailing/instances/instance_4_5_1229.pddl
PATTY-BV,ipc-2023/sailing,files/ipc-2023/sailing/domain.pddl,files/ipc-2023/sailing/instances/instance_4_5_1229.pddl
ENHSP,ipc-2023/sailing,files/ipc-2023/sailing/domain.pddl,files/ipc-2023/sailing/instances/instance_4_5_1229.pddl
PATTY,ipc-2023/sailing,files/ipc-2023/sailing/domain.pddl,files/ipc-2023/sailing/instances/instance_4_6_1229.pddl
PATTY-BV,ipc-2023/sailing,files/ipc-2023/sailing/domain.pddl,files/ipc-2023/sailing/instances/instance_4_6_1229.pddl
ENHSP,ipc-2023/sailing,files/ipc-2023/sailing/domain.pddl,files/ipc-2023/sailing/instances/instance_4_6_1229.pddl
PATTY,ipc-2023/sailing,files/ipc-2023/sailing/domain.pddl,files/ipc-2023/sailing/instances/instance_4_7_1229.pddl
PATTY-BV,ipc-2023/sailing,files/ipc-2023/sailing/domain.pddl,files/ipc-2023/sailing/instances/instance_4_7_1229.pddl
ENHSP,ipc-2023/sailing,files/ipc-2023/sailing/domain.pddl,files/ipc-2023/sailing/instances/instance_4_7_1229.pddl
PATTY,ipc-2023/satellite,files/ipc-2023/satellite/domain.pddl,files/ipc-2023/satellite/instances/pfile1.pddl
PATTY-BV,ipc-2023/satellite,files/ipc-2023/satellite/domain.pddl,files/ipc-2023/satellite/instances/pfile1.pddl
ENHSP,ipc-2023/satellite,files/ipc-2023/satellite/domain.pddl,files/ipc-2023/satellite/instances/pfile1.pddl
PATTY,ipc-2023/satellite,files/ipc-2023/satellite/domain.pddl,files/ipc-2023/satellite/instances/pfile10.pddl
PATTY-BV,ipc-2023/satellite,files/ipc-2023/satellite/domain.pddl,files/ipc-2023/satellite/instances/pfile10.pddl
ENHSP,ipc-2023/satellite,files/ipc-2023/satellite/domain.pddl,files/ipc-2023/satellite/instances/pfile10.pddl
PATTY,ipc-2023/satellite,files/ipc-2023/satellite/domain.pddl,files/ipc-2023/satellite/instances/pfile11.pddl
PATTY-BV,ipc-2023/satellite,files/ipc-2023/satellite/domain.pddl,files/ipc-2023/satellite/instances/pfile11.pddl
ENHSP,ipc-2023/satellite,files/ipc-2023/satellite/domain.pddl,files/ipc-2023/satellite/instances/pfile11.pddl
PATTY,ipc-2023/satellite,files/ipc-2023/satellite/domain.pddl,files/ipc-2023/satellite/instances/pfile12.pddl
PATTY-BV,ipc-2023/satellite,files/ipc-2023/satellite/domain.pddl,files/ipc-2023/satellite/instances/pfile12.pddl
ENHSP,ipc-2023/satellite,files/ipc-2023/satellite/domain.pddl,files/ipc-2023/satellite/instances/pfile12.pddl
PATTY,ipc-2023/satellite,files/ipc-2023/satellite/domain.pddl,files/ipc-2023/satellite/instances/pfile13.pddl
PATTY-BV,ipc-2023/satellite,files/ipc-2023/satellite/domain.pddl,files/ipc-2023/satellite/instances/pfile13.pddl
ENHSP,ipc-2023/satellite,files/ipc-2023/satellite/domain.pddl,files/ipc-2023/satellite/instances/pfile13.pddl
PATTY,ipc-2023/satellite,files/ipc-2023/satellite/domain.pddl,files/ipc-2023/satellite/instances/pfile14.pddl
PATTY-BV,ipc-2023/satellite,files/ipc-2023/satellite/domain.pddl,files/ipc-2023/satellite/instances/pfile14.pddl
ENHSP,ipc-2023/satellite,files/ipc-2023/satellite/domain.pddl,files/ipc-2023/satellite/instances/pfile14.pddl
PATTY,ipc-2023/satellite,files/ipc-2023/satellite/domain.pddl,files/ipc-2023/satellite/instances/pfile15.pddl
PATTY-BV,ipc-2023/satellite,files/ipc-2023/satellite/domain.pddl,files/ipc-2023/satellite/instances/pfile15.pddl
ENHSP,ipc-2023/satellite,files/ipc-2023/satellite/domain.pddl,files/ipc-2023/satellite/instances/pfile15.pddl
PATTY,ipc-2023/satellite,files/ipc-2023/satellite/domain.pddl,files/ipc-2023/satellite/instances/pfile16.pddl
PATTY-BV,ipc-2023/satellite,files/ipc-2023/satellite/domain.pddl,files/ipc-2023/satellite/instances/pfile16.pddl
ENHSP,ipc-2023/satellite,files/ipc-2023/satellite/domain.pddl,files/ipc-2023/satellite/instances/pfile16.pddl
PATTY,ipc-2023/satellite,files/ipc-2023/satellite/domain.pddl,files/ipc-2023/satellite/instances/pfile17.pddl
PATTY-BV,ipc-2023/satellite,files/ipc-2023/satellite/domain.pddl,files/ipc-2023/satellite/instances/pfile17.pddl
ENHSP,ipc-2023/satellite,files/ipc-2023/satellite/domain.pddl,files/ipc-2023/satellite/instances/pfile17.pddl
PATTY,ipc-2023/satellite,files/ipc-2023/satellite/domain.pddl,files/ipc-2023/satellite/instances/pfile18.pddl
PATTY-BV,ipc-2023/satellite,files/ipc-2023/satellite/domain.pddl,files/ipc-2023/satellite/instances/pfile18.pddl
ENHSP,ipc-2023/satellite,files/ipc-2023/satellite/domain.pddl,files/ipc-2023/satellite/instances/pfile18.pddl
PATTY,ipc-2023/satellite,files/ipc-2023/satellite/domain.pddl,files/ipc-2023/satellite/instances/pfile19.pddl
PATTY-BV,ipc-2023/satellite,files/ipc-2023/satellite/domain.pddl,files/ipc-2023/satellite/instances/pfile19.pddl
ENHSP,ipc-2023/satellite,files/ipc-2023/satellite/domain.pddl,files/ipc-2023/satellite/instances/pfile19.pddl
PATTY,ipc-2023/satellite,files/ipc-2023/satellite/domain.pddl,files/ipc-2023/satellite/instances/pfile2.pddl
PATTY-BV,ipc-2023/satellite,files/ipc-2023/satellite/domain.pddl,files/ipc-2023/satellite/instances/pfile2.pddl
ENHSP,ipc-2023/satellite,files/ipc-2023/satellite/domain.pddl,files/ipc-2023/satellite/instances/pfile2.pddl
PATTY,ipc-2023/satellite,files/ipc-2023/satellite/domain.pddl,files/ipc-2023/satellite/instances/pfile20.pddl
PATTY-BV,ipc-2023/satellite,files/ipc-2023/satellite/domain.pddl,files/ipc-2023/satellite/instances/pfile20.pddl
ENHSP,ipc-2023/satellite,files/ipc-2023/satellite/domain.pddl,files/ipc-2023/satellite/instances/pfile20.pddl
PATTY,ipc-2023/satellite,files/ipc-2023/satellite/domain.pddl,files/ipc-2023/satellite/instances/pfile3.pddl
PATTY-BV,ipc-2023/satellite,files/ipc-2023/satellite/domain.pddl,files/ipc-2023/satellite/instances/pfile3.pddl
ENHSP,ipc-2023/satellite,files/ipc-2023/satellite/domain.pddl,files/ipc-2023/satellite/instances/pfile3.pddl
PATTY,ipc-2023/satellite,files/ipc-2023/satellite/domain.pddl,files/ipc-2023/satellite/instances/pfile4.pddl
PATTY-BV,ipc-2023/satellite,files/ipc-2023/satellite/domain.pddl,files/ipc-2023/satellite/instances/pfile4.pddl
ENHSP,ipc-2023/satellite,files/ipc-2023/satellite/domain.pddl,files/ipc-2023/satellite/instances/pfile4.pddl
PATTY,ipc-2023/satellite,files/ipc-2023/satellite/domain.pddl,files/ipc-2023/satellite/instances/pfile5.pddl
PATTY-BV,ipc-2023/satellite,files/ipc-2023/satellite/domain.pddl,files/ipc-2023/satellite/instances/pfile5.pddl
ENHSP,ipc-2023/satellite,files/ipc-2023/satellite/domain.pddl,files/ipc-2023/satellite/instances/pfile5.pddl
PATTY,ipc-2023/satellite,files/ipc-2023/satellite/domain.pddl,files/ipc-2023/satellite/instances/pfile6.pddl
PATTY-BV,ipc-2023/satellite,files/ipc-2023/satellite/domain.pddl,files/ipc-2023/satellite/instances/pfile6.pddl
ENHSP,ipc-2023/satellite,files/ipc-2023/satellite/domain.pddl,files/ipc-2023/satellite/instances/pfile6.pddl
PATTY,ipc-2023/satellite,files/ipc-2023/satellite/domain.pddl,files/ipc-2023/satellite/instances/pfile7.pddl
PATTY-BV,ipc-2023/satellite,files/ipc-2023/satellite/domain.pddl,files/ipc-2023/satellite/instances/pfile7.pddl
ENHSP,ipc-2023/satellite,files/ipc-2023/satellite/domain.pddl,files/ipc-2023/satellite/instances/pfile7.pddl
PATTY,ipc-2023/satellite,files/ipc-2023/satellite/domain.pddl,files/ipc-2023/satellite/instances/pfile8.pddl
PATTY-BV,ipc-2023/satellite,files/ipc-2023/satellite/domain.pddl,files/ipc-2023/satellite/instances/pfile8.pddl
ENHSP,ipc-2023/satellite,files/ipc-2023/satellite/domain.pddl,files/ipc-2023/satellite/instances/pfile8.pddl
PATTY,ipc-2023/satellite,files/ipc-2023/satellite/domain.pddl,files/ipc-2023/satellite/instances/pfile9.pddl
PATTY-BV,ipc-2023/satellite,files/ipc-2023/satellite/domain.pddl,files/ipc-2023/satellite/instances/pfile9.pddl
ENHSP,ipc-2023/satellite,files/ipc-2023/satellite/domain.pddl,files/ipc-2023/satellite/instances/pfile9.pddl
PATTY,ipc-2023/settlers,files/ipc-2023/settlers/domain.pddl,files/ipc-2023/settlers/instances/pfile02.pddl
PATTY-BV,ipc-2023/settlers,files/ipc-2023/settlers/domain.pddl,files/ipc-2023/settlers/instances/pfile02.pddl
ENHSP,ipc-2023/settlers,files/ipc-2023/settlers/domain.pddl,files/ipc-2023/settlers/instances/pfile02.pddl
PATTY,ipc-2023/settlers,files/ipc-2023/settlers/domain.pddl,files/ipc-2023/settlers/instances/pfile03.pddl
PATTY-BV,ipc-2023/settlers,files/ipc-2023/settlers/domain.pddl,files/ipc-2023/settlers/instances/pfile03.pddl
ENHSP,ipc-2023/settlers,files/ipc-2023/settlers/domain.pddl,files/ipc-2023/settlers/instances/pfile03.pddl
PATTY,ipc-2023/settlers,files/ipc-2023/settlers/domain.pddl,files/ipc-2023/settlers/instances/pfile04.pddl
PATTY-BV,ipc-2023/settlers,files/ipc-2023/settlers/domain.pddl,files/ipc-2023/settlers/instances/pfile04.pddl
ENHSP,ipc-2023/settlers,files/ipc-2023/settlers/domain.pddl,files/ipc-2023/settlers/instances/pfile04.pddl
PATTY,ipc-2023/settlers,files/ipc-2023/settlers/domain.pddl,files/ipc-2023/settlers/instances/pfile05.pddl
PATTY-BV,ipc-2023/settlers,files/ipc-2023/settlers/domain.pddl,files/ipc-2023/settlers/instances/pfile05.pddl
ENHSP,ipc-2023/settlers,files/ipc-2023/settlers/domain.pddl,files/ipc-2023/settlers/instances/pfile05.pddl
PATTY,ipc-2023/settlers,files/ipc-2023/settlers/domain.pddl,files/ipc-2023/settlers/instances/pfile07.pddl
PATTY-BV,ipc-2023/settlers,files/ipc-2023/settlers/domain.pddl,files/ipc-2023/settlers/instances/pfile07.pddl
ENHSP,ipc-2023/settlers,files/ipc-2023/settlers/domain.pddl,files/ipc-2023/settlers/instances/pfile07.pddl
PATTY,ipc-2023/settlers,files/ipc-2023/settlers/domain.pddl,files/ipc-2023/settlers/instances/pfile08.pddl
PATTY-BV,ipc-2023/settlers,files/ipc-2023/settlers/domain.pddl,files/ipc-2023/settlers/instances/pfile08.pddl
ENHSP,ipc-2023/settlers,files/ipc-2023/settlers/domain.pddl,files/ipc-2023/settlers/instances/pfile08.pddl
PATTY,ipc-2023/settlers,files/ipc-2023/settlers/domain.pddl,files/ipc-2023/settlers/instances/pfile09.pddl
PATTY-BV,ipc-2023/settlers,files/ipc-2023/settlers/domain.pddl,files/ipc-2023/settlers/instances/pfile09.pddl
ENHSP,ipc-2023/settlers,files/ipc-2023/settlers/domain.pddl,files/ipc-2023/settlers/instances/pfile09.pddl
PATTY,ipc-2023/settlers,files/ipc-2023/settlers/domain.pddl,files/ipc-2023/settlers/instances/pfile10.pddl
PATTY-BV,ipc-2023/settlers,files/ipc-2023/settlers/domain.pddl,files/ipc-2023/settlers/instances/pfile10.pddl
ENHSP,ipc-2023/settlers,files/ipc-2023/settlers/domain.pddl,files/ipc-2023/settlers/instances/pfile10.pddl
PATTY,ipc-2023/settlers,files/ipc-2023/settlers/domain.pddl,files/ipc-2023/settlers/instances/pfile11.pddl
PATTY-BV,ipc-2023/settlers,files/ipc-2023/settlers/domain.pddl,files/ipc-2023/settlers/instances/pfile11.pddl
ENHSP,ipc-2023/settlers,files/ipc-2023/settlers/domain.pddl,files/ipc-2023/settlers/instances/pfile11.pddl
PATTY,ipc-2023/settlers,files/ipc-2023/settlers/domain.pddl,files/ipc-2023/settlers/instances/pfile12.pddl
PATTY-BV,ipc-2023/settlers,files/ipc-2023/settlers/domain.pddl,files/ipc-2023/settlers/instances/pfile12.pddl
ENHSP,ipc-2023/settlers,files/ipc-2023/settlers/domain.pddl,files/ipc-2023/settlers/instances/pfile12.pddl
PATTY,ipc-2023/settlers,files/ipc-2023/settlers/domain.pddl,files/ipc-2023/settlers/instances/pfile14.pddl
PATTY-BV,ipc-2023/settlers,files/ipc-2023/settlers/domain.pddl,files/ipc-2023/settlers/instances/pfile14.pddl
ENHSP,ipc-2023/settlers,files/ipc-2023/settlers/domain.pddl,files/ipc-2023/settlers/instances/pfile14.pddl
PATTY,ipc-2023/settlers,files/ipc-2023/settlers/domain.pddl,files/ipc-2023/settlers/instances/pfile16.pddl
PATTY-BV,ipc-2023/settlers,files/ipc-2023/settlers/domain.pddl,files/ipc-2023/settlers/instances/pfile16.pddl
ENHSP,ipc-2023/settlers,files/ipc-2023/settlers/domain.pddl,files/ipc-2023/settlers/instances/pfile16.pddl
PATTY,ipc-2023/settlers,files/ipc-2023/settlers/domain.pddl,files/ipc-2023/settlers/instances/pfile18.pddl
PATTY-BV,ipc-2023/settlers,files/ipc-2023/settlers/domain.pddl,files/ipc-2023/settlers/instances/pfile18.pddl
ENHSP,ipc-2023/settlers,files/ipc-2023/settlers/domain.pddl,files/ipc-2023/settlers/instances/pfile18.pddl
PATTY,ipc-2023/settlers,files/ipc-2023/settlers/domain.pddl,files/ipc-2023/settlers/instances/pfile19.pddl
PATTY-BV,ipc-2023/settlers,files/ipc-2023/settlers/domain.pddl,files/ipc-2023/settlers/instances/pfile19.pddl
ENHSP,ipc-2023/settlers,files/ipc-2023/settlers/domain.pddl,files/ipc-2023/settlers/instances/pfile19.pddl
PATTY,ipc-2023/settlers,files/ipc-2023/settlers/domain.pddl,files/ipc-2023/settlers/instances/pfile20.pddl
PATTY-BV,ipc-2023/settlers,files/ipc-2023/settlers/domain.pddl,files/ipc-2023/settlers/instances/pfile20.pddl
ENHSP,ipc-2023/settlers,files/ipc-2023/settlers/domain.pddl,files/ipc-2023/settlers/instances/pfile20.pddl
PATTY,ipc-2023/settlers,files/ipc-2023/settlers/domain.pddl,files/ipc-2023/settlers/instances/pfile21.pddl
PATTY-BV,ipc-2023/settlers,files/ipc-2023/settlers/domain.pddl,files/ipc-2023/settlers/instances/pfile21.pddl
ENHSP,ipc-2023/settlers,files/ipc-2023/settlers/domain.pddl,files/ipc-2023/settlers/instances/pfile21.pddl
PATTY,ipc-2023/settlers,files/ipc-2023/settlers/domain.pddl,files/ipc-2023/settlers/instances/pfile22.pddl
PATTY-BV,ipc-2023/settlers,files/ipc-2023/settlers/domain.pddl,files/ipc-2023/settlers/instances/pfile22.pddl
ENHSP,ipc-2023/settlers,files/ipc-2023/settlers/domain.pddl,files/ipc-2023/settlers/instances/pfile22.pddl
PATTY,ipc-2023/settlers,files/ipc-2023/settlers/domain.pddl,files/ipc-2023/settlers/instances/pfile23.pddl
PATTY-BV,ipc-2023/settlers,files/ipc-2023/settlers/domain.pddl,files/ipc-2023/settlers/instances/pfile23.pddl
ENHSP,ipc-2023/settlers,files/ipc-2023/settlers/domain.pddl,files/ipc-2023/settlers/instances/pfile23.pddl
PATTY,ipc-2023/settlers,files/ipc-2023/settlers/domain.pddl,files/ipc-2023/settlers/instances/pfile24.pddl
PATTY-BV,ipc-2023/settlers,files/ipc-2023/settlers/domain.pddl,files/ipc-2023/settlers/instances/pfile24.pddl
ENHSP,ipc-2023/settlers,files/ipc-2023/settlers/domain.pddl,files/ipc-2023/settlers/instances/pfile24.pddl
PATTY,ipc-2023/settlers,files/ipc-2023/settlers/domain.pddl,files/ipc-2023/settlers/instances/pfile25.pddl
PATTY-BV,ipc-2023/settlers,files/ipc-2023/settlers/domain.pddl,files/ipc-2023/settlers/instances/pfile25.pddl
ENHSP,ipc-2023/settlers,files/ipc-2023/settlers/domain.pddl,files/ipc-2023/settlers/instances/pfile25.pddl
PATTY,ipc-2023/sugar,files/ipc-2023/sugar/domain.pddl,files/ipc-2023/sugar/instances/pfile01.pddl
PATTY-BV,ipc-2023/sugar,files/ipc-2023/sugar/domain.pddl,files/ipc-2023/sugar/instances/pfile01.pddl
ENHSP,ipc-2023/sugar,files/ipc-2023/sugar/domain.pddl,files/ipc-2023/sugar/instances/pfile01.pddl
PATTY,ipc-2023/sugar,files/ipc-2023/sugar/domain.pddl,files/ipc-2023/sugar/instances/pfile02.pddl
PATTY-BV,ipc-2023/sugar,files/ipc-2023/sugar/domain.pddl,files/ipc-2023/sugar/instances/pfile02.pddl
ENHSP,ipc-2023/sugar,files/ipc-2023/sugar/domain.pddl,files/ipc-2023/sugar/instances/pfile02.pddl
PATTY,ipc-2023/sugar,files/ipc-2023/sugar/domain.pddl,files/ipc-2023/sugar/instances/pfile03.pddl
PATTY-BV,ipc-2023/sugar,files/ipc-2023/sugar/domain.pddl,files/ipc-2023/sugar/instances/pfile03.pddl
ENHSP,ipc-2023/sugar,files/ipc-2023/sugar/domain.pddl,files/ipc-2023/sugar/instances/pfile03.pddl
PATTY,ipc-2023/sugar,files/ipc-2023/sugar/domain.pddl,files/ipc-2023/sugar/instances/pfile04.pddl
PATTY-BV,ipc-2023/sugar,files/ipc-2023/sugar/domain.pddl,files/ipc-2023/sugar/instances/pfile04.pddl
ENHSP,ipc-2023/sugar,files/ipc-2023/sugar/domain.pddl,files/ipc-2023/sugar/instances/pfile04.pddl
PATTY,ipc-2023/sugar,files/ipc-2023/sugar/domain.pddl,files/ipc-2023/sugar/instances/pfile05.pddl
PATTY-BV,ipc-2023/sugar,files/ipc-2023/sugar/domain.pddl,files/ipc-2023/sugar/instances/pfile05.pddl
ENHSP,ipc-2023/sugar,files/ipc-2023/sugar/domain.pddl,files/ipc-2023/sugar/instances/pfile05.pddl
PATTY,ipc-2023/sugar,files/ipc-2023/sugar/domain.pddl,files/ipc-2023/sugar/instances/pfile06.pddl
PATTY-BV,ipc-2023/sugar,files/ipc-2023/sugar/domain.pddl,files/ipc-2023/sugar/instances/pfile06.pddl
ENHSP,ipc-2023/sugar,files/ipc-2023/sugar/domain.pddl,files/ipc-2023/sugar/instances/pfile06.pddl
PATTY,ipc-2023/sugar,files/ipc-2023/sugar/domain.pddl,files/ipc-2023/sugar/instances/pfile07.pddl
PATTY-BV,ipc-2023/sugar,files/ipc-2023/sugar/domain.pddl,files/ipc-2023/sugar/instances/pfile07.pddl
ENHSP,ipc-2023/sugar,files/ipc-2023/sugar/domain.pddl,files/ipc-2023/sugar/instances/pfile07.pddl
PATTY,ipc-2023/sugar,files/ipc-2023/sugar/domain.pddl,files/ipc-2023/sugar/instances/pfile08.pddl
PATTY-BV,ipc-2023/sugar,files/ipc-2023/sugar/domain.pddl,files/ipc-2023/sugar/instances/pfile08.pddl
ENHSP,ipc-2023/sugar,files/ipc-2023/sugar/domain.pddl,files/ipc-2023/sugar/instances/pfile08.pddl
PATTY,ipc-2023/sugar,files/ipc-2023/sugar/domain.pddl,files/ipc-2023/sugar/instances/pfile09.pddl
PATTY-BV,ipc-2023/sugar,files/ipc-2023/sugar/domain.pddl,files/ipc-2023/sugar/instances/pfile09.pddl
ENHSP,ipc-2023/sugar,files/ipc-2023/sugar/domain.pddl,files/ipc-2023/sugar/instances/pfile09.pddl
PATTY,ipc-2023/sugar,files/ipc-2023/sugar/domain.pddl,files/ipc-2023/sugar/instances/pfile10.pddl
PATTY-BV,ipc-2023/sugar,files/ipc-2023/sugar/domain.pddl,files/ipc-2023/sugar/instances/pfile10.pddl
ENHSP,ipc-2023/sugar,files/ipc-2023/sugar/domain.pddl,files/ipc-2023/sugar/instances/pfile10.pddl
PATTY,ipc-2023/sugar,files/ipc-2023/sugar/domain.pddl,files/ipc-2023/sugar/instances/pfile11.pddl
PATTY-BV,ipc-2023/sugar,files/ipc-2023/sugar/domain.pddl,files/ipc-2023/sugar/instances/pfile11.pddl
ENHSP,ipc-2023/sugar,files/ipc-2023/sugar/domain.pddl,files/ipc-2023/sugar/instances/pfile11.pddl
PATTY,ipc-2023/sugar,files/ipc-2023/sugar/domain.pddl,files/ipc-2023/sugar/instances/pfile12.pddl
PATTY-BV,ipc-2023/sugar,files/ipc-2023/sugar/domain.pddl,files/ipc-2023/sugar/instances/pfile12.pddl
ENHSP,ipc-2023/sugar,files/ipc-2023/sugar/domain.pddl,files/ipc-2023/sugar/instances/pfile12.pddl
PATTY,ipc-2023/sugar,files/ipc-2023/sugar/domain.pddl,files/ipc-2023/sugar/instances/pfile13.pddl
PATTY-BV,ipc-2023/sugar,files/ipc-2023/sugar/domain.pddl,files/ipc-2023/sugar/instances/pfile13.pddl
ENHSP,ipc-2023/sugar,files/ipc-2023/sugar/domain.pddl,files/ipc-2023/sugar/instances/pfile13.pddl
PATTY,ipc-2023/sugar,files/ipc-2023/sugar/domain.pddl,files/ipc-2023/sugar/instances/pfile14.pddl
PATTY-BV,ipc-2023/sugar,files/ipc-2023/sugar/domain.pddl,files/ipc-2023/sugar/instances/pfile14.pddl
ENHSP,ipc-2023/sugar,files/ipc-2023/sugar/domain.pddl,files/ipc-2023/sugar/instances/pfile14.pddl
PATTY,ipc-2023/sugar,files/ipc-2023/sugar/domain.pddl,files/ipc-2023/sugar/instances/pfile15.pddl
PATTY-BV,ipc-2023/sugar,files/ipc-2023/sugar/domain.pddl,files/ipc-2023/sugar/instances/pfile15.pddl
ENHSP,ipc-2023/sugar,files/ipc-2023/sugar/domain.pddl,files/ipc-2023/sugar/instances/pfile15.pddl
PATTY,ipc-2023/sugar,files/ipc-2023/sugar/domain.pddl,files/ipc-2023/sugar/instances/pfile16.pddl
PATTY-BV,ipc-2023/sugar,files/ipc-2023/sugar/domain.pddl,files/ipc-2023/sugar/instances/pfile16.pddl
ENHSP,ipc-2023/sugar,files/ipc-2023/sugar/domain.pddl,files/ipc-2023/sugar/instances/pfile16.pddl
PATTY,ipc-2023/sugar,files/ipc-2023/sugar/domain.pddl,files/ipc-2023/sugar/instances/pfile17.pddl
PATTY-BV,ipc-2023/sugar,files/ipc-2023/sugar/domain.pddl,files/ipc-2023/sugar/instances/pfile17.pddl
ENHSP,ipc-2023/sugar,files/ipc-2023/sugar/domain.pddl,files/ipc-2023/sugar/instances/pfile17.pddl
PATTY,ipc-2023/sugar,files/ipc-2023/sugar/domain.pddl,files/ipc-2023/sugar/instances/pfile18.pddl
PATTY-BV,ipc-2023/sugar,files/ipc-2023/sugar/domain.pddl,files/ipc-2023/sugar/instances/pfile18.pddl
ENHSP,ipc-2023/sugar,files/ipc-2023/sugar/domain.pddl,files/ipc-2023/sugar/instances/pfile18.pddl
PATTY,ipc-2023/sugar,files/ipc-2023/sugar/domain.pddl,files/ipc-2023/sugar/instances/pfile19.pddl
PATTY-BV,ipc-2023/sugar,files/ipc-2023/sugar/domain.pddl,files/ipc-2023/sugar/instances/pfile19.pddl
ENHSP,ipc-2023/sugar,files/ipc-2023/sugar/domain.pddl,files/ipc-2023/sugar/instances/pfile19.pddl
PATTY,ipc-2023/sugar,files/ipc-2023/sugar/domain.pddl,files/ipc-2023/sugar/instances/pfile20.pddl
PATTY-BV,ipc-2023/sugar,files/ipc-2023/sugar/domain.pddl,files/ipc-2023/sugar/instances/pfile20.pddl
ENHSP,ipc-2023/sugar,files/ipc-2023/sugar/domain.pddl,files/ipc-2023/sugar/instances/pfile20.pddl
PATTY,ipc-2023/tpp,files/ipc-2023/tpp/domain.pddl,files/ipc-2023/tpp/instances/p02.pddl
PATTY-BV,ipc-2023/tpp,files/ipc-2023/tpp/domain.pddl,files/ipc-2023/tpp/instances/p02.pddl
ENHSP,ipc-2023/tpp,files/ipc-2023/tpp/domain.pddl,files/ipc-2023/tpp/instances/p02.pddl
PATTY,ipc-2023/tpp,files/ipc-2023/tpp/domain.pddl,files/ipc-2023/tpp/instances/p04.pddl
PATTY-BV,ipc-2023/tpp,files/ipc-2023/tpp/domain.pddl,files/ipc-2023/tpp/instances/p04.pddl
ENHSP,ipc-2023/tpp,files/ipc-2023/tpp/domain.pddl,files/ipc-2023/tpp/instances/p04.pddl
PATTY,ipc-2023/tpp,files/ipc-2023/tpp/domain.pddl,files/ipc-2023/tpp/instances/p06.pddl
PATTY-BV,ipc-2023/tpp,files/ipc-2023/tpp/domain.pddl,files/ipc-2023/tpp/instances/p06.pddl
ENHSP,ipc-2023/tpp,files/ipc-2023/tpp/domain.pddl,files/ipc-2023/tpp/instances/p06.pddl
PATTY,ipc-2023/tpp,files/ipc-2023/tpp/domain.pddl,files/ipc-2023/tpp/instances/p07.pddl
PATTY-BV,ipc-2023/tpp,files/ipc-2023/tpp/domain.pddl,files/ipc-2023/tpp/instances/p07.pddl
ENHSP,ipc-2023/tpp,files/ipc-2023/tpp/domain.pddl,files/ipc-2023/tpp/instances/p07.pddl
PATTY,ipc-2023/tpp,files/ipc-2023/tpp/domain.pddl,files/ipc-2023/tpp/instances/p17.pddl
PATTY-BV,ipc-2023/tpp,files/ipc-2023/tpp/domain.pddl,files/ipc-2023/tpp/instances/p17.pddl
ENHSP,ipc-2023/tpp,files/ipc-2023/tpp/domain.pddl,files/ipc-2023/tpp/instances/p17.pddl
PATTY,ipc-2023/tpp,files/ipc-2023/tpp/domain.pddl,files/ipc-2023/tpp/instances/p18.pddl
PATTY-BV,ipc-2023/tpp,files/ipc-2023/tpp/domain.pddl,files/ipc-2023/tpp/instances/p18.pddl
ENHSP,ipc-2023/tpp,files/ipc-2023/tpp/domain.pddl,files/ipc-2023/tpp/instances/p18.pddl
PATTY,ipc-2023/tpp,files/ipc-2023/tpp/domain.pddl,files/ipc-2023/tpp/instances/p20.pddl
PATTY-BV,ipc-2023/tpp,files/ipc-2023/tpp/domain.pddl,files/ipc-2023/tpp/instances/p20.pddl
ENHSP,ipc-2023/tpp,files/ipc-2023/tpp/domain.pddl,files/ipc-2023/tpp/instances/p20.pddl
PATTY,ipc-2023/tpp,files/ipc-2023/tpp/domain.pddl,files/ipc-2023/tpp/instances/p21.pddl
PATTY-BV,ipc-2023/tpp,files/ipc-2023/tpp/domain.pddl,files/ipc-2023/tpp/instances/p21.pddl
ENHSP,ipc-2023/tpp,files/ipc-2023/tpp/domain.pddl,files/ipc-2023/tpp/instances/p21.pddl
PATTY,ipc-2023/tpp,files/ipc-2023/tpp/domain.pddl,files/ipc-2023/tpp/instances/p22.pddl
PATTY-BV,ipc-2023/tpp,files/ipc-2023/tpp/domain.pddl,files/ipc-2023/tpp/instances/p22.pddl
ENHSP,ipc-2023/tpp,files/ipc-2023/tpp/domain.pddl,files/ipc-2023/tpp/instances/p22.pddl
PATTY,ipc-2023/tpp,files/ipc-2023/tpp/domain.pddl,files/ipc-2023/tpp/instances/p24.pddl
PATTY-BV,ipc-2023/tpp,files/ipc-2023/tpp/domain.pddl,files/ipc-2023/tpp/instances/p24.pddl
ENHSP,ipc-2023/tpp,files/ipc-2023/tpp/domain.pddl,files/ipc-2023/tpp/instances/p24.pddl
PATTY,ipc-2023/tpp,files/ipc-2023/tpp/domain.pddl,files/ipc-2023/tpp/instances/p25.pddl
PATTY-BV,ipc-2023/tpp,files/ipc-2023/tpp/domain.pddl,files/ipc-2023/tpp/instances/p25.pddl
ENHSP,ipc-2023/tpp,files/ipc-2023/tpp/domain.pddl,files/ipc-2023/tpp/instances/p25.pddl
PATTY,ipc-2023/tpp,files/ipc-2023/tpp/domain.pddl,files/ipc-2023/tpp/instances/p28.pddl
PATTY-BV,ipc-2023/tpp,files/ipc-2023/tpp/domain.pddl,files/ipc-2023/tpp/instances/p28.pddl
ENHSP,ipc-2023/tpp,files/ipc-2023/tpp/domain.pddl,files/ipc-2023/tpp/instances/p28.pddl
PATTY,ipc-2023/tpp,files/ipc-2023/tpp/domain.pddl,files/ipc-2023/tpp/instances/p29.pddl
PATTY-BV,ipc-2023/tpp,files/ipc-2023/tpp/domain.pddl,files/ipc-2023/tpp/instances/p29.pddl
ENHSP,ipc-2023/tpp,files/ipc-2023/tpp/domain.pddl,files/ipc-2023/tpp/instances/p29.pddl
PATTY,ipc-2023/tpp,files/ipc-2023/tpp/domain.pddl,files/ipc-2023/tpp/instances/p30.pddl
PATTY-BV,ipc-2023/tpp,files/ipc-2023/tpp/domain.pddl,files/ipc-2023/tpp/instances/p30.pddl
ENHSP,ipc-2023/tpp,files/ipc-2023/tpp/domain.pddl,files/ipc-2023/tpp/instances/p30.pddl
PATTY,ipc-2023/tpp,files/ipc-2023/tpp/domain.pddl,files/ipc-2023/tpp/instances/p33.pddl
PATTY-BV,ipc-2023/tpp,files/ipc-2023/tpp/domain.pddl,files/ipc-2023/tpp/instances/p33.pddl
ENHSP,ipc-2023/tpp,files/ipc-2023/tpp/domain.pddl,files/ipc-2023/tpp/instances/p33.pddl
PATTY,ipc-2023/tpp,files/ipc-2023/tpp/domain.pddl,files/ipc-2023/tpp/instances/p34.pddl
PATTY-BV,ipc-2023/tpp,files/ipc-2023/tpp/domain.pddl,files/ipc-2023/tpp/instances/p34.pddl
ENHSP,ipc-2023/tpp,files/ipc-2023/tpp/domain.pddl,files/ipc-2023/tpp/instances/p34.pddl
PATTY,ipc-2023/tpp,files/ipc-2023/tpp/domain.pddl,files/ipc-2023/tpp/instances/p36.pddl
PATTY-BV,ipc-2023/tpp,files/ipc-2023/tpp/domain.pddl,files/ipc-2023/tpp/instances/p36.pddl
ENHSP,ipc-2023/tpp,files/ipc-2023/tpp/domain.pddl,files/ipc-2023/tpp/instances/p36.pddl
PATTY,ipc-2023/tpp,files/ipc-2023/tpp/domain.pddl,files/ipc-2023/tpp/instances/p37.pddl
PATTY-BV,ipc-2023/tpp,files/ipc-2023/tpp/domain.pddl,files/ipc-2023/tpp/instances/p37.pddl
ENHSP,ipc-2023/tpp,files/ipc-2023/tpp/domain.pddl,files/ipc-2023/tpp/instances/p37.pddl
PATTY,ipc-2023/tpp,files/ipc-2023/tpp/domain.pddl,files/ipc-2023/tpp/instances/p38.pddl
PATTY-BV,ipc-2023/tpp,files/ipc-2023/tpp/domain.pddl,files/ipc-2023/tpp/instances/p38.pddl
ENHSP,ipc-2023/tpp,files/ipc-2023/tpp/domain.pddl,files/ipc-2023/tpp/instances/p38.pddl
PATTY,ipc-2023/tpp,files/ipc-2023/tpp/domain.pddl,files/ipc-2023/tpp/instances/p39.pddl
PATTY-BV,ipc-2023/tpp,files/ipc-2023/tpp/domain.pddl,files/ipc-2023/tpp/instances/p39.pddl
ENHSP,ipc-2023/tpp,files/ipc-2023/tpp/domain.pddl,files/ipc-2023/tpp/instances/p39.pddl
PATTY,ipc-2023/zenotravel,files/ipc-2023/zenotravel/domain.pddl,files/ipc-2023/zenotravel/instances/pfile1.pddl
PATTY-BV,ipc-2023/zenotravel,files/ipc-2023/zenotravel/domain.pddl,files/ipc-2023/zenotravel/instances/pfile1.pddl
ENHSP,ipc-2023/zenotravel,files/ipc-2023/zenotravel/domain.pddl,files/ipc-2023/zenotravel/instances/pfile1.pddl
PATTY,ipc-2023/zenotravel,files/ipc-2023/zenotravel/domain.pddl,files/ipc-2023/zenotravel/instances/pfile10.pddl
PATTY-BV,ipc-2023/zenotravel,files/ipc-2023/zenotravel/domain.pddl,files/ipc-2023/zenotravel/instances/pfile10.pddl
ENHSP,ipc-2023/zenotravel,files/ipc-2023/zenotravel/domain.pddl,files/ipc-2023/zenotravel/instances/pfile10.pddl
PATTY,ipc-2023/zenotravel,files/ipc-2023/zenotravel/domain.pddl,files/ipc-2023/zenotravel/instances/pfile11.pddl
PATTY-BV,ipc-2023/zenotravel,files/ipc-2023/zenotravel/domain.pddl,files/ipc-2023/zenotravel/instances/pfile11.pddl
ENHSP,ipc-2023/zenotravel,files/ipc-2023/zenotravel/domain.pddl,files/ipc-2023/zenotravel/instances/pfile11.pddl
PATTY,ipc-2023/zenotravel,files/ipc-2023/zenotravel/domain.pddl,files/ipc-2023/zenotravel/instances/pfile12.pddl
PATTY-BV,ipc-2023/zenotravel,files/ipc-2023/zenotravel/domain.pddl,files/ipc-2023/zenotravel/instances/pfile12.pddl
ENHSP,ipc-2023/zenotravel,files/ipc-2023/zenotravel/domain.pddl,files/ipc-2023/zenotravel/instances/pfile12.pddl
PATTY,ipc-2023/zenotravel,files/ipc-2023/zenotravel/domain.pddl,files/ipc-2023/zenotravel/instances/pfile13.pddl
PATTY-BV,ipc-2023/zenotravel,files/ipc-2023/zenotravel/domain.pddl,files/ipc-2023/zenotravel/instances/pfile13.pddl
ENHSP,ipc-2023/zenotravel,files/ipc-2023/zenotravel/domain.pddl,files/ipc-2023/zenotravel/instances/pfile13.pddl
PATTY,ipc-2023/zenotravel,files/ipc-2023/zenotravel/domain.pddl,files/ipc-2023/zenotravel/instances/pfile15.pddl
PATTY-BV,ipc-2023/zenotravel,files/ipc-2023/zenotravel/domain.pddl,files/ipc-2023/zenotravel/instances/pfile15.pddl
ENHSP,ipc-2023/zenotravel,files/ipc-2023/zenotravel/domain.pddl,files/ipc-2023/zenotravel/instances/pfile15.pddl
PATTY,ipc-2023/zenotravel,files/ipc-2023/zenotravel/domain.pddl,files/ipc-2023/zenotravel/instances/pfile16.pddl
PATTY-BV,ipc-2023/zenotravel,files/ipc-2023/zenotravel/domain.pddl,files/ipc-2023/zenotravel/instances/pfile16.pddl
ENHSP,ipc-2023/zenotravel,files/ipc-2023/zenotravel/domain.pddl,files/ipc-2023/zenotravel/instances/pfile16.pddl
PATTY,ipc-2023/zenotravel,files/ipc-2023/zenotravel/domain.pddl,files/ipc-2023/zenotravel/instances/pfile17.pddl
PATTY-BV,ipc-2023/zenotravel,files/ipc-2023/zenotravel/domain.pddl,files/ipc-2023/zenotravel/instances/pfile17.pddl
ENHSP,ipc-2023/zenotravel,files/ipc-2023/zenotravel/domain.pddl,files/ipc-2023/zenotravel/instances/pfile17.pddl
PATTY,ipc-2023/zenotravel,files/ipc-2023/zenotravel/domain.pddl,files/ipc-2023/zenotravel/instances/pfile18.pddl
PATTY-BV,ipc-2023/zenotravel,files/ipc-2023/zenotravel/domain.pddl,files/ipc-2023/zenotravel/instances/pfile18.pddl
ENHSP,ipc-2023/zenotravel,files/ipc-2023/zenotravel/domain.pddl,files/ipc-2023/zenotravel/instances/pfile18.pddl
PATTY,ipc-2023/zenotravel,files/ipc-2023/zenotravel/domain.pddl,files/ipc-2023/zenotravel/instances/pfile19.pddl
PATTY-BV,ipc-2023/zenotravel,files/ipc-2023/zenotravel/domain.pddl,files/ipc-2023/zenotravel/instances/pfile19.pddl
ENHSP,ipc-2023/zenotravel,files/ipc-2023/zenotravel/domain.pddl,files/ipc-2023/zenotravel/instances/pfile19.pddl
PATTY,ipc-2023/zenotravel,files/ipc-2023/zenotravel/domain.pddl,files/ipc-2023/zenotravel/instances/pfile2.pddl
PATTY-BV,ipc-2023/zenotravel,files/ipc-2023/zenotravel/domain.pddl,files/ipc-2023/zenotravel/instances/pfile2.pddl
ENHSP,ipc-2023/zenotravel,files/ipc-2023/zenotravel/domain.pddl,files/ipc-2023/zenotravel/instances/pfile2.pddl
PATTY,ipc-2023/zenotravel,files/ipc-2023/zenotravel/domain.pddl,files/ipc-2023/zenotravel/instances/pfile20.pddl
PATTY-BV,ipc-2023/zenotravel,files/ipc-2023/zenotravel/domain.pddl,files/ipc-2023/zenotravel/instances/pfile20.pddl
ENHSP,ipc-2023/zenotravel,files/ipc-2023/zenotravel/domain.pddl,files/ipc-2023/zenotravel/instances/pfile20.pddl
PATTY,ipc-2023/zenotravel,files/ipc-2023/zenotravel/domain.pddl,files/ipc-2023/zenotravel/instances/pfile21.pddl
PATTY-BV,ipc-2023/zenotravel,files/ipc-2023/zenotravel/domain.pddl,files/ipc-2023/zenotravel/instances/pfile21.pddl
ENHSP,ipc-2023/zenotravel,files/ipc-2023/zenotravel/domain.pddl,files/ipc-2023/zenotravel/instances/pfile21.pddl
PATTY,ipc-2023/zenotravel,files/ipc-2023/zenotravel/domain.pddl,files/ipc-2023/zenotravel/instances/pfile22.pddl
PATTY-BV,ipc-2023/zenotravel,files/ipc-2023/zenotravel/domain.pddl,files/ipc-2023/zenotravel/instances/pfile22.pddl
ENHSP,ipc-2023/zenotravel,files/ipc-2023/zenotravel/domain.pddl,files/ipc-2023/zenotravel/instances/pfile22.pddl
PATTY,ipc-2023/zenotravel,files/ipc-2023/zenotravel/domain.pddl,files/ipc-2023/zenotravel/instances/pfile23.pddl
PATTY-BV,ipc-2023/zenotravel,files/ipc-2023/zenotravel/domain.pddl,files/ipc-2023/zenotravel/instances/pfile23.pddl
ENHSP,ipc-2023/zenotravel,files/ipc-2023/zenotravel/domain.pddl,files/ipc-2023/zenotravel/instances/pfile23.pddl
PATTY,ipc-2023/zenotravel,files/ipc-2023/zenotravel/domain.pddl,files/ipc-2023/zenotravel/instances/pfile3.pddl
PATTY-BV,ipc-2023/zenotravel,files/ipc-2023/zenotravel/domain.pddl,files/ipc-2023/zenotravel/instances/pfile3.pddl
ENHSP,ipc-2023/zenotravel,files/ipc-2023/zenotravel/domain.pddl,files/ipc-2023/zenotravel/instances/pfile3.pddl
PATTY,ipc-2023/zenotravel,files/ipc-2023/zenotravel/domain.pddl,files/ipc-2023/zenotravel/instances/pfile4.pddl
PATTY-BV,ipc-2023/zenotravel,files/ipc-2023/zenotravel/domain.pddl,files/ipc-2023/zenotravel/instances/pfile4.pddl
ENHSP,ipc-2023/zenotravel,files/ipc-2023/zenotravel/domain.pddl,files/ipc-2023/zenotravel/instances/pfile4.pddl
PATTY,ipc-2023/zenotravel,files/ipc-2023/zenotravel/domain.pddl,files/ipc-2023/zenotravel/instances/pfile5.pddl
PATTY-BV,ipc-2023/zenotravel,files/ipc-2023/zenotravel/domain.pddl,files/ipc-2023/zenotravel/instances/pfile5.pddl
ENHSP,ipc-2023/zenotravel,files/ipc-2023/zenotravel/domain.pddl,files/ipc-2023/zenotravel/instances/pfile5.pddl
PATTY,ipc-2023/zenotravel,files/ipc-2023/zenotravel/domain.pddl,files/ipc-2023/zenotravel/instances/pfile6.pddl
PATTY-BV,ipc-2023/zenotravel,files/ipc-2023/zenotravel/domain.pddl,files/ipc-2023/zenotravel/instances/pfile6.pddl
ENHSP,ipc-2023/zenotravel,files/ipc-2023/zenotravel/domain.pddl,files/ipc-2023/zenotravel/instances/pfile6.pddl
PATTY,ipc-2023/zenotravel,files/ipc-2023/zenotravel/domain.pddl,files/ipc-2023/zenotravel/instances/pfile8.pddl
PATTY-BV,ipc-2023/zenotravel,files/ipc-2023/zenotravel/domain.pddl,files/ipc-2023/zenotravel/instances/pfile8.pddl
ENHSP,ipc-2023/zenotravel,files/ipc-2023/zenotravel/domain.pddl,files/ipc-2023/zenotravel/instances/pfile8.pddl
PATTY,ipc2026-dataset-main/2048,files/ipc2026-dataset-main/2048/domain.pddl,files/ipc2026-dataset-main/2048/instances/pfile10.pddl
PATTY-BV,ipc2026-dataset-main/2048,files/ipc2026-dataset-main/2048/domain.pddl,files/ipc2026-dataset-main/2048/instances/pfile10.pddl
ENHSP,ipc2026-dataset-main/2048,files/ipc2026-dataset-main/2048/domain.pddl,files/ipc2026-dataset-main/2048/instances/pfile10.pddl
PATTY,ipc2026-dataset-main/2048,files/ipc2026-dataset-main/2048/domain.pddl,files/ipc2026-dataset-main/2048/instances/pfile11.pddl
PATTY-BV,ipc2026-dataset-main/2048,files/ipc2026-dataset-main/2048/domain.pddl,files/ipc2026-dataset-main/2048/instances/pfile11.pddl
ENHSP,ipc2026-dataset-main/2048,files/ipc2026-dataset-main/2048/domain.pddl,files/ipc2026-dataset-main/2048/instances/pfile11.pddl
PATTY,ipc2026-dataset-main/2048,files/ipc2026-dataset-main/2048/domain.pddl,files/ipc2026-dataset-main/2048/instances/pfile12.pddl
PATTY-BV,ipc2026-dataset-main/2048,files/ipc2026-dataset-main/2048/domain.pddl,files/ipc2026-dataset-main/2048/instances/pfile12.pddl
ENHSP,ipc2026-dataset-main/2048,files/ipc2026-dataset-main/2048/domain.pddl,files/ipc2026-dataset-main/2048/instances/pfile12.pddl
PATTY,ipc2026-dataset-main/2048,files/ipc2026-dataset-main/2048/domain.pddl,files/ipc2026-dataset-main/2048/instances/pfile13.pddl
PATTY-BV,ipc2026-dataset-main/2048,files/ipc2026-dataset-main/2048/domain.pddl,files/ipc2026-dataset-main/2048/instances/pfile13.pddl
ENHSP,ipc2026-dataset-main/2048,files/ipc2026-dataset-main/2048/domain.pddl,files/ipc2026-dataset-main/2048/instances/pfile13.pddl
PATTY,ipc2026-dataset-main/2048,files/ipc2026-dataset-main/2048/domain.pddl,files/ipc2026-dataset-main/2048/instances/pfile14.pddl
PATTY-BV,ipc2026-dataset-main/2048,files/ipc2026-dataset-main/2048/domain.pddl,files/ipc2026-dataset-main/2048/instances/pfile14.pddl
ENHSP,ipc2026-dataset-main/2048,files/ipc2026-dataset-main/2048/domain.pddl,files/ipc2026-dataset-main/2048/instances/pfile14.pddl
PATTY,ipc2026-dataset-main/2048,files/ipc2026-dataset-main/2048/domain.pddl,files/ipc2026-dataset-main/2048/instances/pfile15.pddl
PATTY-BV,ipc2026-dataset-main/2048,files/ipc2026-dataset-main/2048/domain.pddl,files/ipc2026-dataset-main/2048/instances/pfile15.pddl
ENHSP,ipc2026-dataset-main/2048,files/ipc2026-dataset-main/2048/domain.pddl,files/ipc2026-dataset-main/2048/instances/pfile15.pddl
PATTY,ipc2026-dataset-main/2048,files/ipc2026-dataset-main/2048/domain.pddl,files/ipc2026-dataset-main/2048/instances/pfile16.pddl
PATTY-BV,ipc2026-dataset-main/2048,files/ipc2026-dataset-main/2048/domain.pddl,files/ipc2026-dataset-main/2048/instances/pfile16.pddl
ENHSP,ipc2026-dataset-main/2048,files/ipc2026-dataset-main/2048/domain.pddl,files/ipc2026-dataset-main/2048/instances/pfile16.pddl
PATTY,ipc2026-dataset-main/2048,files/ipc2026-dataset-main/2048/domain.pddl,files/ipc2026-dataset-main/2048/instances/pfile17.pddl
PATTY-BV,ipc2026-dataset-main/2048,files/ipc2026-dataset-main/2048/domain.pddl,files/ipc2026-dataset-main/2048/instances/pfile17.pddl
ENHSP,ipc2026-dataset-main/2048,files/ipc2026-dataset-main/2048/domain.pddl,files/ipc2026-dataset-main/2048/instances/pfile17.pddl
PATTY,ipc2026-dataset-main/2048,files/ipc2026-dataset-main/2048/domain.pddl,files/ipc2026-dataset-main/2048/instances/pfile18.pddl
PATTY-BV,ipc2026-dataset-main/2048,files/ipc2026-dataset-main/2048/domain.pddl,files/ipc2026-dataset-main/2048/instances/pfile18.pddl
ENHSP,ipc2026-dataset-main/2048,files/ipc2026-dataset-main/2048/domain.pddl,files/ipc2026-dataset-main/2048/instances/pfile18.pddl
PATTY,ipc2026-dataset-main/2048,files/ipc2026-dataset-main/2048/domain.pddl,files/ipc2026-dataset-main/2048/instances/pfile19.pddl
PATTY-BV,ipc2026-dataset-main/2048,files/ipc2026-dataset-main/2048/domain.pddl,files/ipc2026-dataset-main/2048/instances/pfile19.pddl
ENHSP,ipc2026-dataset-main/2048,files/ipc2026-dataset-main/2048/domain.pddl,files/ipc2026-dataset-main/2048/instances/pfile19.pddl
PATTY,ipc2026-dataset-main/2048,files/ipc2026-dataset-main/2048/domain.pddl,files/ipc2026-dataset-main/2048/instances/pfile20.pddl
PATTY-BV,ipc2026-dataset-main/2048,files/ipc2026-dataset-main/2048/domain.pddl,files/ipc2026-dataset-main/2048/instances/pfile20.pddl
ENHSP,ipc2026-dataset-main/2048,files/ipc2026-dataset-main/2048/domain.pddl,files/ipc2026-dataset-main/2048/instances/pfile20.pddl
PATTY,ipc2026-dataset-main/2048,files/ipc2026-dataset-main/2048/domain.pddl,files/ipc2026-dataset-main/2048/instances/pfile21.pddl
PATTY-BV,ipc2026-dataset-main/2048,files/ipc2026-dataset-main/2048/domain.pddl,files/ipc2026-dataset-main/2048/instances/pfile21.pddl
ENHSP,ipc2026-dataset-main/2048,files/ipc2026-dataset-main/2048/domain.pddl,files/ipc2026-dataset-main/2048/instances/pfile21.pddl
PATTY,ipc2026-dataset-main/2048,files/ipc2026-dataset-main/2048/domain.pddl,files/ipc2026-dataset-main/2048/instances/pfile22.pddl
PATTY-BV,ipc2026-dataset-main/2048,files/ipc2026-dataset-main/2048/domain.pddl,files/ipc2026-dataset-main/2048/instances/pfile22.pddl
ENHSP,ipc2026-dataset-main/2048,files/ipc2026-dataset-main/2048/domain.pddl,files/ipc2026-dataset-main/2048/instances/pfile22.pddl
PATTY,ipc2026-dataset-main/2048,files/ipc2026-dataset-main/2048/domain.pddl,files/ipc2026-dataset-main/2048/instances/pfile23.pddl
PATTY-BV,ipc2026-dataset-main/2048,files/ipc2026-dataset-main/2048/domain.pddl,files/ipc2026-dataset-main/2048/instances/pfile23.pddl
ENHSP,ipc2026-dataset-main/2048,files/ipc2026-dataset-main/2048/domain.pddl,files/ipc2026-dataset-main/2048/instances/pfile23.pddl
PATTY,ipc2026-dataset-main/2048,files/ipc2026-dataset-main/2048/domain.pddl,files/ipc2026-dataset-main/2048/instances/pfile24.pddl
PATTY-BV,ipc2026-dataset-main/2048,files/ipc2026-dataset-main/2048/domain.pddl,files/ipc2026-dataset-main/2048/instances/pfile24.pddl
ENHSP,ipc2026-dataset-main/2048,files/ipc2026-dataset-main/2048/domain.pddl,files/ipc2026-dataset-main/2048/instances/pfile24.pddl
PATTY,ipc2026-dataset-main/2048,files/ipc2026-dataset-main/2048/domain.pddl,files/ipc2026-dataset-main/2048/instances/pfile25.pddl
PATTY-BV,ipc2026-dataset-main/2048,files/ipc2026-dataset-main/2048/domain.pddl,files/ipc2026-dataset-main/2048/instances/pfile25.pddl
ENHSP,ipc2026-dataset-main/2048,files/ipc2026-dataset-main/2048/domain.pddl,files/ipc2026-dataset-main/2048/instances/pfile25.pddl
PATTY,ipc2026-dataset-main/2048,files/ipc2026-dataset-main/2048/domain.pddl,files/ipc2026-dataset-main/2048/instances/pfile26.pddl
PATTY-BV,ipc2026-dataset-main/2048,files/ipc2026-dataset-main/2048/domain.pddl,files/ipc2026-dataset-main/2048/instances/pfile26.pddl
ENHSP,ipc2026-dataset-main/2048,files/ipc2026-dataset-main/2048/domain.pddl,files/ipc2026-dataset-main/2048/instances/pfile26.pddl
PATTY,ipc2026-dataset-main/2048,files/ipc2026-dataset-main/2048/domain.pddl,files/ipc2026-dataset-main/2048/instances/pfile29.pddl
PATTY-BV,ipc2026-dataset-main/2048,files/ipc2026-dataset-main/2048/domain.pddl,files/ipc2026-dataset-main/2048/instances/pfile29.pddl
ENHSP,ipc2026-dataset-main/2048,files/ipc2026-dataset-main/2048/domain.pddl,files/ipc2026-dataset-main/2048/instances/pfile29.pddl
PATTY,ipc2026-dataset-main/2048,files/ipc2026-dataset-main/2048/domain.pddl,files/ipc2026-dataset-main/2048/instances/pfile8.pddl
PATTY-BV,ipc2026-dataset-main/2048,files/ipc2026-dataset-main/2048/domain.pddl,files/ipc2026-dataset-main/2048/instances/pfile8.pddl
ENHSP,ipc2026-dataset-main/2048,files/ipc2026-dataset-main/2048/domain.pddl,files/ipc2026-dataset-main/2048/instances/pfile8.pddl
PATTY,ipc2026-dataset-main/2048,files/ipc2026-dataset-main/2048/domain.pddl,files/ipc2026-dataset-main/2048/instances/pfile9.pddl
PATTY-BV,ipc2026-dataset-main/2048,files/ipc2026-dataset-main/2048/domain.pddl,files/ipc2026-dataset-main/2048/instances/pfile9.pddl
ENHSP,ipc2026-dataset-main/2048,files/ipc2026-dataset-main/2048/domain.pddl,files/ipc2026-dataset-main/2048/instances/pfile9.pddl
PATTY,ipc2026-dataset-main/coins,files/ipc2026-dataset-main/coins/domain.pddl,files/ipc2026-dataset-main/coins/instances/pfile01.pddl
PATTY-BV,ipc2026-dataset-main/coins,files/ipc2026-dataset-main/coins/domain.pddl,files/ipc2026-dataset-main/coins/instances/pfile01.pddl
ENHSP,ipc2026-dataset-main/coins,files/ipc2026-dataset-main/coins/domain.pddl,files/ipc2026-dataset-main/coins/instances/pfile01.pddl
PATTY,ipc2026-dataset-main/coins,files/ipc2026-dataset-main/coins/domain.pddl,files/ipc2026-dataset-main/coins/instances/pfile02.pddl
PATTY-BV,ipc2026-dataset-main/coins,files/ipc2026-dataset-main/coins/domain.pddl,files/ipc2026-dataset-main/coins/instances/pfile02.pddl
ENHSP,ipc2026-dataset-main/coins,files/ipc2026-dataset-main/coins/domain.pddl,files/ipc2026-dataset-main/coins/instances/pfile02.pddl
PATTY,ipc2026-dataset-main/coins,files/ipc2026-dataset-main/coins/domain.pddl,files/ipc2026-dataset-main/coins/instances/pfile03.pddl
PATTY-BV,ipc2026-dataset-main/coins,files/ipc2026-dataset-main/coins/domain.pddl,files/ipc2026-dataset-main/coins/instances/pfile03.pddl
ENHSP,ipc2026-dataset-main/coins,files/ipc2026-dataset-main/coins/domain.pddl,files/ipc2026-dataset-main/coins/instances/pfile03.pddl
PATTY,ipc2026-dataset-main/coins,files/ipc2026-dataset-main/coins/domain.pddl,files/ipc2026-dataset-main/coins/instances/pfile04.pddl
PATTY-BV,ipc2026-dataset-main/coins,files/ipc2026-dataset-main/coins/domain.pddl,files/ipc2026-dataset-main/coins/instances/pfile04.pddl
ENHSP,ipc2026-dataset-main/coins,files/ipc2026-dataset-main/coins/domain.pddl,files/ipc2026-dataset-main/coins/instances/pfile04.pddl
PATTY,ipc2026-dataset-main/coins,files/ipc2026-dataset-main/coins/domain.pddl,files/ipc2026-dataset-main/coins/instances/pfile05.pddl
PATTY-BV,ipc2026-dataset-main/coins,files/ipc2026-dataset-main/coins/domain.pddl,files/ipc2026-dataset-main/coins/instances/pfile05.pddl
ENHSP,ipc2026-dataset-main/coins,files/ipc2026-dataset-main/coins/domain.pddl,files/ipc2026-dataset-main/coins/instances/pfile05.pddl
PATTY,ipc2026-dataset-main/coins,files/ipc2026-dataset-main/coins/domain.pddl,files/ipc2026-dataset-main/coins/instances/pfile06.pddl
PATTY-BV,ipc2026-dataset-main/coins,files/ipc2026-dataset-main/coins/domain.pddl,files/ipc2026-dataset-main/coins/instances/pfile06.pddl
ENHSP,ipc2026-dataset-main/coins,files/ipc2026-dataset-main/coins/domain.pddl,files/ipc2026-dataset-main/coins/instances/pfile06.pddl
PATTY,ipc2026-dataset-main/coins,files/ipc2026-dataset-main/coins/domain.pddl,files/ipc2026-dataset-main/coins/instances/pfile07.pddl
PATTY-BV,ipc2026-dataset-main/coins,files/ipc2026-dataset-main/coins/domain.pddl,files/ipc2026-dataset-main/coins/instances/pfile07.pddl
ENHSP,ipc2026-dataset-main/coins,files/ipc2026-dataset-main/coins/domain.pddl,files/ipc2026-dataset-main/coins/instances/pfile07.pddl
PATTY,ipc2026-dataset-main/coins,files/ipc2026-dataset-main/coins/domain.pddl,files/ipc2026-dataset-main/coins/instances/pfile08.pddl
PATTY-BV,ipc2026-dataset-main/coins,files/ipc2026-dataset-main/coins/domain.pddl,files/ipc2026-dataset-main/coins/instances/pfile08.pddl
ENHSP,ipc2026-dataset-main/coins,files/ipc2026-dataset-main/coins/domain.pddl,files/ipc2026-dataset-main/coins/instances/pfile08.pddl
PATTY,ipc2026-dataset-main/coins,files/ipc2026-dataset-main/coins/domain.pddl,files/ipc2026-dataset-main/coins/instances/pfile09.pddl
PATTY-BV,ipc2026-dataset-main/coins,files/ipc2026-dataset-main/coins/domain.pddl,files/ipc2026-dataset-main/coins/instances/pfile09.pddl
ENHSP,ipc2026-dataset-main/coins,files/ipc2026-dataset-main/coins/domain.pddl,files/ipc2026-dataset-main/coins/instances/pfile09.pddl
PATTY,ipc2026-dataset-main/coins,files/ipc2026-dataset-main/coins/domain.pddl,files/ipc2026-dataset-main/coins/instances/pfile10.pddl
PATTY-BV,ipc2026-dataset-main/coins,files/ipc2026-dataset-main/coins/domain.pddl,files/ipc2026-dataset-main/coins/instances/pfile10.pddl
ENHSP,ipc2026-dataset-main/coins,files/ipc2026-dataset-main/coins/domain.pddl,files/ipc2026-dataset-main/coins/instances/pfile10.pddl
PATTY,ipc2026-dataset-main/coins,files/ipc2026-dataset-main/coins/domain.pddl,files/ipc2026-dataset-main/coins/instances/pfile11.pddl
PATTY-BV,ipc2026-dataset-main/coins,files/ipc2026-dataset-main/coins/domain.pddl,files/ipc2026-dataset-main/coins/instances/pfile11.pddl
ENHSP,ipc2026-dataset-main/coins,files/ipc2026-dataset-main/coins/domain.pddl,files/ipc2026-dataset-main/coins/instances/pfile11.pddl
PATTY,ipc2026-dataset-main/coins,files/ipc2026-dataset-main/coins/domain.pddl,files/ipc2026-dataset-main/coins/instances/pfile12.pddl
PATTY-BV,ipc2026-dataset-main/coins,files/ipc2026-dataset-main/coins/domain.pddl,files/ipc2026-dataset-main/coins/instances/pfile12.pddl
ENHSP,ipc2026-dataset-main/coins,files/ipc2026-dataset-main/coins/domain.pddl,files/ipc2026-dataset-main/coins/instances/pfile12.pddl
PATTY,ipc2026-dataset-main/coins,files/ipc2026-dataset-main/coins/domain.pddl,files/ipc2026-dataset-main/coins/instances/pfile13.pddl
PATTY-BV,ipc2026-dataset-main/coins,files/ipc2026-dataset-main/coins/domain.pddl,files/ipc2026-dataset-main/coins/instances/pfile13.pddl
ENHSP,ipc2026-dataset-main/coins,files/ipc2026-dataset-main/coins/domain.pddl,files/ipc2026-dataset-main/coins/instances/pfile13.pddl
PATTY,ipc2026-dataset-main/coins,files/ipc2026-dataset-main/coins/domain.pddl,files/ipc2026-dataset-main/coins/instances/pfile14.pddl
PATTY-BV,ipc2026-dataset-main/coins,files/ipc2026-dataset-main/coins/domain.pddl,files/ipc2026-dataset-main/coins/instances/pfile14.pddl
ENHSP,ipc2026-dataset-main/coins,files/ipc2026-dataset-main/coins/domain.pddl,files/ipc2026-dataset-main/coins/instances/pfile14.pddl
PATTY,ipc2026-dataset-main/coins,files/ipc2026-dataset-main/coins/domain.pddl,files/ipc2026-dataset-main/coins/instances/pfile15.pddl
PATTY-BV,ipc2026-dataset-main/coins,files/ipc2026-dataset-main/coins/domain.pddl,files/ipc2026-dataset-main/coins/instances/pfile15.pddl
ENHSP,ipc2026-dataset-main/coins,files/ipc2026-dataset-main/coins/domain.pddl,files/ipc2026-dataset-main/coins/instances/pfile15.pddl
PATTY,ipc2026-dataset-main/coins,files/ipc2026-dataset-main/coins/domain.pddl,files/ipc2026-dataset-main/coins/instances/pfile16.pddl
PATTY-BV,ipc2026-dataset-main/coins,files/ipc2026-dataset-main/coins/domain.pddl,files/ipc2026-dataset-main/coins/instances/pfile16.pddl
ENHSP,ipc2026-dataset-main/coins,files/ipc2026-dataset-main/coins/domain.pddl,files/ipc2026-dataset-main/coins/instances/pfile16.pddl
PATTY,ipc2026-dataset-main/coins,files/ipc2026-dataset-main/coins/domain.pddl,files/ipc2026-dataset-main/coins/instances/pfile17.pddl
PATTY-BV,ipc2026-dataset-main/coins,files/ipc2026-dataset-main/coins/domain.pddl,files/ipc2026-dataset-main/coins/instances/pfile17.pddl
ENHSP,ipc2026-dataset-main/coins,files/ipc2026-dataset-main/coins/domain.pddl,files/ipc2026-dataset-main/coins/instances/pfile17.pddl
PATTY,ipc2026-dataset-main/coins,files/ipc2026-dataset-main/coins/domain.pddl,files/ipc2026-dataset-main/coins/instances/pfile18.pddl
PATTY-BV,ipc2026-dataset-main/coins,files/ipc2026-dataset-main/coins/domain.pddl,files/ipc2026-dataset-main/coins/instances/pfile18.pddl
ENHSP,ipc2026-dataset-main/coins,files/ipc2026-dataset-main/coins/domain.pddl,files/ipc2026-dataset-main/coins/instances/pfile18.pddl
PATTY,ipc2026-dataset-main/coins,files/ipc2026-dataset-main/coins/domain.pddl,files/ipc2026-dataset-main/coins/instances/pfile19.pddl
PATTY-BV,ipc2026-dataset-main/coins,files/ipc2026-dataset-main/coins/domain.pddl,files/ipc2026-dataset-main/coins/instances/pfile19.pddl
ENHSP,ipc2026-dataset-main/coins,files/ipc2026-dataset-main/coins/domain.pddl,files/ipc2026-dataset-main/coins/instances/pfile19.pddl
PATTY,ipc2026-dataset-main/coins,files/ipc2026-dataset-main/coins/domain.pddl,files/ipc2026-dataset-main/coins/instances/pfile20.pddl
PATTY-BV,ipc2026-dataset-main/coins,files/ipc2026-dataset-main/coins/domain.pddl,files/ipc2026-dataset-main/coins/instances/pfile20.pddl
ENHSP,ipc2026-dataset-main/coins,files/ipc2026-dataset-main/coins/domain.pddl,files/ipc2026-dataset-main/coins/instances/pfile20.pddl
PATTY,ipc2026-dataset-main/expedition,files/ipc2026-dataset-main/expedition/domain.pddl,files/ipc2026-dataset-main/expedition/instances/pfile1.pddl
PATTY-BV,ipc2026-dataset-main/expedition,files/ipc2026-dataset-main/expedition/domain.pddl,files/ipc2026-dataset-main/expedition/instances/pfile1.pddl
ENHSP,ipc2026-dataset-main/expedition,files/ipc2026-dataset-main/expedition/domain.pddl,files/ipc2026-dataset-main/expedition/instances/pfile1.pddl
PATTY,ipc2026-dataset-main/expedition,files/ipc2026-dataset-main/expedition/domain.pddl,files/ipc2026-dataset-main/expedition/instances/pfile10.pddl
PATTY-BV,ipc2026-dataset-main/expedition,files/ipc2026-dataset-main/expedition/domain.pddl,files/ipc2026-dataset-main/expedition/instances/pfile10.pddl
ENHSP,ipc2026-dataset-main/expedition,files/ipc2026-dataset-main/expedition/domain.pddl,files/ipc2026-dataset-main/expedition/instances/pfile10.pddl
PATTY,ipc2026-dataset-main/expedition,files/ipc2026-dataset-main/expedition/domain.pddl,files/ipc2026-dataset-main/expedition/instances/pfile11.pddl
PATTY-BV,ipc2026-dataset-main/expedition,files/ipc2026-dataset-main/expedition/domain.pddl,files/ipc2026-dataset-main/expedition/instances/pfile11.pddl
ENHSP,ipc2026-dataset-main/expedition,files/ipc2026-dataset-main/expedition/domain.pddl,files/ipc2026-dataset-main/expedition/instances/pfile11.pddl
PATTY,ipc2026-dataset-main/expedition,files/ipc2026-dataset-main/expedition/domain.pddl,files/ipc2026-dataset-main/expedition/instances/pfile12.pddl
PATTY-BV,ipc2026-dataset-main/expedition,files/ipc2026-dataset-main/expedition/domain.pddl,files/ipc2026-dataset-main/expedition/instances/pfile12.pddl
ENHSP,ipc2026-dataset-main/expedition,files/ipc2026-dataset-main/expedition/domain.pddl,files/ipc2026-dataset-main/expedition/instances/pfile12.pddl
PATTY,ipc2026-dataset-main/expedition,files/ipc2026-dataset-main/expedition/domain.pddl,files/ipc2026-dataset-main/expedition/instances/pfile13.pddl
PATTY-BV,ipc2026-dataset-main/expedition,files/ipc2026-dataset-main/expedition/domain.pddl,files/ipc2026-dataset-main/expedition/instances/pfile13.pddl
ENHSP,ipc2026-dataset-main/expedition,files/ipc2026-dataset-main/expedition/domain.pddl,files/ipc2026-dataset-main/expedition/instances/pfile13.pddl
PATTY,ipc2026-dataset-main/expedition,files/ipc2026-dataset-main/expedition/domain.pddl,files/ipc2026-dataset-main/expedition/instances/pfile14.pddl
PATTY-BV,ipc2026-dataset-main/expedition,files/ipc2026-dataset-main/expedition/domain.pddl,files/ipc2026-dataset-main/expedition/instances/pfile14.pddl
ENHSP,ipc2026-dataset-main/expedition,files/ipc2026-dataset-main/expedition/domain.pddl,files/ipc2026-dataset-main/expedition/instances/pfile14.pddl
PATTY,ipc2026-dataset-main/expedition,files/ipc2026-dataset-main/expedition/domain.pddl,files/ipc2026-dataset-main/expedition/instances/pfile15.pddl
PATTY-BV,ipc2026-dataset-main/expedition,files/ipc2026-dataset-main/expedition/domain.pddl,files/ipc2026-dataset-main/expedition/instances/pfile15.pddl
ENHSP,ipc2026-dataset-main/expedition,files/ipc2026-dataset-main/expedition/domain.pddl,files/ipc2026-dataset-main/expedition/instances/pfile15.pddl
PATTY,ipc2026-dataset-main/expedition,files/ipc2026-dataset-main/expedition/domain.pddl,files/ipc2026-dataset-main/expedition/instances/pfile16.pddl
PATTY-BV,ipc2026-dataset-main/expedition,files/ipc2026-dataset-main/expedition/domain.pddl,files/ipc2026-dataset-main/expedition/instances/pfile16.pddl
ENHSP,ipc2026-dataset-main/expedition,files/ipc2026-dataset-main/expedition/domain.pddl,files/ipc2026-dataset-main/expedition/instances/pfile16.pddl
PATTY,ipc2026-dataset-main/expedition,files/ipc2026-dataset-main/expedition/domain.pddl,files/ipc2026-dataset-main/expedition/instances/pfile17.pddl
PATTY-BV,ipc2026-dataset-main/expedition,files/ipc2026-dataset-main/expedition/domain.pddl,files/ipc2026-dataset-main/expedition/instances/pfile17.pddl
ENHSP,ipc2026-dataset-main/expedition,files/ipc2026-dataset-main/expedition/domain.pddl,files/ipc2026-dataset-main/expedition/instances/pfile17.pddl
PATTY,ipc2026-dataset-main/expedition,files/ipc2026-dataset-main/expedition/domain.pddl,files/ipc2026-dataset-main/expedition/instances/pfile18.pddl
PATTY-BV,ipc2026-dataset-main/expedition,files/ipc2026-dataset-main/expedition/domain.pddl,files/ipc2026-dataset-main/expedition/instances/pfile18.pddl
ENHSP,ipc2026-dataset-main/expedition,files/ipc2026-dataset-main/expedition/domain.pddl,files/ipc2026-dataset-main/expedition/instances/pfile18.pddl
PATTY,ipc2026-dataset-main/expedition,files/ipc2026-dataset-main/expedition/domain.pddl,files/ipc2026-dataset-main/expedition/instances/pfile19.pddl
PATTY-BV,ipc2026-dataset-main/expedition,files/ipc2026-dataset-main/expedition/domain.pddl,files/ipc2026-dataset-main/expedition/instances/pfile19.pddl
ENHSP,ipc2026-dataset-main/expedition,files/ipc2026-dataset-main/expedition/domain.pddl,files/ipc2026-dataset-main/expedition/instances/pfile19.pddl
PATTY,ipc2026-dataset-main/expedition,files/ipc2026-dataset-main/expedition/domain.pddl,files/ipc2026-dataset-main/expedition/instances/pfile2.pddl
PATTY-BV,ipc2026-dataset-main/expedition,files/ipc2026-dataset-main/expedition/domain.pddl,files/ipc2026-dataset-main/expedition/instances/pfile2.pddl
ENHSP,ipc2026-dataset-main/expedition,files/ipc2026-dataset-main/expedition/domain.pddl,files/ipc2026-dataset-main/expedition/instances/pfile2.pddl
PATTY,ipc2026-dataset-main/expedition,files/ipc2026-dataset-main/expedition/domain.pddl,files/ipc2026-dataset-main/expedition/instances/pfile20.pddl
PATTY-BV,ipc2026-dataset-main/expedition,files/ipc2026-dataset-main/expedition/domain.pddl,files/ipc2026-dataset-main/expedition/instances/pfile20.pddl
ENHSP,ipc2026-dataset-main/expedition,files/ipc2026-dataset-main/expedition/domain.pddl,files/ipc2026-dataset-main/expedition/instances/pfile20.pddl
PATTY,ipc2026-dataset-main/expedition,files/ipc2026-dataset-main/expedition/domain.pddl,files/ipc2026-dataset-main/expedition/instances/pfile3.pddl
PATTY-BV,ipc2026-dataset-main/expedition,files/ipc2026-dataset-main/expedition/domain.pddl,files/ipc2026-dataset-main/expedition/instances/pfile3.pddl
ENHSP,ipc2026-dataset-main/expedition,files/ipc2026-dataset-main/expedition/domain.pddl,files/ipc2026-dataset-main/expedition/instances/pfile3.pddl
PATTY,ipc2026-dataset-main/expedition,files/ipc2026-dataset-main/expedition/domain.pddl,files/ipc2026-dataset-main/expedition/instances/pfile4.pddl
PATTY-BV,ipc2026-dataset-main/expedition,files/ipc2026-dataset-main/expedition/domain.pddl,files/ipc2026-dataset-main/expedition/instances/pfile4.pddl
ENHSP,ipc2026-dataset-main/expedition,files/ipc2026-dataset-main/expedition/domain.pddl,files/ipc2026-dataset-main/expedition/instances/pfile4.pddl
PATTY,ipc2026-dataset-main/expedition,files/ipc2026-dataset-main/expedition/domain.pddl,files/ipc2026-dataset-main/expedition/instances/pfile5.pddl
PATTY-BV,ipc2026-dataset-main/expedition,files/ipc2026-dataset-main/expedition/domain.pddl,files/ipc2026-dataset-main/expedition/instances/pfile5.pddl
ENHSP,ipc2026-dataset-main/expedition,files/ipc2026-dataset-main/expedition/domain.pddl,files/ipc2026-dataset-main/expedition/instances/pfile5.pddl
PATTY,ipc2026-dataset-main/expedition,files/ipc2026-dataset-main/expedition/domain.pddl,files/ipc2026-dataset-main/expedition/instances/pfile6.pddl
PATTY-BV,ipc2026-dataset-main/expedition,files/ipc2026-dataset-main/expedition/domain.pddl,files/ipc2026-dataset-main/expedition/instances/pfile6.pddl
ENHSP,ipc2026-dataset-main/expedition,files/ipc2026-dataset-main/expedition/domain.pddl,files/ipc2026-dataset-main/expedition/instances/pfile6.pddl
PATTY,ipc2026-dataset-main/expedition,files/ipc2026-dataset-main/expedition/domain.pddl,files/ipc2026-dataset-main/expedition/instances/pfile7.pddl
PATTY-BV,ipc2026-dataset-main/expedition,files/ipc2026-dataset-main/expedition/domain.pddl,files/ipc2026-dataset-main/expedition/instances/pfile7.pddl
ENHSP,ipc2026-dataset-main/expedition,files/ipc2026-dataset-main/expedition/domain.pddl,files/ipc2026-dataset-main/expedition/instances/pfile7.pddl
PATTY,ipc2026-dataset-main/expedition,files/ipc2026-dataset-main/expedition/domain.pddl,files/ipc2026-dataset-main/expedition/instances/pfile8.pddl
PATTY-BV,ipc2026-dataset-main/expedition,files/ipc2026-dataset-main/expedition/domain.pddl,files/ipc2026-dataset-main/expedition/instances/pfile8.pddl
ENHSP,ipc2026-dataset-main/expedition,files/ipc2026-dataset-main/expedition/domain.pddl,files/ipc2026-dataset-main/expedition/instances/pfile8.pddl
PATTY,ipc2026-dataset-main/expedition,files/ipc2026-dataset-main/expedition/domain.pddl,files/ipc2026-dataset-main/expedition/instances/pfile9.pddl
PATTY-BV,ipc2026-dataset-main/expedition,files/ipc2026-dataset-main/expedition/domain.pddl,files/ipc2026-dataset-main/expedition/instances/pfile9.pddl
ENHSP,ipc2026-dataset-main/expedition,files/ipc2026-dataset-main/expedition/domain.pddl,files/ipc2026-dataset-main/expedition/instances/pfile9.pddl
PATTY,ipc2026-dataset-main/factory-robot,files/ipc2026-dataset-main/factory-robot/domain.pddl,files/ipc2026-dataset-main/factory-robot/instances/pfile1.pddl
PATTY-BV,ipc2026-dataset-main/factory-robot,files/ipc2026-dataset-main/factory-robot/domain.pddl,files/ipc2026-dataset-main/factory-robot/instances/pfile1.pddl
ENHSP,ipc2026-dataset-main/factory-robot,files/ipc2026-dataset-main/factory-robot/domain.pddl,files/ipc2026-dataset-main/factory-robot/instances/pfile1.pddl
PATTY,ipc2026-dataset-main/factory-robot,files/ipc2026-dataset-main/factory-robot/domain.pddl,files/ipc2026-dataset-main/factory-robot/instances/pfile10.pddl
PATTY-BV,ipc2026-dataset-main/factory-robot,files/ipc2026-dataset-main/factory-robot/domain.pddl,files/ipc2026-dataset-main/factory-robot/instances/pfile10.pddl
ENHSP,ipc2026-dataset-main/factory-robot,files/ipc2026-dataset-main/factory-robot/domain.pddl,files/ipc2026-dataset-main/factory-robot/instances/pfile10.pddl
PATTY,ipc2026-dataset-main/factory-robot,files/ipc2026-dataset-main/factory-robot/domain.pddl,files/ipc2026-dataset-main/factory-robot/instances/pfile11.pddl
PATTY-BV,ipc2026-dataset-main/factory-robot,files/ipc2026-dataset-main/factory-robot/domain.pddl,files/ipc2026-dataset-main/factory-robot/instances/pfile11.pddl
ENHSP,ipc2026-dataset-main/factory-robot,files/ipc2026-dataset-main/factory-robot/domain.pddl,files/ipc2026-dataset-main/factory-robot/instances/pfile11.pddl
PATTY,ipc2026-dataset-main/factory-robot,files/ipc2026-dataset-main/factory-robot/domain.pddl,files/ipc2026-dataset-main/factory-robot/instances/pfile12.pddl
PATTY-BV,ipc2026-dataset-main/factory-robot,files/ipc2026-dataset-main/factory-robot/domain.pddl,files/ipc2026-dataset-main/factory-robot/instances/pfile12.pddl
ENHSP,ipc2026-dataset-main/factory-robot,files/ipc2026-dataset-main/factory-robot/domain.pddl,files/ipc2026-dataset-main/factory-robot/instances/pfile12.pddl
PATTY,ipc2026-dataset-main/factory-robot,files/ipc2026-dataset-main/factory-robot/domain.pddl,files/ipc2026-dataset-main/factory-robot/instances/pfile13.pddl
PATTY-BV,ipc2026-dataset-main/factory-robot,files/ipc2026-dataset-main/factory-robot/domain.pddl,files/ipc2026-dataset-main/factory-robot/instances/pfile13.pddl
ENHSP,ipc2026-dataset-main/factory-robot,files/ipc2026-dataset-main/factory-robot/domain.pddl,files/ipc2026-dataset-main/factory-robot/instances/pfile13.pddl
PATTY,ipc2026-dataset-main/factory-robot,files/ipc2026-dataset-main/factory-robot/domain.pddl,files/ipc2026-dataset-main/factory-robot/instances/pfile14.pddl
PATTY-BV,ipc2026-dataset-main/factory-robot,files/ipc2026-dataset-main/factory-robot/domain.pddl,files/ipc2026-dataset-main/factory-robot/instances/pfile14.pddl
ENHSP,ipc2026-dataset-main/factory-robot,files/ipc2026-dataset-main/factory-robot/domain.pddl,files/ipc2026-dataset-main/factory-robot/instances/pfile14.pddl
PATTY,ipc2026-dataset-main/factory-robot,files/ipc2026-dataset-main/factory-robot/domain.pddl,files/ipc2026-dataset-main/factory-robot/instances/pfile15.pddl
PATTY-BV,ipc2026-dataset-main/factory-robot,files/ipc2026-dataset-main/factory-robot/domain.pddl,files/ipc2026-dataset-main/factory-robot/instances/pfile15.pddl
ENHSP,ipc2026-dataset-main/factory-robot,files/ipc2026-dataset-main/factory-robot/domain.pddl,files/ipc2026-dataset-main/factory-robot/instances/pfile15.pddl
PATTY,ipc2026-dataset-main/factory-robot,files/ipc2026-dataset-main/factory-robot/domain.pddl,files/ipc2026-dataset-main/factory-robot/instances/pfile16.pddl
PATTY-BV,ipc2026-dataset-main/factory-robot,files/ipc2026-dataset-main/factory-robot/domain.pddl,files/ipc2026-dataset-main/factory-robot/instances/pfile16.pddl
ENHSP,ipc2026-dataset-main/factory-robot,files/ipc2026-dataset-main/factory-robot/domain.pddl,files/ipc2026-dataset-main/factory-robot/instances/pfile16.pddl
PATTY,ipc2026-dataset-main/factory-robot,files/ipc2026-dataset-main/factory-robot/domain.pddl,files/ipc2026-dataset-main/factory-robot/instances/pfile17.pddl
PATTY-BV,ipc2026-dataset-main/factory-robot,files/ipc2026-dataset-main/factory-robot/domain.pddl,files/ipc2026-dataset-main/factory-robot/instances/pfile17.pddl
ENHSP,ipc2026-dataset-main/factory-robot,files/ipc2026-dataset-main/factory-robot/domain.pddl,files/ipc2026-dataset-main/factory-robot/instances/pfile17.pddl
PATTY,ipc2026-dataset-main/factory-robot,files/ipc2026-dataset-main/factory-robot/domain.pddl,files/ipc2026-dataset-main/factory-robot/instances/pfile18.pddl
PATTY-BV,ipc2026-dataset-main/factory-robot,files/ipc2026-dataset-main/factory-robot/domain.pddl,files/ipc2026-dataset-main/factory-robot/instances/pfile18.pddl
ENHSP,ipc2026-dataset-main/factory-robot,files/ipc2026-dataset-main/factory-robot/domain.pddl,files/ipc2026-dataset-main/factory-robot/instances/pfile18.pddl
PATTY,ipc2026-dataset-main/factory-robot,files/ipc2026-dataset-main/factory-robot/domain.pddl,files/ipc2026-dataset-main/factory-robot/instances/pfile19.pddl
PATTY-BV,ipc2026-dataset-main/factory-robot,files/ipc2026-dataset-main/factory-robot/domain.pddl,files/ipc2026-dataset-main/factory-robot/instances/pfile19.pddl
ENHSP,ipc2026-dataset-main/factory-robot,files/ipc2026-dataset-main/factory-robot/domain.pddl,files/ipc2026-dataset-main/factory-robot/instances/pfile19.pddl
PATTY,ipc2026-dataset-main/factory-robot,files/ipc2026-dataset-main/factory-robot/domain.pddl,files/ipc2026-dataset-main/factory-robot/instances/pfile2.pddl
PATTY-BV,ipc2026-dataset-main/factory-robot,files/ipc2026-dataset-main/factory-robot/domain.pddl,files/ipc2026-dataset-main/factory-robot/instances/pfile2.pddl
ENHSP,ipc2026-dataset-main/factory-robot,files/ipc2026-dataset-main/factory-robot/domain.pddl,files/ipc2026-dataset-main/factory-robot/instances/pfile2.pddl
PATTY,ipc2026-dataset-main/factory-robot,files/ipc2026-dataset-main/factory-robot/domain.pddl,files/ipc2026-dataset-main/factory-robot/instances/pfile20.pddl
PATTY-BV,ipc2026-dataset-main/factory-robot,files/ipc2026-dataset-main/factory-robot/domain.pddl,files/ipc2026-dataset-main/factory-robot/instances/pfile20.pddl
ENHSP,ipc2026-dataset-main/factory-robot,files/ipc2026-dataset-main/factory-robot/domain.pddl,files/ipc2026-dataset-main/factory-robot/instances/pfile20.pddl
PATTY,ipc2026-dataset-main/factory-robot,files/ipc2026-dataset-main/factory-robot/domain.pddl,files/ipc2026-dataset-main/factory-robot/instances/pfile3.pddl
PATTY-BV,ipc2026-dataset-main/factory-robot,files/ipc2026-dataset-main/factory-robot/domain.pddl,files/ipc2026-dataset-main/factory-robot/instances/pfile3.pddl
ENHSP,ipc2026-dataset-main/factory-robot,files/ipc2026-dataset-main/factory-robot/domain.pddl,files/ipc2026-dataset-main/factory-robot/instances/pfile3.pddl
PATTY,ipc2026-dataset-main/factory-robot,files/ipc2026-dataset-main/factory-robot/domain.pddl,files/ipc2026-dataset-main/factory-robot/instances/pfile4.pddl
PATTY-BV,ipc2026-dataset-main/factory-robot,files/ipc2026-dataset-main/factory-robot/domain.pddl,files/ipc2026-dataset-main/factory-robot/instances/pfile4.pddl
ENHSP,ipc2026-dataset-main/factory-robot,files/ipc2026-dataset-main/factory-robot/domain.pddl,files/ipc2026-dataset-main/factory-robot/instances/pfile4.pddl
PATTY,ipc2026-dataset-main/factory-robot,files/ipc2026-dataset-main/factory-robot/domain.pddl,files/ipc2026-dataset-main/factory-robot/instances/pfile5.pddl
PATTY-BV,ipc2026-dataset-main/factory-robot,files/ipc2026-dataset-main/factory-robot/domain.pddl,files/ipc2026-dataset-main/factory-robot/instances/pfile5.pddl
ENHSP,ipc2026-dataset-main/factory-robot,files/ipc2026-dataset-main/factory-robot/domain.pddl,files/ipc2026-dataset-main/factory-robot/instances/pfile5.pddl
PATTY,ipc2026-dataset-main/factory-robot,files/ipc2026-dataset-main/factory-robot/domain.pddl,files/ipc2026-dataset-main/factory-robot/instances/pfile6.pddl
PATTY-BV,ipc2026-dataset-main/factory-robot,files/ipc2026-dataset-main/factory-robot/domain.pddl,files/ipc2026-dataset-main/factory-robot/instances/pfile6.pddl
ENHSP,ipc2026-dataset-main/factory-robot,files/ipc2026-dataset-main/factory-robot/domain.pddl,files/ipc2026-dataset-main/factory-robot/instances/pfile6.pddl
PATTY,ipc2026-dataset-main/factory-robot,files/ipc2026-dataset-main/factory-robot/domain.pddl,files/ipc2026-dataset-main/factory-robot/instances/pfile7.pddl
PATTY-BV,ipc2026-dataset-main/factory-robot,files/ipc2026-dataset-main/factory-robot/domain.pddl,files/ipc2026-dataset-main/factory-robot/instances/pfile7.pddl
ENHSP,ipc2026-dataset-main/factory-robot,files/ipc2026-dataset-main/factory-robot/domain.pddl,files/ipc2026-dataset-main/factory-robot/instances/pfile7.pddl
PATTY,ipc2026-dataset-main/factory-robot,files/ipc2026-dataset-main/factory-robot/domain.pddl,files/ipc2026-dataset-main/factory-robot/instances/pfile8.pddl
PATTY-BV,ipc2026-dataset-main/factory-robot,files/ipc2026-dataset-main/factory-robot/domain.pddl,files/ipc2026-dataset-main/factory-robot/instances/pfile8.pddl
ENHSP,ipc2026-dataset-main/factory-robot,files/ipc2026-dataset-main/factory-robot/domain.pddl,files/ipc2026-dataset-main/factory-robot/instances/pfile8.pddl
PATTY,ipc2026-dataset-main/factory-robot,files/ipc2026-dataset-main/factory-robot/domain.pddl,files/ipc2026-dataset-main/factory-robot/instances/pfile9.pddl
PATTY-BV,ipc2026-dataset-main/factory-robot,files/ipc2026-dataset-main/factory-robot/domain.pddl,files/ipc2026-dataset-main/factory-robot/instances/pfile9.pddl
ENHSP,ipc2026-dataset-main/factory-robot,files/ipc2026-dataset-main/factory-robot/domain.pddl,files/ipc2026-dataset-main/factory-robot/instances/pfile9.pddl
PATTY,ipc2026-dataset-main/forestfire,files/ipc2026-dataset-main/forestfire/domain.pddl,files/ipc2026-dataset-main/forestfire/instances/prob01.pddl
PATTY-BV,ipc2026-dataset-main/forestfire,files/ipc2026-dataset-main/forestfire/domain.pddl,files/ipc2026-dataset-main/forestfire/instances/prob01.pddl
ENHSP,ipc2026-dataset-main/forestfire,files/ipc2026-dataset-main/forestfire/domain.pddl,files/ipc2026-dataset-main/forestfire/instances/prob01.pddl
PATTY,ipc2026-dataset-main/forestfire,files/ipc2026-dataset-main/forestfire/domain.pddl,files/ipc2026-dataset-main/forestfire/instances/prob02.pddl
PATTY-BV,ipc2026-dataset-main/forestfire,files/ipc2026-dataset-main/forestfire/domain.pddl,files/ipc2026-dataset-main/forestfire/instances/prob02.pddl
ENHSP,ipc2026-dataset-main/forestfire,files/ipc2026-dataset-main/forestfire/domain.pddl,files/ipc2026-dataset-main/forestfire/instances/prob02.pddl
PATTY,ipc2026-dataset-main/forestfire,files/ipc2026-dataset-main/forestfire/domain.pddl,files/ipc2026-dataset-main/forestfire/instances/prob03.pddl
PATTY-BV,ipc2026-dataset-main/forestfire,files/ipc2026-dataset-main/forestfire/domain.pddl,files/ipc2026-dataset-main/forestfire/instances/prob03.pddl
ENHSP,ipc2026-dataset-main/forestfire,files/ipc2026-dataset-main/forestfire/domain.pddl,files/ipc2026-dataset-main/forestfire/instances/prob03.pddl
PATTY,ipc2026-dataset-main/forestfire,files/ipc2026-dataset-main/forestfire/domain.pddl,files/ipc2026-dataset-main/forestfire/instances/prob04.pddl
PATTY-BV,ipc2026-dataset-main/forestfire,files/ipc2026-dataset-main/forestfire/domain.pddl,files/ipc2026-dataset-main/forestfire/instances/prob04.pddl
ENHSP,ipc2026-dataset-main/forestfire,files/ipc2026-dataset-main/forestfire/domain.pddl,files/ipc2026-dataset-main/forestfire/instances/prob04.pddl
PATTY,ipc2026-dataset-main/forestfire,files/ipc2026-dataset-main/forestfire/domain.pddl,files/ipc2026-dataset-main/forestfire/instances/prob05.pddl
PATTY-BV,ipc2026-dataset-main/forestfire,files/ipc2026-dataset-main/forestfire/domain.pddl,files/ipc2026-dataset-main/forestfire/instances/prob05.pddl
ENHSP,ipc2026-dataset-main/forestfire,files/ipc2026-dataset-main/forestfire/domain.pddl,files/ipc2026-dataset-main/forestfire/instances/prob05.pddl
PATTY,ipc2026-dataset-main/forestfire,files/ipc2026-dataset-main/forestfire/domain.pddl,files/ipc2026-dataset-main/forestfire/instances/prob06.pddl
PATTY-BV,ipc2026-dataset-main/forestfire,files/ipc2026-dataset-main/forestfire/domain.pddl,files/ipc2026-dataset-main/forestfire/instances/prob06.pddl
ENHSP,ipc2026-dataset-main/forestfire,files/ipc2026-dataset-main/forestfire/domain.pddl,files/ipc2026-dataset-main/forestfire/instances/prob06.pddl
PATTY,ipc2026-dataset-main/forestfire,files/ipc2026-dataset-main/forestfire/domain.pddl,files/ipc2026-dataset-main/forestfire/instances/prob07.pddl
PATTY-BV,ipc2026-dataset-main/forestfire,files/ipc2026-dataset-main/forestfire/domain.pddl,files/ipc2026-dataset-main/forestfire/instances/prob07.pddl
ENHSP,ipc2026-dataset-main/forestfire,files/ipc2026-dataset-main/forestfire/domain.pddl,files/ipc2026-dataset-main/forestfire/instances/prob07.pddl
PATTY,ipc2026-dataset-main/forestfire,files/ipc2026-dataset-main/forestfire/domain.pddl,files/ipc2026-dataset-main/forestfire/instances/prob08.pddl
PATTY-BV,ipc2026-dataset-main/forestfire,files/ipc2026-dataset-main/forestfire/domain.pddl,files/ipc2026-dataset-main/forestfire/instances/prob08.pddl
ENHSP,ipc2026-dataset-main/forestfire,files/ipc2026-dataset-main/forestfire/domain.pddl,files/ipc2026-dataset-main/forestfire/instances/prob08.pddl
PATTY,ipc2026-dataset-main/forestfire,files/ipc2026-dataset-main/forestfire/domain.pddl,files/ipc2026-dataset-main/forestfire/instances/prob09.pddl
PATTY-BV,ipc2026-dataset-main/forestfire,files/ipc2026-dataset-main/forestfire/domain.pddl,files/ipc2026-dataset-main/forestfire/instances/prob09.pddl
ENHSP,ipc2026-dataset-main/forestfire,files/ipc2026-dataset-main/forestfire/domain.pddl,files/ipc2026-dataset-main/forestfire/instances/prob09.pddl
PATTY,ipc2026-dataset-main/forestfire,files/ipc2026-dataset-main/forestfire/domain.pddl,files/ipc2026-dataset-main/forestfire/instances/prob10.pddl
PATTY-BV,ipc2026-dataset-main/forestfire,files/ipc2026-dataset-main/forestfire/domain.pddl,files/ipc2026-dataset-main/forestfire/instances/prob10.pddl
ENHSP,ipc2026-dataset-main/forestfire,files/ipc2026-dataset-main/forestfire/domain.pddl,files/ipc2026-dataset-main/forestfire/instances/prob10.pddl
PATTY,ipc2026-dataset-main/forestfire,files/ipc2026-dataset-main/forestfire/domain.pddl,files/ipc2026-dataset-main/forestfire/instances/prob11.pddl
PATTY-BV,ipc2026-dataset-main/forestfire,files/ipc2026-dataset-main/forestfire/domain.pddl,files/ipc2026-dataset-main/forestfire/instances/prob11.pddl
ENHSP,ipc2026-dataset-main/forestfire,files/ipc2026-dataset-main/forestfire/domain.pddl,files/ipc2026-dataset-main/forestfire/instances/prob11.pddl
PATTY,ipc2026-dataset-main/forestfire,files/ipc2026-dataset-main/forestfire/domain.pddl,files/ipc2026-dataset-main/forestfire/instances/prob12.pddl
PATTY-BV,ipc2026-dataset-main/forestfire,files/ipc2026-dataset-main/forestfire/domain.pddl,files/ipc2026-dataset-main/forestfire/instances/prob12.pddl
ENHSP,ipc2026-dataset-main/forestfire,files/ipc2026-dataset-main/forestfire/domain.pddl,files/ipc2026-dataset-main/forestfire/instances/prob12.pddl
PATTY,ipc2026-dataset-main/forestfire,files/ipc2026-dataset-main/forestfire/domain.pddl,files/ipc2026-dataset-main/forestfire/instances/prob13.pddl
PATTY-BV,ipc2026-dataset-main/forestfire,files/ipc2026-dataset-main/forestfire/domain.pddl,files/ipc2026-dataset-main/forestfire/instances/prob13.pddl
ENHSP,ipc2026-dataset-main/forestfire,files/ipc2026-dataset-main/forestfire/domain.pddl,files/ipc2026-dataset-main/forestfire/instances/prob13.pddl
PATTY,ipc2026-dataset-main/forestfire,files/ipc2026-dataset-main/forestfire/domain.pddl,files/ipc2026-dataset-main/forestfire/instances/prob14.pddl
PATTY-BV,ipc2026-dataset-main/forestfire,files/ipc2026-dataset-main/forestfire/domain.pddl,files/ipc2026-dataset-main/forestfire/instances/prob14.pddl
ENHSP,ipc2026-dataset-main/forestfire,files/ipc2026-dataset-main/forestfire/domain.pddl,files/ipc2026-dataset-main/forestfire/instances/prob14.pddl
PATTY,ipc2026-dataset-main/forestfire,files/ipc2026-dataset-main/forestfire/domain.pddl,files/ipc2026-dataset-main/forestfire/instances/prob15.pddl
PATTY-BV,ipc2026-dataset-main/forestfire,files/ipc2026-dataset-main/forestfire/domain.pddl,files/ipc2026-dataset-main/forestfire/instances/prob15.pddl
ENHSP,ipc2026-dataset-main/forestfire,files/ipc2026-dataset-main/forestfire/domain.pddl,files/ipc2026-dataset-main/forestfire/instances/prob15.pddl
PATTY,ipc2026-dataset-main/forestfire,files/ipc2026-dataset-main/forestfire/domain.pddl,files/ipc2026-dataset-main/forestfire/instances/prob16.pddl
PATTY-BV,ipc2026-dataset-main/forestfire,files/ipc2026-dataset-main/forestfire/domain.pddl,files/ipc2026-dataset-main/forestfire/instances/prob16.pddl
ENHSP,ipc2026-dataset-main/forestfire,files/ipc2026-dataset-main/forestfire/domain.pddl,files/ipc2026-dataset-main/forestfire/instances/prob16.pddl
PATTY,ipc2026-dataset-main/forestfire,files/ipc2026-dataset-main/forestfire/domain.pddl,files/ipc2026-dataset-main/forestfire/instances/prob17.pddl
PATTY-BV,ipc2026-dataset-main/forestfire,files/ipc2026-dataset-main/forestfire/domain.pddl,files/ipc2026-dataset-main/forestfire/instances/prob17.pddl
ENHSP,ipc2026-dataset-main/forestfire,files/ipc2026-dataset-main/forestfire/domain.pddl,files/ipc2026-dataset-main/forestfire/instances/prob17.pddl
PATTY,ipc2026-dataset-main/forestfire,files/ipc2026-dataset-main/forestfire/domain.pddl,files/ipc2026-dataset-main/forestfire/instances/prob18.pddl
PATTY-BV,ipc2026-dataset-main/forestfire,files/ipc2026-dataset-main/forestfire/domain.pddl,files/ipc2026-dataset-main/forestfire/instances/prob18.pddl
ENHSP,ipc2026-dataset-main/forestfire,files/ipc2026-dataset-main/forestfire/domain.pddl,files/ipc2026-dataset-main/forestfire/instances/prob18.pddl
PATTY,ipc2026-dataset-main/forestfire,files/ipc2026-dataset-main/forestfire/domain.pddl,files/ipc2026-dataset-main/forestfire/instances/prob19.pddl
PATTY-BV,ipc2026-dataset-main/forestfire,files/ipc2026-dataset-main/forestfire/domain.pddl,files/ipc2026-dataset-main/forestfire/instances/prob19.pddl
ENHSP,ipc2026-dataset-main/forestfire,files/ipc2026-dataset-main/forestfire/domain.pddl,files/ipc2026-dataset-main/forestfire/instances/prob19.pddl
PATTY,ipc2026-dataset-main/forestfire,files/ipc2026-dataset-main/forestfire/domain.pddl,files/ipc2026-dataset-main/forestfire/instances/prob20.pddl
PATTY-BV,ipc2026-dataset-main/forestfire,files/ipc2026-dataset-main/forestfire/domain.pddl,files/ipc2026-dataset-main/forestfire/instances/prob20.pddl
ENHSP,ipc2026-dataset-main/forestfire,files/ipc2026-dataset-main/forestfire/domain.pddl,files/ipc2026-dataset-main/forestfire/instances/prob20.pddl
PATTY,ipc2026-dataset-main/gear-car,files/ipc2026-dataset-main/gear-car/domain.pddl,files/ipc2026-dataset-main/gear-car/instances/p000.pddl
PATTY-BV,ipc2026-dataset-main/gear-car,files/ipc2026-dataset-main/gear-car/domain.pddl,files/ipc2026-dataset-main/gear-car/instances/p000.pddl
ENHSP,ipc2026-dataset-main/gear-car,files/ipc2026-dataset-main/gear-car/domain.pddl,files/ipc2026-dataset-main/gear-car/instances/p000.pddl
PATTY,ipc2026-dataset-main/gear-car,files/ipc2026-dataset-main/gear-car/domain.pddl,files/ipc2026-dataset-main/gear-car/instances/p01.pddl
PATTY-BV,ipc2026-dataset-main/gear-car,files/ipc2026-dataset-main/gear-car/domain.pddl,files/ipc2026-dataset-main/gear-car/instances/p01.pddl
ENHSP,ipc2026-dataset-main/gear-car,files/ipc2026-dataset-main/gear-car/domain.pddl,files/ipc2026-dataset-main/gear-car/instances/p01.pddl
PATTY,ipc2026-dataset-main/gear-car,files/ipc2026-dataset-main/gear-car/domain.pddl,files/ipc2026-dataset-main/gear-car/instances/p02.pddl
PATTY-BV,ipc2026-dataset-main/gear-car,files/ipc2026-dataset-main/gear-car/domain.pddl,files/ipc2026-dataset-main/gear-car/instances/p02.pddl
ENHSP,ipc2026-dataset-main/gear-car,files/ipc2026-dataset-main/gear-car/domain.pddl,files/ipc2026-dataset-main/gear-car/instances/p02.pddl
PATTY,ipc2026-dataset-main/gear-car,files/ipc2026-dataset-main/gear-car/domain.pddl,files/ipc2026-dataset-main/gear-car/instances/p03.pddl
PATTY-BV,ipc2026-dataset-main/gear-car,files/ipc2026-dataset-main/gear-car/domain.pddl,files/ipc2026-dataset-main/gear-car/instances/p03.pddl
ENHSP,ipc2026-dataset-main/gear-car,files/ipc2026-dataset-main/gear-car/domain.pddl,files/ipc2026-dataset-main/gear-car/instances/p03.pddl
PATTY,ipc2026-dataset-main/gear-car,files/ipc2026-dataset-main/gear-car/domain.pddl,files/ipc2026-dataset-main/gear-car/instances/p04.pddl
PATTY-BV,ipc2026-dataset-main/gear-car,files/ipc2026-dataset-main/gear-car/domain.pddl,files/ipc2026-dataset-main/gear-car/instances/p04.pddl
ENHSP,ipc2026-dataset-main/gear-car,files/ipc2026-dataset-main/gear-car/domain.pddl,files/ipc2026-dataset-main/gear-car/instances/p04.pddl
PATTY,ipc2026-dataset-main/gear-car,files/ipc2026-dataset-main/gear-car/domain.pddl,files/ipc2026-dataset-main/gear-car/instances/p05.pddl
PATTY-BV,ipc2026-dataset-main/gear-car,files/ipc2026-dataset-main/gear-car/domain.pddl,files/ipc2026-dataset-main/gear-car/instances/p05.pddl
ENHSP,ipc2026-dataset-main/gear-car,files/ipc2026-dataset-main/gear-car/domain.pddl,files/ipc2026-dataset-main/gear-car/instances/p05.pddl
PATTY,ipc2026-dataset-main/gear-car,files/ipc2026-dataset-main/gear-car/domain.pddl,files/ipc2026-dataset-main/gear-car/instances/p06.pddl
PATTY-BV,ipc2026-dataset-main/gear-car,files/ipc2026-dataset-main/gear-car/domain.pddl,files/ipc2026-dataset-main/gear-car/instances/p06.pddl
ENHSP,ipc2026-dataset-main/gear-car,files/ipc2026-dataset-main/gear-car/domain.pddl,files/ipc2026-dataset-main/gear-car/instances/p06.pddl
PATTY,ipc2026-dataset-main/gear-car,files/ipc2026-dataset-main/gear-car/domain.pddl,files/ipc2026-dataset-main/gear-car/instances/p07.pddl
PATTY-BV,ipc2026-dataset-main/gear-car,files/ipc2026-dataset-main/gear-car/domain.pddl,files/ipc2026-dataset-main/gear-car/instances/p07.pddl
ENHSP,ipc2026-dataset-main/gear-car,files/ipc2026-dataset-main/gear-car/domain.pddl,files/ipc2026-dataset-main/gear-car/instances/p07.pddl
PATTY,ipc2026-dataset-main/gear-car,files/ipc2026-dataset-main/gear-car/domain.pddl,files/ipc2026-dataset-main/gear-car/instances/p08.pddl
PATTY-BV,ipc2026-dataset-main/gear-car,files/ipc2026-dataset-main/gear-car/domain.pddl,files/ipc2026-dataset-main/gear-car/instances/p08.pddl
ENHSP,ipc2026-dataset-main/gear-car,files/ipc2026-dataset-main/gear-car/domain.pddl,files/ipc2026-dataset-main/gear-car/instances/p08.pddl
PATTY,ipc2026-dataset-main/gear-car,files/ipc2026-dataset-main/gear-car/domain.pddl,files/ipc2026-dataset-main/gear-car/instances/p09.pddl
PATTY-BV,ipc2026-dataset-main/gear-car,files/ipc2026-dataset-main/gear-car/domain.pddl,files/ipc2026-dataset-main/gear-car/instances/p09.pddl
ENHSP,ipc2026-dataset-main/gear-car,files/ipc2026-dataset-main/gear-car/domain.pddl,files/ipc2026-dataset-main/gear-car/instances/p09.pddl
PATTY,ipc2026-dataset-main/gear-car,files/ipc2026-dataset-main/gear-car/domain.pddl,files/ipc2026-dataset-main/gear-car/instances/p10.pddl
PATTY-BV,ipc2026-dataset-main/gear-car,files/ipc2026-dataset-main/gear-car/domain.pddl,files/ipc2026-dataset-main/gear-car/instances/p10.pddl
ENHSP,ipc2026-dataset-main/gear-car,files/ipc2026-dataset-main/gear-car/domain.pddl,files/ipc2026-dataset-main/gear-car/instances/p10.pddl
PATTY,ipc2026-dataset-main/gear-car,files/ipc2026-dataset-main/gear-car/domain.pddl,files/ipc2026-dataset-main/gear-car/instances/p11.pddl
PATTY-BV,ipc2026-dataset-main/gear-car,files/ipc2026-dataset-main/gear-car/domain.pddl,files/ipc2026-dataset-main/gear-car/instances/p11.pddl
ENHSP,ipc2026-dataset-main/gear-car,files/ipc2026-dataset-main/gear-car/domain.pddl,files/ipc2026-dataset-main/gear-car/instances/p11.pddl
PATTY,ipc2026-dataset-main/gear-car,files/ipc2026-dataset-main/gear-car/domain.pddl,files/ipc2026-dataset-main/gear-car/instances/p12.pddl
PATTY-BV,ipc2026-dataset-main/gear-car,files/ipc2026-dataset-main/gear-car/domain.pddl,files/ipc2026-dataset-main/gear-car/instances/p12.pddl
ENHSP,ipc2026-dataset-main/gear-car,files/ipc2026-dataset-main/gear-car/domain.pddl,files/ipc2026-dataset-main/gear-car/instances/p12.pddl
PATTY,ipc2026-dataset-main/gear-car,files/ipc2026-dataset-main/gear-car/domain.pddl,files/ipc2026-dataset-main/gear-car/instances/p13.pddl
PATTY-BV,ipc2026-dataset-main/gear-car,files/ipc2026-dataset-main/gear-car/domain.pddl,files/ipc2026-dataset-main/gear-car/instances/p13.pddl
ENHSP,ipc2026-dataset-main/gear-car,files/ipc2026-dataset-main/gear-car/domain.pddl,files/ipc2026-dataset-main/gear-car/instances/p13.pddl
PATTY,ipc2026-dataset-main/gear-car,files/ipc2026-dataset-main/gear-car/domain.pddl,files/ipc2026-dataset-main/gear-car/instances/p14.pddl
PATTY-BV,ipc2026-dataset-main/gear-car,files/ipc2026-dataset-main/gear-car/domain.pddl,files/ipc2026-dataset-main/gear-car/instances/p14.pddl
ENHSP,ipc2026-dataset-main/gear-car,files/ipc2026-dataset-main/gear-car/domain.pddl,files/ipc2026-dataset-main/gear-car/instances/p14.pddl
PATTY,ipc2026-dataset-main/gear-car,files/ipc2026-dataset-main/gear-car/domain.pddl,files/ipc2026-dataset-main/gear-car/instances/p15.pddl
PATTY-BV,ipc2026-dataset-main/gear-car,files/ipc2026-dataset-main/gear-car/domain.pddl,files/ipc2026-dataset-main/gear-car/instances/p15.pddl
ENHSP,ipc2026-dataset-main/gear-car,files/ipc2026-dataset-main/gear-car/domain.pddl,files/ipc2026-dataset-main/gear-car/instances/p15.pddl
PATTY,ipc2026-dataset-main/gear-car,files/ipc2026-dataset-main/gear-car/domain.pddl,files/ipc2026-dataset-main/gear-car/instances/p16.pddl
PATTY-BV,ipc2026-dataset-main/gear-car,files/ipc2026-dataset-main/gear-car/domain.pddl,files/ipc2026-dataset-main/gear-car/instances/p16.pddl
ENHSP,ipc2026-dataset-main/gear-car,files/ipc2026-dataset-main/gear-car/domain.pddl,files/ipc2026-dataset-main/gear-car/instances/p16.pddl
PATTY,ipc2026-dataset-main/gear-car,files/ipc2026-dataset-main/gear-car/domain.pddl,files/ipc2026-dataset-main/gear-car/instances/p17.pddl
PATTY-BV,ipc2026-dataset-main/gear-car,files/ipc2026-dataset-main/gear-car/domain.pddl,files/ipc2026-dataset-main/gear-car/instances/p17.pddl
ENHSP,ipc2026-dataset-main/gear-car,files/ipc2026-dataset-main/gear-car/domain.pddl,files/ipc2026-dataset-main/gear-car/instances/p17.pddl
PATTY,ipc2026-dataset-main/gear-car,files/ipc2026-dataset-main/gear-car/domain.pddl,files/ipc2026-dataset-main/gear-car/instances/p18.pddl
PATTY-BV,ipc2026-dataset-main/gear-car,files/ipc2026-dataset-main/gear-car/domain.pddl,files/ipc2026-dataset-main/gear-car/instances/p18.pddl
ENHSP,ipc2026-dataset-main/gear-car,files/ipc2026-dataset-main/gear-car/domain.pddl,files/ipc2026-dataset-main/gear-car/instances/p18.pddl
PATTY,ipc2026-dataset-main/gear-car,files/ipc2026-dataset-main/gear-car/domain.pddl,files/ipc2026-dataset-main/gear-car/instances/p19.pddl
PATTY-BV,ipc2026-dataset-main/gear-car,files/ipc2026-dataset-main/gear-car/domain.pddl,files/ipc2026-dataset-main/gear-car/instances/p19.pddl
ENHSP,ipc2026-dataset-main/gear-car,files/ipc2026-dataset-main/gear-car/domain.pddl,files/ipc2026-dataset-main/gear-car/instances/p19.pddl
PATTY,ipc2026-dataset-main/line-exchange-snp,files/ipc2026-dataset-main/line-exchange-snp/domain_snp.pddl,files/ipc2026-dataset-main/line-exchange-snp/instances/3_10_50_10.pddl
PATTY-BV,ipc2026-dataset-main/line-exchange-snp,files/ipc2026-dataset-main/line-exchange-snp/domain_snp.pddl,files/ipc2026-dataset-main/line-exchange-snp/instances/3_10_50_10.pddl
ENHSP,ipc2026-dataset-main/line-exchange-snp,files/ipc2026-dataset-main/line-exchange-snp/domain_snp.pddl,files/ipc2026-dataset-main/line-exchange-snp/instances/3_10_50_10.pddl
PATTY,ipc2026-dataset-main/line-exchange-snp,files/ipc2026-dataset-main/line-exchange-snp/domain_snp.pddl,files/ipc2026-dataset-main/line-exchange-snp/instances/3_10_90_50.pddl
PATTY-BV,ipc2026-dataset-main/line-exchange-snp,files/ipc2026-dataset-main/line-exchange-snp/domain_snp.pddl,files/ipc2026-dataset-main/line-exchange-snp/instances/3_10_90_50.pddl
ENHSP,ipc2026-dataset-main/line-exchange-snp,files/ipc2026-dataset-main/line-exchange-snp/domain_snp.pddl,files/ipc2026-dataset-main/line-exchange-snp/instances/3_10_90_50.pddl
PATTY,ipc2026-dataset-main/line-exchange-snp,files/ipc2026-dataset-main/line-exchange-snp/domain_snp.pddl,files/ipc2026-dataset-main/line-exchange-snp/instances/3_15_25_100.pddl
PATTY-BV,ipc2026-dataset-main/line-exchange-snp,files/ipc2026-dataset-main/line-exchange-snp/domain_snp.pddl,files/ipc2026-dataset-main/line-exchange-snp/instances/3_15_25_100.pddl
ENHSP,ipc2026-dataset-main/line-exchange-snp,files/ipc2026-dataset-main/line-exchange-snp/domain_snp.pddl,files/ipc2026-dataset-main/line-exchange-snp/instances/3_15_25_100.pddl
PATTY,ipc2026-dataset-main/line-exchange-snp,files/ipc2026-dataset-main/line-exchange-snp/domain_snp.pddl,files/ipc2026-dataset-main/line-exchange-snp/instances/3_15_90_10.pddl
PATTY-BV,ipc2026-dataset-main/line-exchange-snp,files/ipc2026-dataset-main/line-exchange-snp/domain_snp.pddl,files/ipc2026-dataset-main/line-exchange-snp/instances/3_15_90_10.pddl
ENHSP,ipc2026-dataset-main/line-exchange-snp,files/ipc2026-dataset-main/line-exchange-snp/domain_snp.pddl,files/ipc2026-dataset-main/line-exchange-snp/instances/3_15_90_10.pddl
PATTY,ipc2026-dataset-main/line-exchange-snp,files/ipc2026-dataset-main/line-exchange-snp/domain_snp.pddl,files/ipc2026-dataset-main/line-exchange-snp/instances/3_5_50_50.pddl
PATTY-BV,ipc2026-dataset-main/line-exchange-snp,files/ipc2026-dataset-main/line-exchange-snp/domain_snp.pddl,files/ipc2026-dataset-main/line-exchange-snp/instances/3_5_50_50.pddl
ENHSP,ipc2026-dataset-main/line-exchange-snp,files/ipc2026-dataset-main/line-exchange-snp/domain_snp.pddl,files/ipc2026-dataset-main/line-exchange-snp/instances/3_5_50_50.pddl
PATTY,ipc2026-dataset-main/line-exchange-snp,files/ipc2026-dataset-main/line-exchange-snp/domain_snp.pddl,files/ipc2026-dataset-main/line-exchange-snp/instances/3_5_90_100.pddl
PATTY-BV,ipc2026-dataset-main/line-exchange-snp,files/ipc2026-dataset-main/line-exchange-snp/domain_snp.pddl,files/ipc2026-dataset-main/line-exchange-snp/instances/3_5_90_100.pddl
ENHSP,ipc2026-dataset-main/line-exchange-snp,files/ipc2026-dataset-main/line-exchange-snp/domain_snp.pddl,files/ipc2026-dataset-main/line-exchange-snp/instances/3_5_90_100.pddl
PATTY,ipc2026-dataset-main/line-exchange-snp,files/ipc2026-dataset-main/line-exchange-snp/domain_snp.pddl,files/ipc2026-dataset-main/line-exchange-snp/instances/4_10_25_10.pddl
PATTY-BV,ipc2026-dataset-main/line-exchange-snp,files/ipc2026-dataset-main/line-exchange-snp/domain_snp.pddl,files/ipc2026-dataset-main/line-exchange-snp/instances/4_10_25_10.pddl
ENHSP,ipc2026-dataset-main/line-exchange-snp,files/ipc2026-dataset-main/line-exchange-snp/domain_snp.pddl,files/ipc2026-dataset-main/line-exchange-snp/instances/4_10_25_10.pddl
PATTY,ipc2026-dataset-main/line-exchange-snp,files/ipc2026-dataset-main/line-exchange-snp/domain_snp.pddl,files/ipc2026-dataset-main/line-exchange-snp/instances/4_10_50_50.pddl
PATTY-BV,ipc2026-dataset-main/line-exchange-snp,files/ipc2026-dataset-main/line-exchange-snp/domain_snp.pddl,files/ipc2026-dataset-main/line-exchange-snp/instances/4_10_50_50.pddl
ENHSP,ipc2026-dataset-main/line-exchange-snp,files/ipc2026-dataset-main/line-exchange-snp/domain_snp.pddl,files/ipc2026-dataset-main/line-exchange-snp/instances/4_10_50_50.pddl
PATTY,ipc2026-dataset-main/line-exchange-snp,files/ipc2026-dataset-main/line-exchange-snp/domain_snp.pddl,files/ipc2026-dataset-main/line-exchange-snp/instances/4_10_90_100.pddl
PATTY-BV,ipc2026-dataset-main/line-exchange-snp,files/ipc2026-dataset-main/line-exchange-snp/domain_snp.pddl,files/ipc2026-dataset-main/line-exchange-snp/instances/4_10_90_100.pddl
ENHSP,ipc2026-dataset-main/line-exchange-snp,files/ipc2026-dataset-main/line-exchange-snp/domain_snp.pddl,files/ipc2026-dataset-main/line-exchange-snp/instances/4_10_90_100.pddl
PATTY,ipc2026-dataset-main/line-exchange-snp,files/ipc2026-dataset-main/line-exchange-snp/domain_snp.pddl,files/ipc2026-dataset-main/line-exchange-snp/instances/4_15_50_10.pddl
PATTY-BV,ipc2026-dataset-main/line-exchange-snp,files/ipc2026-dataset-main/line-exchange-snp/domain_snp.pddl,files/ipc2026-dataset-main/line-exchange-snp/instances/4_15_50_10.pddl
ENHSP,ipc2026-dataset-main/line-exchange-snp,files/ipc2026-dataset-main/line-exchange-snp/domain_snp.pddl,files/ipc2026-dataset-main/line-exchange-snp/instances/4_15_50_10.pddl
PATTY,ipc2026-dataset-main/line-exchange-snp,files/ipc2026-dataset-main/line-exchange-snp/domain_snp.pddl,files/ipc2026-dataset-main/line-exchange-snp/instances/4_15_90_50.pddl
PATTY-BV,ipc2026-dataset-main/line-exchange-snp,files/ipc2026-dataset-main/line-exchange-snp/domain_snp.pddl,files/ipc2026-dataset-main/line-exchange-snp/instances/4_15_90_50.pddl
ENHSP,ipc2026-dataset-main/line-exchange-snp,files/ipc2026-dataset-main/line-exchange-snp/domain_snp.pddl,files/ipc2026-dataset-main/line-exchange-snp/instances/4_15_90_50.pddl
PATTY,ipc2026-dataset-main/line-exchange-snp,files/ipc2026-dataset-main/line-exchange-snp/domain_snp.pddl,files/ipc2026-dataset-main/line-exchange-snp/instances/4_5_25_50.pddl
PATTY-BV,ipc2026-dataset-main/line-exchange-snp,files/ipc2026-dataset-main/line-exchange-snp/domain_snp.pddl,files/ipc2026-dataset-main/line-exchange-snp/instances/4_5_25_50.pddl
ENHSP,ipc2026-dataset-main/line-exchange-snp,files/ipc2026-dataset-main/line-exchange-snp/domain_snp.pddl,files/ipc2026-dataset-main/line-exchange-snp/instances/4_5_25_50.pddl
PATTY,ipc2026-dataset-main/line-exchange-snp,files/ipc2026-dataset-main/line-exchange-snp/domain_snp.pddl,files/ipc2026-dataset-main/line-exchange-snp/instances/4_5_50_100.pddl
PATTY-BV,ipc2026-dataset-main/line-exchange-snp,files/ipc2026-dataset-main/line-exchange-snp/domain_snp.pddl,files/ipc2026-dataset-main/line-exchange-snp/instances/4_5_50_100.pddl
ENHSP,ipc2026-dataset-main/line-exchange-snp,files/ipc2026-dataset-main/line-exchange-snp/domain_snp.pddl,files/ipc2026-dataset-main/line-exchange-snp/instances/4_5_50_100.pddl
PATTY,ipc2026-dataset-main/line-exchange-snp,files/ipc2026-dataset-main/line-exchange-snp/domain_snp.pddl,files/ipc2026-dataset-main/line-exchange-snp/instances/5_10_25_50.pddl
PATTY-BV,ipc2026-dataset-main/line-exchange-snp,files/ipc2026-dataset-main/line-exchange-snp/domain_snp.pddl,files/ipc2026-dataset-main/line-exchange-snp/instances/5_10_25_50.pddl
ENHSP,ipc2026-dataset-main/line-exchange-snp,files/ipc2026-dataset-main/line-exchange-snp/domain_snp.pddl,files/ipc2026-dataset-main/line-exchange-snp/instances/5_10_25_50.pddl
PATTY,ipc2026-dataset-main/line-exchange-snp,files/ipc2026-dataset-main/line-exchange-snp/domain_snp.pddl,files/ipc2026-dataset-main/line-exchange-snp/instances/5_10_50_100.pddl
PATTY-BV,ipc2026-dataset-main/line-exchange-snp,files/ipc2026-dataset-main/line-exchange-snp/domain_snp.pddl,files/ipc2026-dataset-main/line-exchange-snp/instances/5_10_50_100.pddl
ENHSP,ipc2026-dataset-main/line-exchange-snp,files/ipc2026-dataset-main/line-exchange-snp/domain_snp.pddl,files/ipc2026-dataset-main/line-exchange-snp/instances/5_10_50_100.pddl
PATTY,ipc2026-dataset-main/line-exchange-snp,files/ipc2026-dataset-main/line-exchange-snp/domain_snp.pddl,files/ipc2026-dataset-main/line-exchange-snp/instances/5_15_25_10.pddl
PATTY-BV,ipc2026-dataset-main/line-exchange-snp,files/ipc2026-dataset-main/line-exchange-snp/domain_snp.pddl,files/ipc2026-dataset-main/line-exchange-snp/instances/5_15_25_10.pddl
ENHSP,ipc2026-dataset-main/line-exchange-snp,files/ipc2026-dataset-main/line-exchange-snp/domain_snp.pddl,files/ipc2026-dataset-main/line-exchange-snp/instances/5_15_25_10.pddl
PATTY,ipc2026-dataset-main/line-exchange-snp,files/ipc2026-dataset-main/line-exchange-snp/domain_snp.pddl,files/ipc2026-dataset-main/line-exchange-snp/instances/5_15_50_50.pddl
PATTY-BV,ipc2026-dataset-main/line-exchange-snp,files/ipc2026-dataset-main/line-exchange-snp/domain_snp.pddl,files/ipc2026-dataset-main/line-exchange-snp/instances/5_15_50_50.pddl
ENHSP,ipc2026-dataset-main/line-exchange-snp,files/ipc2026-dataset-main/line-exchange-snp/domain_snp.pddl,files/ipc2026-dataset-main/line-exchange-snp/instances/5_15_50_50.pddl
PATTY,ipc2026-dataset-main/line-exchange-snp,files/ipc2026-dataset-main/line-exchange-snp/domain_snp.pddl,files/ipc2026-dataset-main/line-exchange-snp/instances/5_15_90_100.pddl
PATTY-BV,ipc2026-dataset-main/line-exchange-snp,files/ipc2026-dataset-main/line-exchange-snp/domain_snp.pddl,files/ipc2026-dataset-main/line-exchange-snp/instances/5_15_90_100.pddl
ENHSP,ipc2026-dataset-main/line-exchange-snp,files/ipc2026-dataset-main/line-exchange-snp/domain_snp.pddl,files/ipc2026-dataset-main/line-exchange-snp/instances/5_15_90_100.pddl
PATTY,ipc2026-dataset-main/line-exchange-snp,files/ipc2026-dataset-main/line-exchange-snp/domain_snp.pddl,files/ipc2026-dataset-main/line-exchange-snp/instances/5_5_25_100.pddl
PATTY-BV,ipc2026-dataset-main/line-exchange-snp,files/ipc2026-dataset-main/line-exchange-snp/domain_snp.pddl,files/ipc2026-dataset-main/line-exchange-snp/instances/5_5_25_100.pddl
ENHSP,ipc2026-dataset-main/line-exchange-snp,files/ipc2026-dataset-main/line-exchange-snp/domain_snp.pddl,files/ipc2026-dataset-main/line-exchange-snp/instances/5_5_25_100.pddl
PATTY,ipc2026-dataset-main/line-exchange-snp,files/ipc2026-dataset-main/line-exchange-snp/domain_snp.pddl,files/ipc2026-dataset-main/line-exchange-snp/instances/5_5_90_10.pddl
PATTY-BV,ipc2026-dataset-main/line-exchange-snp,files/ipc2026-dataset-main/line-exchange-snp/domain_snp.pddl,files/ipc2026-dataset-main/line-exchange-snp/instances/5_5_90_10.pddl
ENHSP,ipc2026-dataset-main/line-exchange-snp,files/ipc2026-dataset-main/line-exchange-snp/domain_snp.pddl,files/ipc2026-dataset-main/line-exchange-snp/instances/5_5_90_10.pddl
PATTY,ipc2026-dataset-main/onlycraft-opt,files/ipc2026-dataset-main/onlycraft-opt/domain.pddl,files/ipc2026-dataset-main/onlycraft-opt/instances/P01_opt.pddl
PATTY-BV,ipc2026-dataset-main/onlycraft-opt,files/ipc2026-dataset-main/onlycraft-opt/domain.pddl,files/ipc2026-dataset-main/onlycraft-opt/instances/P01_opt.pddl
ENHSP,ipc2026-dataset-main/onlycraft-opt,files/ipc2026-dataset-main/onlycraft-opt/domain.pddl,files/ipc2026-dataset-main/onlycraft-opt/instances/P01_opt.pddl
PATTY,ipc2026-dataset-main/onlycraft-opt,files/ipc2026-dataset-main/onlycraft-opt/domain.pddl,files/ipc2026-dataset-main/onlycraft-opt/instances/P02_opt.pddl
PATTY-BV,ipc2026-dataset-main/onlycraft-opt,files/ipc2026-dataset-main/onlycraft-opt/domain.pddl,files/ipc2026-dataset-main/onlycraft-opt/instances/P02_opt.pddl
ENHSP,ipc2026-dataset-main/onlycraft-opt,files/ipc2026-dataset-main/onlycraft-opt/domain.pddl,files/ipc2026-dataset-main/onlycraft-opt/instances/P02_opt.pddl
PATTY,ipc2026-dataset-main/onlycraft-opt,files/ipc2026-dataset-main/onlycraft-opt/domain.pddl,files/ipc2026-dataset-main/onlycraft-opt/instances/P03_opt.pddl
PATTY-BV,ipc2026-dataset-main/onlycraft-opt,files/ipc2026-dataset-main/onlycraft-opt/domain.pddl,files/ipc2026-dataset-main/onlycraft-opt/instances/P03_opt.pddl
ENHSP,ipc2026-dataset-main/onlycraft-opt,files/ipc2026-dataset-main/onlycraft-opt/domain.pddl,files/ipc2026-dataset-main/onlycraft-opt/instances/P03_opt.pddl
PATTY,ipc2026-dataset-main/onlycraft-opt,files/ipc2026-dataset-main/onlycraft-opt/domain.pddl,files/ipc2026-dataset-main/onlycraft-opt/instances/P04_opt.pddl
PATTY-BV,ipc2026-dataset-main/onlycraft-opt,files/ipc2026-dataset-main/onlycraft-opt/domain.pddl,files/ipc2026-dataset-main/onlycraft-opt/instances/P04_opt.pddl
ENHSP,ipc2026-dataset-main/onlycraft-opt,files/ipc2026-dataset-main/onlycraft-opt/domain.pddl,files/ipc2026-dataset-main/onlycraft-opt/instances/P04_opt.pddl
PATTY,ipc2026-dataset-main/onlycraft-opt,files/ipc2026-dataset-main/onlycraft-opt/domain.pddl,files/ipc2026-dataset-main/onlycraft-opt/instances/P05_opt.pddl
PATTY-BV,ipc2026-dataset-main/onlycraft-opt,files/ipc2026-dataset-main/onlycraft-opt/domain.pddl,files/ipc2026-dataset-main/onlycraft-opt/instances/P05_opt.pddl
ENHSP,ipc2026-dataset-main/onlycraft-opt,files/ipc2026-dataset-main/onlycraft-opt/domain.pddl,files/ipc2026-dataset-main/onlycraft-opt/instances/P05_opt.pddl
PATTY,ipc2026-dataset-main/onlycraft-opt,files/ipc2026-dataset-main/onlycraft-opt/domain.pddl,files/ipc2026-dataset-main/onlycraft-opt/instances/P06_opt.pddl
PATTY-BV,ipc2026-dataset-main/onlycraft-opt,files/ipc2026-dataset-main/onlycraft-opt/domain.pddl,files/ipc2026-dataset-main/onlycraft-opt/instances/P06_opt.pddl
ENHSP,ipc2026-dataset-main/onlycraft-opt,files/ipc2026-dataset-main/onlycraft-opt/domain.pddl,files/ipc2026-dataset-main/onlycraft-opt/instances/P06_opt.pddl
PATTY,ipc2026-dataset-main/onlycraft-opt,files/ipc2026-dataset-main/onlycraft-opt/domain.pddl,files/ipc2026-dataset-main/onlycraft-opt/instances/P07_opt.pddl
PATTY-BV,ipc2026-dataset-main/onlycraft-opt,files/ipc2026-dataset-main/onlycraft-opt/domain.pddl,files/ipc2026-dataset-main/onlycraft-opt/instances/P07_opt.pddl
ENHSP,ipc2026-dataset-main/onlycraft-opt,files/ipc2026-dataset-main/onlycraft-opt/domain.pddl,files/ipc2026-dataset-main/onlycraft-opt/instances/P07_opt.pddl
PATTY,ipc2026-dataset-main/onlycraft-opt,files/ipc2026-dataset-main/onlycraft-opt/domain.pddl,files/ipc2026-dataset-main/onlycraft-opt/instances/P08_opt.pddl
PATTY-BV,ipc2026-dataset-main/onlycraft-opt,files/ipc2026-dataset-main/onlycraft-opt/domain.pddl,files/ipc2026-dataset-main/onlycraft-opt/instances/P08_opt.pddl
ENHSP,ipc2026-dataset-main/onlycraft-opt,files/ipc2026-dataset-main/onlycraft-opt/domain.pddl,files/ipc2026-dataset-main/onlycraft-opt/instances/P08_opt.pddl
PATTY,ipc2026-dataset-main/onlycraft-opt,files/ipc2026-dataset-main/onlycraft-opt/domain.pddl,files/ipc2026-dataset-main/onlycraft-opt/instances/P09_opt.pddl
PATTY-BV,ipc2026-dataset-main/onlycraft-opt,files/ipc2026-dataset-main/onlycraft-opt/domain.pddl,files/ipc2026-dataset-main/onlycraft-opt/instances/P09_opt.pddl
ENHSP,ipc2026-dataset-main/onlycraft-opt,files/ipc2026-dataset-main/onlycraft-opt/domain.pddl,files/ipc2026-dataset-main/onlycraft-opt/instances/P09_opt.pddl
PATTY,ipc2026-dataset-main/onlycraft-opt,files/ipc2026-dataset-main/onlycraft-opt/domain.pddl,files/ipc2026-dataset-main/onlycraft-opt/instances/P10_opt.pddl
PATTY-BV,ipc2026-dataset-main/onlycraft-opt,files/ipc2026-dataset-main/onlycraft-opt/domain.pddl,files/ipc2026-dataset-main/onlycraft-opt/instances/P10_opt.pddl
ENHSP,ipc2026-dataset-main/onlycraft-opt,files/ipc2026-dataset-main/onlycraft-opt/domain.pddl,files/ipc2026-dataset-main/onlycraft-opt/instances/P10_opt.pddl
PATTY,ipc2026-dataset-main/onlycraft-opt,files/ipc2026-dataset-main/onlycraft-opt/domain.pddl,files/ipc2026-dataset-main/onlycraft-opt/instances/P11_opt.pddl
PATTY-BV,ipc2026-dataset-main/onlycraft-opt,files/ipc2026-dataset-main/onlycraft-opt/domain.pddl,files/ipc2026-dataset-main/onlycraft-opt/instances/P11_opt.pddl
ENHSP,ipc2026-dataset-main/onlycraft-opt,files/ipc2026-dataset-main/onlycraft-opt/domain.pddl,files/ipc2026-dataset-main/onlycraft-opt/instances/P11_opt.pddl
PATTY,ipc2026-dataset-main/onlycraft-opt,files/ipc2026-dataset-main/onlycraft-opt/domain.pddl,files/ipc2026-dataset-main/onlycraft-opt/instances/P12_opt.pddl
PATTY-BV,ipc2026-dataset-main/onlycraft-opt,files/ipc2026-dataset-main/onlycraft-opt/domain.pddl,files/ipc2026-dataset-main/onlycraft-opt/instances/P12_opt.pddl
ENHSP,ipc2026-dataset-main/onlycraft-opt,files/ipc2026-dataset-main/onlycraft-opt/domain.pddl,files/ipc2026-dataset-main/onlycraft-opt/instances/P12_opt.pddl
PATTY,ipc2026-dataset-main/onlycraft-opt,files/ipc2026-dataset-main/onlycraft-opt/domain.pddl,files/ipc2026-dataset-main/onlycraft-opt/instances/P13_opt.pddl
PATTY-BV,ipc2026-dataset-main/onlycraft-opt,files/ipc2026-dataset-main/onlycraft-opt/domain.pddl,files/ipc2026-dataset-main/onlycraft-opt/instances/P13_opt.pddl
ENHSP,ipc2026-dataset-main/onlycraft-opt,files/ipc2026-dataset-main/onlycraft-opt/domain.pddl,files/ipc2026-dataset-main/onlycraft-opt/instances/P13_opt.pddl
PATTY,ipc2026-dataset-main/onlycraft-opt,files/ipc2026-dataset-main/onlycraft-opt/domain.pddl,files/ipc2026-dataset-main/onlycraft-opt/instances/P14_opt.pddl
PATTY-BV,ipc2026-dataset-main/onlycraft-opt,files/ipc2026-dataset-main/onlycraft-opt/domain.pddl,files/ipc2026-dataset-main/onlycraft-opt/instances/P14_opt.pddl
ENHSP,ipc2026-dataset-main/onlycraft-opt,files/ipc2026-dataset-main/onlycraft-opt/domain.pddl,files/ipc2026-dataset-main/onlycraft-opt/instances/P14_opt.pddl
PATTY,ipc2026-dataset-main/onlycraft-opt,files/ipc2026-dataset-main/onlycraft-opt/domain.pddl,files/ipc2026-dataset-main/onlycraft-opt/instances/P15_opt.pddl
PATTY-BV,ipc2026-dataset-main/onlycraft-opt,files/ipc2026-dataset-main/onlycraft-opt/domain.pddl,files/ipc2026-dataset-main/onlycraft-opt/instances/P15_opt.pddl
ENHSP,ipc2026-dataset-main/onlycraft-opt,files/ipc2026-dataset-main/onlycraft-opt/domain.pddl,files/ipc2026-dataset-main/onlycraft-opt/instances/P15_opt.pddl
PATTY,ipc2026-dataset-main/onlycraft-opt,files/ipc2026-dataset-main/onlycraft-opt/domain.pddl,files/ipc2026-dataset-main/onlycraft-opt/instances/P16_opt.pddl
PATTY-BV,ipc2026-dataset-main/onlycraft-opt,files/ipc2026-dataset-main/onlycraft-opt/domain.pddl,files/ipc2026-dataset-main/onlycraft-opt/instances/P16_opt.pddl
ENHSP,ipc2026-dataset-main/onlycraft-opt,files/ipc2026-dataset-main/onlycraft-opt/domain.pddl,files/ipc2026-dataset-main/onlycraft-opt/instances/P16_opt.pddl
PATTY,ipc2026-dataset-main/onlycraft-opt,files/ipc2026-dataset-main/onlycraft-opt/domain.pddl,files/ipc2026-dataset-main/onlycraft-opt/instances/P17_opt.pddl
PATTY-BV,ipc2026-dataset-main/onlycraft-opt,files/ipc2026-dataset-main/onlycraft-opt/domain.pddl,files/ipc2026-dataset-main/onlycraft-opt/instances/P17_opt.pddl
ENHSP,ipc2026-dataset-main/onlycraft-opt,files/ipc2026-dataset-main/onlycraft-opt/domain.pddl,files/ipc2026-dataset-main/onlycraft-opt/instances/P17_opt.pddl
PATTY,ipc2026-dataset-main/onlycraft-opt,files/ipc2026-dataset-main/onlycraft-opt/domain.pddl,files/ipc2026-dataset-main/onlycraft-opt/instances/P18_opt.pddl
PATTY-BV,ipc2026-dataset-main/onlycraft-opt,files/ipc2026-dataset-main/onlycraft-opt/domain.pddl,files/ipc2026-dataset-main/onlycraft-opt/instances/P18_opt.pddl
ENHSP,ipc2026-dataset-main/onlycraft-opt,files/ipc2026-dataset-main/onlycraft-opt/domain.pddl,files/ipc2026-dataset-main/onlycraft-opt/instances/P18_opt.pddl
PATTY,ipc2026-dataset-main/onlycraft-opt,files/ipc2026-dataset-main/onlycraft-opt/domain.pddl,files/ipc2026-dataset-main/onlycraft-opt/instances/P19_opt.pddl
PATTY-BV,ipc2026-dataset-main/onlycraft-opt,files/ipc2026-dataset-main/onlycraft-opt/domain.pddl,files/ipc2026-dataset-main/onlycraft-opt/instances/P19_opt.pddl
ENHSP,ipc2026-dataset-main/onlycraft-opt,files/ipc2026-dataset-main/onlycraft-opt/domain.pddl,files/ipc2026-dataset-main/onlycraft-opt/instances/P19_opt.pddl
PATTY,ipc2026-dataset-main/onlycraft-opt,files/ipc2026-dataset-main/onlycraft-opt/domain.pddl,files/ipc2026-dataset-main/onlycraft-opt/instances/P20_opt.pddl
PATTY-BV,ipc2026-dataset-main/onlycraft-opt,files/ipc2026-dataset-main/onlycraft-opt/domain.pddl,files/ipc2026-dataset-main/onlycraft-opt/instances/P20_opt.pddl
ENHSP,ipc2026-dataset-main/onlycraft-opt,files/ipc2026-dataset-main/onlycraft-opt/domain.pddl,files/ipc2026-dataset-main/onlycraft-opt/instances/P20_opt.pddl
PATTY,ipc2026-dataset-main/onlycraft-sat,files/ipc2026-dataset-main/onlycraft-sat/domain.pddl,files/ipc2026-dataset-main/onlycraft-sat/instances/P01_sat.pddl
PATTY-BV,ipc2026-dataset-main/onlycraft-sat,files/ipc2026-dataset-main/onlycraft-sat/domain.pddl,files/ipc2026-dataset-main/onlycraft-sat/instances/P01_sat.pddl
ENHSP,ipc2026-dataset-main/onlycraft-sat,files/ipc2026-dataset-main/onlycraft-sat/domain.pddl,files/ipc2026-dataset-main/onlycraft-sat/instances/P01_sat.pddl
PATTY,ipc2026-dataset-main/onlycraft-sat,files/ipc2026-dataset-main/onlycraft-sat/domain.pddl,files/ipc2026-dataset-main/onlycraft-sat/instances/P02_sat.pddl
PATTY-BV,ipc2026-dataset-main/onlycraft-sat,files/ipc2026-dataset-main/onlycraft-sat/domain.pddl,files/ipc2026-dataset-main/onlycraft-sat/instances/P02_sat.pddl
ENHSP,ipc2026-dataset-main/onlycraft-sat,files/ipc2026-dataset-main/onlycraft-sat/domain.pddl,files/ipc2026-dataset-main/onlycraft-sat/instances/P02_sat.pddl
PATTY,ipc2026-dataset-main/onlycraft-sat,files/ipc2026-dataset-main/onlycraft-sat/domain.pddl,files/ipc2026-dataset-main/onlycraft-sat/instances/P03_sat.pddl
PATTY-BV,ipc2026-dataset-main/onlycraft-sat,files/ipc2026-dataset-main/onlycraft-sat/domain.pddl,files/ipc2026-dataset-main/onlycraft-sat/instances/P03_sat.pddl
ENHSP,ipc2026-dataset-main/onlycraft-sat,files/ipc2026-dataset-main/onlycraft-sat/domain.pddl,files/ipc2026-dataset-main/onlycraft-sat/instances/P03_sat.pddl
PATTY,ipc2026-dataset-main/onlycraft-sat,files/ipc2026-dataset-main/onlycraft-sat/domain.pddl,files/ipc2026-dataset-main/onlycraft-sat/instances/P04_sat.pddl
PATTY-BV,ipc2026-dataset-main/onlycraft-sat,files/ipc2026-dataset-main/onlycraft-sat/domain.pddl,files/ipc2026-dataset-main/onlycraft-sat/instances/P04_sat.pddl
ENHSP,ipc2026-dataset-main/onlycraft-sat,files/ipc2026-dataset-main/onlycraft-sat/domain.pddl,files/ipc2026-dataset-main/onlycraft-sat/instances/P04_sat.pddl
PATTY,ipc2026-dataset-main/onlycraft-sat,files/ipc2026-dataset-main/onlycraft-sat/domain.pddl,files/ipc2026-dataset-main/onlycraft-sat/instances/P05_sat.pddl
PATTY-BV,ipc2026-dataset-main/onlycraft-sat,files/ipc2026-dataset-main/onlycraft-sat/domain.pddl,files/ipc2026-dataset-main/onlycraft-sat/instances/P05_sat.pddl
ENHSP,ipc2026-dataset-main/onlycraft-sat,files/ipc2026-dataset-main/onlycraft-sat/domain.pddl,files/ipc2026-dataset-main/onlycraft-sat/instances/P05_sat.pddl
PATTY,ipc2026-dataset-main/onlycraft-sat,files/ipc2026-dataset-main/onlycraft-sat/domain.pddl,files/ipc2026-dataset-main/onlycraft-sat/instances/P06_sat.pddl
PATTY-BV,ipc2026-dataset-main/onlycraft-sat,files/ipc2026-dataset-main/onlycraft-sat/domain.pddl,files/ipc2026-dataset-main/onlycraft-sat/instances/P06_sat.pddl
ENHSP,ipc2026-dataset-main/onlycraft-sat,files/ipc2026-dataset-main/onlycraft-sat/domain.pddl,files/ipc2026-dataset-main/onlycraft-sat/instances/P06_sat.pddl
PATTY,ipc2026-dataset-main/onlycraft-sat,files/ipc2026-dataset-main/onlycraft-sat/domain.pddl,files/ipc2026-dataset-main/onlycraft-sat/instances/P07_sat.pddl
PATTY-BV,ipc2026-dataset-main/onlycraft-sat,files/ipc2026-dataset-main/onlycraft-sat/domain.pddl,files/ipc2026-dataset-main/onlycraft-sat/instances/P07_sat.pddl
ENHSP,ipc2026-dataset-main/onlycraft-sat,files/ipc2026-dataset-main/onlycraft-sat/domain.pddl,files/ipc2026-dataset-main/onlycraft-sat/instances/P07_sat.pddl
PATTY,ipc2026-dataset-main/onlycraft-sat,files/ipc2026-dataset-main/onlycraft-sat/domain.pddl,files/ipc2026-dataset-main/onlycraft-sat/instances/P08_sat.pddl
PATTY-BV,ipc2026-dataset-main/onlycraft-sat,files/ipc2026-dataset-main/onlycraft-sat/domain.pddl,files/ipc2026-dataset-main/onlycraft-sat/instances/P08_sat.pddl
ENHSP,ipc2026-dataset-main/onlycraft-sat,files/ipc2026-dataset-main/onlycraft-sat/domain.pddl,files/ipc2026-dataset-main/onlycraft-sat/instances/P08_sat.pddl
PATTY,ipc2026-dataset-main/onlycraft-sat,files/ipc2026-dataset-main/onlycraft-sat/domain.pddl,files/ipc2026-dataset-main/onlycraft-sat/instances/P09_sat.pddl
PATTY-BV,ipc2026-dataset-main/onlycraft-sat,files/ipc2026-dataset-main/onlycraft-sat/domain.pddl,files/ipc2026-dataset-main/onlycraft-sat/instances/P09_sat.pddl
ENHSP,ipc2026-dataset-main/onlycraft-sat,files/ipc2026-dataset-main/onlycraft-sat/domain.pddl,files/ipc2026-dataset-main/onlycraft-sat/instances/P09_sat.pddl
PATTY,ipc2026-dataset-main/onlycraft-sat,files/ipc2026-dataset-main/onlycraft-sat/domain.pddl,files/ipc2026-dataset-main/onlycraft-sat/instances/P10_sat.pddl
PATTY-BV,ipc2026-dataset-main/onlycraft-sat,files/ipc2026-dataset-main/onlycraft-sat/domain.pddl,files/ipc2026-dataset-main/onlycraft-sat/instances/P10_sat.pddl
ENHSP,ipc2026-dataset-main/onlycraft-sat,files/ipc2026-dataset-main/onlycraft-sat/domain.pddl,files/ipc2026-dataset-main/onlycraft-sat/instances/P10_sat.pddl
PATTY,ipc2026-dataset-main/onlycraft-sat,files/ipc2026-dataset-main/onlycraft-sat/domain.pddl,files/ipc2026-dataset-main/onlycraft-sat/instances/P11_sat.pddl
PATTY-BV,ipc2026-dataset-main/onlycraft-sat,files/ipc2026-dataset-main/onlycraft-sat/domain.pddl,files/ipc2026-dataset-main/onlycraft-sat/instances/P11_sat.pddl
ENHSP,ipc2026-dataset-main/onlycraft-sat,files/ipc2026-dataset-main/onlycraft-sat/domain.pddl,files/ipc2026-dataset-main/onlycraft-sat/instances/P11_sat.pddl
PATTY,ipc2026-dataset-main/onlycraft-sat,files/ipc2026-dataset-main/onlycraft-sat/domain.pddl,files/ipc2026-dataset-main/onlycraft-sat/instances/P12_sat.pddl
PATTY-BV,ipc2026-dataset-main/onlycraft-sat,files/ipc2026-dataset-main/onlycraft-sat/domain.pddl,files/ipc2026-dataset-main/onlycraft-sat/instances/P12_sat.pddl
ENHSP,ipc2026-dataset-main/onlycraft-sat,files/ipc2026-dataset-main/onlycraft-sat/domain.pddl,files/ipc2026-dataset-main/onlycraft-sat/instances/P12_sat.pddl
PATTY,ipc2026-dataset-main/onlycraft-sat,files/ipc2026-dataset-main/onlycraft-sat/domain.pddl,files/ipc2026-dataset-main/onlycraft-sat/instances/P13_sat.pddl
PATTY-BV,ipc2026-dataset-main/onlycraft-sat,files/ipc2026-dataset-main/onlycraft-sat/domain.pddl,files/ipc2026-dataset-main/onlycraft-sat/instances/P13_sat.pddl
ENHSP,ipc2026-dataset-main/onlycraft-sat,files/ipc2026-dataset-main/onlycraft-sat/domain.pddl,files/ipc2026-dataset-main/onlycraft-sat/instances/P13_sat.pddl
PATTY,ipc2026-dataset-main/onlycraft-sat,files/ipc2026-dataset-main/onlycraft-sat/domain.pddl,files/ipc2026-dataset-main/onlycraft-sat/instances/P14_sat.pddl
PATTY-BV,ipc2026-dataset-main/onlycraft-sat,files/ipc2026-dataset-main/onlycraft-sat/domain.pddl,files/ipc2026-dataset-main/onlycraft-sat/instances/P14_sat.pddl
ENHSP,ipc2026-dataset-main/onlycraft-sat,files/ipc2026-dataset-main/onlycraft-sat/domain.pddl,files/ipc2026-dataset-main/onlycraft-sat/instances/P14_sat.pddl
PATTY,ipc2026-dataset-main/onlycraft-sat,files/ipc2026-dataset-main/onlycraft-sat/domain.pddl,files/ipc2026-dataset-main/onlycraft-sat/instances/P15_sat.pddl
PATTY-BV,ipc2026-dataset-main/onlycraft-sat,files/ipc2026-dataset-main/onlycraft-sat/domain.pddl,files/ipc2026-dataset-main/onlycraft-sat/instances/P15_sat.pddl
ENHSP,ipc2026-dataset-main/onlycraft-sat,files/ipc2026-dataset-main/onlycraft-sat/domain.pddl,files/ipc2026-dataset-main/onlycraft-sat/instances/P15_sat.pddl
PATTY,ipc2026-dataset-main/onlycraft-sat,files/ipc2026-dataset-main/onlycraft-sat/domain.pddl,files/ipc2026-dataset-main/onlycraft-sat/instances/P16_sat.pddl
PATTY-BV,ipc2026-dataset-main/onlycraft-sat,files/ipc2026-dataset-main/onlycraft-sat/domain.pddl,files/ipc2026-dataset-main/onlycraft-sat/instances/P16_sat.pddl
ENHSP,ipc2026-dataset-main/onlycraft-sat,files/ipc2026-dataset-main/onlycraft-sat/domain.pddl,files/ipc2026-dataset-main/onlycraft-sat/instances/P16_sat.pddl
PATTY,ipc2026-dataset-main/onlycraft-sat,files/ipc2026-dataset-main/onlycraft-sat/domain.pddl,files/ipc2026-dataset-main/onlycraft-sat/instances/P17_sat.pddl
PATTY-BV,ipc2026-dataset-main/onlycraft-sat,files/ipc2026-dataset-main/onlycraft-sat/domain.pddl,files/ipc2026-dataset-main/onlycraft-sat/instances/P17_sat.pddl
ENHSP,ipc2026-dataset-main/onlycraft-sat,files/ipc2026-dataset-main/onlycraft-sat/domain.pddl,files/ipc2026-dataset-main/onlycraft-sat/instances/P17_sat.pddl
PATTY,ipc2026-dataset-main/onlycraft-sat,files/ipc2026-dataset-main/onlycraft-sat/domain.pddl,files/ipc2026-dataset-main/onlycraft-sat/instances/P18_sat.pddl
PATTY-BV,ipc2026-dataset-main/onlycraft-sat,files/ipc2026-dataset-main/onlycraft-sat/domain.pddl,files/ipc2026-dataset-main/onlycraft-sat/instances/P18_sat.pddl
ENHSP,ipc2026-dataset-main/onlycraft-sat,files/ipc2026-dataset-main/onlycraft-sat/domain.pddl,files/ipc2026-dataset-main/onlycraft-sat/instances/P18_sat.pddl
PATTY,ipc2026-dataset-main/onlycraft-sat,files/ipc2026-dataset-main/onlycraft-sat/domain.pddl,files/ipc2026-dataset-main/onlycraft-sat/instances/P19_sat.pddl
PATTY-BV,ipc2026-dataset-main/onlycraft-sat,files/ipc2026-dataset-main/onlycraft-sat/domain.pddl,files/ipc2026-dataset-main/onlycraft-sat/instances/P19_sat.pddl
ENHSP,ipc2026-dataset-main/onlycraft-sat,files/ipc2026-dataset-main/onlycraft-sat/domain.pddl,files/ipc2026-dataset-main/onlycraft-sat/instances/P19_sat.pddl
PATTY,ipc2026-dataset-main/onlycraft-sat,files/ipc2026-dataset-main/onlycraft-sat/domain.pddl,files/ipc2026-dataset-main/onlycraft-sat/instances/P20_sat.pddl
PATTY-BV,ipc2026-dataset-main/onlycraft-sat,files/ipc2026-dataset-main/onlycraft-sat/domain.pddl,files/ipc2026-dataset-main/onlycraft-sat/instances/P20_sat.pddl
ENHSP,ipc2026-dataset-main/onlycraft-sat,files/ipc2026-dataset-main/onlycraft-sat/domain.pddl,files/ipc2026-dataset-main/onlycraft-sat/instances/P20_sat.pddl
PATTY,ipc2026-dataset-main/petri-net,files/ipc2026-dataset-main/petri-net/domain.pddl,files/ipc2026-dataset-main/petri-net/instances/prob06-1.pddl
PATTY-BV,ipc2026-dataset-main/petri-net,files/ipc2026-dataset-main/petri-net/domain.pddl,files/ipc2026-dataset-main/petri-net/instances/prob06-1.pddl
ENHSP,ipc2026-dataset-main/petri-net,files/ipc2026-dataset-main/petri-net/domain.pddl,files/ipc2026-dataset-main/petri-net/instances/prob06-1.pddl
PATTY,ipc2026-dataset-main/petri-net,files/ipc2026-dataset-main/petri-net/domain.pddl,files/ipc2026-dataset-main/petri-net/instances/prob06-2.pddl
PATTY-BV,ipc2026-dataset-main/petri-net,files/ipc2026-dataset-main/petri-net/domain.pddl,files/ipc2026-dataset-main/petri-net/instances/prob06-2.pddl
ENHSP,ipc2026-dataset-main/petri-net,files/ipc2026-dataset-main/petri-net/domain.pddl,files/ipc2026-dataset-main/petri-net/instances/prob06-2.pddl
PATTY,ipc2026-dataset-main/petri-net,files/ipc2026-dataset-main/petri-net/domain.pddl,files/ipc2026-dataset-main/petri-net/instances/prob06-3.pddl
PATTY-BV,ipc2026-dataset-main/petri-net,files/ipc2026-dataset-main/petri-net/domain.pddl,files/ipc2026-dataset-main/petri-net/instances/prob06-3.pddl
ENHSP,ipc2026-dataset-main/petri-net,files/ipc2026-dataset-main/petri-net/domain.pddl,files/ipc2026-dataset-main/petri-net/instances/prob06-3.pddl
PATTY,ipc2026-dataset-main/petri-net,files/ipc2026-dataset-main/petri-net/domain.pddl,files/ipc2026-dataset-main/petri-net/instances/prob06-4.pddl
PATTY-BV,ipc2026-dataset-main/petri-net,files/ipc2026-dataset-main/petri-net/domain.pddl,files/ipc2026-dataset-main/petri-net/instances/prob06-4.pddl
ENHSP,ipc2026-dataset-main/petri-net,files/ipc2026-dataset-main/petri-net/domain.pddl,files/ipc2026-dataset-main/petri-net/instances/prob06-4.pddl
PATTY,ipc2026-dataset-main/petri-net,files/ipc2026-dataset-main/petri-net/domain.pddl,files/ipc2026-dataset-main/petri-net/instances/prob07-1.pddl
PATTY-BV,ipc2026-dataset-main/petri-net,files/ipc2026-dataset-main/petri-net/domain.pddl,files/ipc2026-dataset-main/petri-net/instances/prob07-1.pddl
ENHSP,ipc2026-dataset-main/petri-net,files/ipc2026-dataset-main/petri-net/domain.pddl,files/ipc2026-dataset-main/petri-net/instances/prob07-1.pddl
PATTY,ipc2026-dataset-main/petri-net,files/ipc2026-dataset-main/petri-net/domain.pddl,files/ipc2026-dataset-main/petri-net/instances/prob07-2.pddl
PATTY-BV,ipc2026-dataset-main/petri-net,files/ipc2026-dataset-main/petri-net/domain.pddl,files/ipc2026-dataset-main/petri-net/instances/prob07-2.pddl
ENHSP,ipc2026-dataset-main/petri-net,files/ipc2026-dataset-main/petri-net/domain.pddl,files/ipc2026-dataset-main/petri-net/instances/prob07-2.pddl
PATTY,ipc2026-dataset-main/petri-net,files/ipc2026-dataset-main/petri-net/domain.pddl,files/ipc2026-dataset-main/petri-net/instances/prob07-3.pddl
PATTY-BV,ipc2026-dataset-main/petri-net,files/ipc2026-dataset-main/petri-net/domain.pddl,files/ipc2026-dataset-main/petri-net/instances/prob07-3.pddl
ENHSP,ipc2026-dataset-main/petri-net,files/ipc2026-dataset-main/petri-net/domain.pddl,files/ipc2026-dataset-main/petri-net/instances/prob07-3.pddl
PATTY,ipc2026-dataset-main/petri-net,files/ipc2026-dataset-main/petri-net/domain.pddl,files/ipc2026-dataset-main/petri-net/instances/prob07-4.pddl
PATTY-BV,ipc2026-dataset-main/petri-net,files/ipc2026-dataset-main/petri-net/domain.pddl,files/ipc2026-dataset-main/petri-net/instances/prob07-4.pddl
ENHSP,ipc2026-dataset-main/petri-net,files/ipc2026-dataset-main/petri-net/domain.pddl,files/ipc2026-dataset-main/petri-net/instances/prob07-4.pddl
PATTY,ipc2026-dataset-main/petri-net,files/ipc2026-dataset-main/petri-net/domain.pddl,files/ipc2026-dataset-main/petri-net/instances/prob08-1.pddl
PATTY-BV,ipc2026-dataset-main/petri-net,files/ipc2026-dataset-main/petri-net/domain.pddl,files/ipc2026-dataset-main/petri-net/instances/prob08-1.pddl
ENHSP,ipc2026-dataset-main/petri-net,files/ipc2026-dataset-main/petri-net/domain.pddl,files/ipc2026-dataset-main/petri-net/instances/prob08-1.pddl
PATTY,ipc2026-dataset-main/petri-net,files/ipc2026-dataset-main/petri-net/domain.pddl,files/ipc2026-dataset-main/petri-net/instances/prob08-2.pddl
PATTY-BV,ipc2026-dataset-main/petri-net,files/ipc2026-dataset-main/petri-net/domain.pddl,files/ipc2026-dataset-main/petri-net/instances/prob08-2.pddl
ENHSP,ipc2026-dataset-main/petri-net,files/ipc2026-dataset-main/petri-net/domain.pddl,files/ipc2026-dataset-main/petri-net/instances/prob08-2.pddl
PATTY,ipc2026-dataset-main/petri-net,files/ipc2026-dataset-main/petri-net/domain.pddl,files/ipc2026-dataset-main/petri-net/instances/prob08-3.pddl
PATTY-BV,ipc2026-dataset-main/petri-net,files/ipc2026-dataset-main/petri-net/domain.pddl,files/ipc2026-dataset-main/petri-net/instances/prob08-3.pddl
ENHSP,ipc2026-dataset-main/petri-net,files/ipc2026-dataset-main/petri-net/domain.pddl,files/ipc2026-dataset-main/petri-net/instances/prob08-3.pddl
PATTY,ipc2026-dataset-main/petri-net,files/ipc2026-dataset-main/petri-net/domain.pddl,files/ipc2026-dataset-main/petri-net/instances/prob08-4.pddl
PATTY-BV,ipc2026-dataset-main/petri-net,files/ipc2026-dataset-main/petri-net/domain.pddl,files/ipc2026-dataset-main/petri-net/instances/prob08-4.pddl
ENHSP,ipc2026-dataset-main/petri-net,files/ipc2026-dataset-main/petri-net/domain.pddl,files/ipc2026-dataset-main/petri-net/instances/prob08-4.pddl
PATTY,ipc2026-dataset-main/petri-net,files/ipc2026-dataset-main/petri-net/domain.pddl,files/ipc2026-dataset-main/petri-net/instances/prob09-1.pddl
PATTY-BV,ipc2026-dataset-main/petri-net,files/ipc2026-dataset-main/petri-net/domain.pddl,files/ipc2026-dataset-main/petri-net/instances/prob09-1.pddl
ENHSP,ipc2026-dataset-main/petri-net,files/ipc2026-dataset-main/petri-net/domain.pddl,files/ipc2026-dataset-main/petri-net/instances/prob09-1.pddl
PATTY,ipc2026-dataset-main/petri-net,files/ipc2026-dataset-main/petri-net/domain.pddl,files/ipc2026-dataset-main/petri-net/instances/prob09-2.pddl
PATTY-BV,ipc2026-dataset-main/petri-net,files/ipc2026-dataset-main/petri-net/domain.pddl,files/ipc2026-dataset-main/petri-net/instances/prob09-2.pddl
ENHSP,ipc2026-dataset-main/petri-net,files/ipc2026-dataset-main/petri-net/domain.pddl,files/ipc2026-dataset-main/petri-net/instances/prob09-2.pddl
PATTY,ipc2026-dataset-main/petri-net,files/ipc2026-dataset-main/petri-net/domain.pddl,files/ipc2026-dataset-main/petri-net/instances/prob09-3.pddl
PATTY-BV,ipc2026-dataset-main/petri-net,files/ipc2026-dataset-main/petri-net/domain.pddl,files/ipc2026-dataset-main/petri-net/instances/prob09-3.pddl
ENHSP,ipc2026-dataset-main/petri-net,files/ipc2026-dataset-main/petri-net/domain.pddl,files/ipc2026-dataset-main/petri-net/instances/prob09-3.pddl
PATTY,ipc2026-dataset-main/petri-net,files/ipc2026-dataset-main/petri-net/domain.pddl,files/ipc2026-dataset-main/petri-net/instances/prob09-4.pddl
PATTY-BV,ipc2026-dataset-main/petri-net,files/ipc2026-dataset-main/petri-net/domain.pddl,files/ipc2026-dataset-main/petri-net/instances/prob09-4.pddl
ENHSP,ipc2026-dataset-main/petri-net,files/ipc2026-dataset-main/petri-net/domain.pddl,files/ipc2026-dataset-main/petri-net/instances/prob09-4.pddl
PATTY,ipc2026-dataset-main/petri-net,files/ipc2026-dataset-main/petri-net/domain.pddl,files/ipc2026-dataset-main/petri-net/instances/prob10-1.pddl
PATTY-BV,ipc2026-dataset-main/petri-net,files/ipc2026-dataset-main/petri-net/domain.pddl,files/ipc2026-dataset-main/petri-net/instances/prob10-1.pddl
ENHSP,ipc2026-dataset-main/petri-net,files/ipc2026-dataset-main/petri-net/domain.pddl,files/ipc2026-dataset-main/petri-net/instances/prob10-1.pddl
PATTY,ipc2026-dataset-main/petri-net,files/ipc2026-dataset-main/petri-net/domain.pddl,files/ipc2026-dataset-main/petri-net/instances/prob10-2.pddl
PATTY-BV,ipc2026-dataset-main/petri-net,files/ipc2026-dataset-main/petri-net/domain.pddl,files/ipc2026-dataset-main/petri-net/instances/prob10-2.pddl
ENHSP,ipc2026-dataset-main/petri-net,files/ipc2026-dataset-main/petri-net/domain.pddl,files/ipc2026-dataset-main/petri-net/instances/prob10-2.pddl
PATTY,ipc2026-dataset-main/petri-net,files/ipc2026-dataset-main/petri-net/domain.pddl,files/ipc2026-dataset-main/petri-net/instances/prob10-3.pddl
PATTY-BV,ipc2026-dataset-main/petri-net,files/ipc2026-dataset-main/petri-net/domain.pddl,files/ipc2026-dataset-main/petri-net/instances/prob10-3.pddl
ENHSP,ipc2026-dataset-main/petri-net,files/ipc2026-dataset-main/petri-net/domain.pddl,files/ipc2026-dataset-main/petri-net/instances/prob10-3.pddl
PATTY,ipc2026-dataset-main/petri-net,files/ipc2026-dataset-main/petri-net/domain.pddl,files/ipc2026-dataset-main/petri-net/instances/prob10-4.pddl
PATTY-BV,ipc2026-dataset-main/petri-net,files/ipc2026-dataset-main/petri-net/domain.pddl,files/ipc2026-dataset-main/petri-net/instances/prob10-4.pddl
ENHSP,ipc2026-dataset-main/petri-net,files/ipc2026-dataset-main/petri-net/domain.pddl,files/ipc2026-dataset-main/petri-net/instances/prob10-4.pddl
PATTY,ipc2026-dataset-main/rainbowttles-opt,files/ipc2026-dataset-main/rainbowttles-opt/domain.pddl,files/ipc2026-dataset-main/rainbowttles-opt/instances/p11.pddl
PATTY-BV,ipc2026-dataset-main/rainbowttles-opt,files/ipc2026-dataset-main/rainbowttles-opt/domain.pddl,files/ipc2026-dataset-main/rainbowttles-opt/instances/p11.pddl
ENHSP,ipc2026-dataset-main/rainbowttles-opt,files/ipc2026-dataset-main/rainbowttles-opt/domain.pddl,files/ipc2026-dataset-main/rainbowttles-opt/instances/p11.pddl
PATTY,ipc2026-dataset-main/rainbowttles-opt,files/ipc2026-dataset-main/rainbowttles-opt/domain.pddl,files/ipc2026-dataset-main/rainbowttles-opt/instances/p12.pddl
PATTY-BV,ipc2026-dataset-main/rainbowttles-opt,files/ipc2026-dataset-main/rainbowttles-opt/domain.pddl,files/ipc2026-dataset-main/rainbowttles-opt/instances/p12.pddl
ENHSP,ipc2026-dataset-main/rainbowttles-opt,files/ipc2026-dataset-main/rainbowttles-opt/domain.pddl,files/ipc2026-dataset-main/rainbowttles-opt/instances/p12.pddl
PATTY,ipc2026-dataset-main/rainbowttles-opt,files/ipc2026-dataset-main/rainbowttles-opt/domain.pddl,files/ipc2026-dataset-main/rainbowttles-opt/instances/p13.pddl
PATTY-BV,ipc2026-dataset-main/rainbowttles-opt,files/ipc2026-dataset-main/rainbowttles-opt/domain.pddl,files/ipc2026-dataset-main/rainbowttles-opt/instances/p13.pddl
ENHSP,ipc2026-dataset-main/rainbowttles-opt,files/ipc2026-dataset-main/rainbowttles-opt/domain.pddl,files/ipc2026-dataset-main/rainbowttles-opt/instances/p13.pddl
PATTY,ipc2026-dataset-main/rainbowttles-opt,files/ipc2026-dataset-main/rainbowttles-opt/domain.pddl,files/ipc2026-dataset-main/rainbowttles-opt/instances/p14.pddl
PATTY-BV,ipc2026-dataset-main/rainbowttles-opt,files/ipc2026-dataset-main/rainbowttles-opt/domain.pddl,files/ipc2026-dataset-main/rainbowttles-opt/instances/p14.pddl
ENHSP,ipc2026-dataset-main/rainbowttles-opt,files/ipc2026-dataset-main/rainbowttles-opt/domain.pddl,files/ipc2026-dataset-main/rainbowttles-opt/instances/p14.pddl
PATTY,ipc2026-dataset-main/rainbowttles-opt,files/ipc2026-dataset-main/rainbowttles-opt/domain.pddl,files/ipc2026-dataset-main/rainbowttles-opt/instances/p15.pddl
PATTY-BV,ipc2026-dataset-main/rainbowttles-opt,files/ipc2026-dataset-main/rainbowttles-opt/domain.pddl,files/ipc2026-dataset-main/rainbowttles-opt/instances/p15.pddl
ENHSP,ipc2026-dataset-main/rainbowttles-opt,files/ipc2026-dataset-main/rainbowttles-opt/domain.pddl,files/ipc2026-dataset-main/rainbowttles-opt/instances/p15.pddl
PATTY,ipc2026-dataset-main/rainbowttles-opt,files/ipc2026-dataset-main/rainbowttles-opt/domain.pddl,files/ipc2026-dataset-main/rainbowttles-opt/instances/p16.pddl
PATTY-BV,ipc2026-dataset-main/rainbowttles-opt,files/ipc2026-dataset-main/rainbowttles-opt/domain.pddl,files/ipc2026-dataset-main/rainbowttles-opt/instances/p16.pddl
ENHSP,ipc2026-dataset-main/rainbowttles-opt,files/ipc2026-dataset-main/rainbowttles-opt/domain.pddl,files/ipc2026-dataset-main/rainbowttles-opt/instances/p16.pddl
PATTY,ipc2026-dataset-main/rainbowttles-opt,files/ipc2026-dataset-main/rainbowttles-opt/domain.pddl,files/ipc2026-dataset-main/rainbowttles-opt/instances/p17.pddl
PATTY-BV,ipc2026-dataset-main/rainbowttles-opt,files/ipc2026-dataset-main/rainbowttles-opt/domain.pddl,files/ipc2026-dataset-main/rainbowttles-opt/instances/p17.pddl
ENHSP,ipc2026-dataset-main/rainbowttles-opt,files/ipc2026-dataset-main/rainbowttles-opt/domain.pddl,files/ipc2026-dataset-main/rainbowttles-opt/instances/p17.pddl
PATTY,ipc2026-dataset-main/rainbowttles-opt,files/ipc2026-dataset-main/rainbowttles-opt/domain.pddl,files/ipc2026-dataset-main/rainbowttles-opt/instances/p18.pddl
PATTY-BV,ipc2026-dataset-main/rainbowttles-opt,files/ipc2026-dataset-main/rainbowttles-opt/domain.pddl,files/ipc2026-dataset-main/rainbowttles-opt/instances/p18.pddl
ENHSP,ipc2026-dataset-main/rainbowttles-opt,files/ipc2026-dataset-main/rainbowttles-opt/domain.pddl,files/ipc2026-dataset-main/rainbowttles-opt/instances/p18.pddl
PATTY,ipc2026-dataset-main/rainbowttles-opt,files/ipc2026-dataset-main/rainbowttles-opt/domain.pddl,files/ipc2026-dataset-main/rainbowttles-opt/instances/p19.pddl
PATTY-BV,ipc2026-dataset-main/rainbowttles-opt,files/ipc2026-dataset-main/rainbowttles-opt/domain.pddl,files/ipc2026-dataset-main/rainbowttles-opt/instances/p19.pddl
ENHSP,ipc2026-dataset-main/rainbowttles-opt,files/ipc2026-dataset-main/rainbowttles-opt/domain.pddl,files/ipc2026-dataset-main/rainbowttles-opt/instances/p19.pddl
PATTY,ipc2026-dataset-main/rainbowttles-opt,files/ipc2026-dataset-main/rainbowttles-opt/domain.pddl,files/ipc2026-dataset-main/rainbowttles-opt/instances/p20.pddl
PATTY-BV,ipc2026-dataset-main/rainbowttles-opt,files/ipc2026-dataset-main/rainbowttles-opt/domain.pddl,files/ipc2026-dataset-main/rainbowttles-opt/instances/p20.pddl
ENHSP,ipc2026-dataset-main/rainbowttles-opt,files/ipc2026-dataset-main/rainbowttles-opt/domain.pddl,files/ipc2026-dataset-main/rainbowttles-opt/instances/p20.pddl
PATTY,ipc2026-dataset-main/rainbowttles-opt,files/ipc2026-dataset-main/rainbowttles-opt/domain.pddl,files/ipc2026-dataset-main/rainbowttles-opt/instances/p21.pddl
PATTY-BV,ipc2026-dataset-main/rainbowttles-opt,files/ipc2026-dataset-main/rainbowttles-opt/domain.pddl,files/ipc2026-dataset-main/rainbowttles-opt/instances/p21.pddl
ENHSP,ipc2026-dataset-main/rainbowttles-opt,files/ipc2026-dataset-main/rainbowttles-opt/domain.pddl,files/ipc2026-dataset-main/rainbowttles-opt/instances/p21.pddl
PATTY,ipc2026-dataset-main/rainbowttles-opt,files/ipc2026-dataset-main/rainbowttles-opt/domain.pddl,files/ipc2026-dataset-main/rainbowttles-opt/instances/p22.pddl
PATTY-BV,ipc2026-dataset-main/rainbowttles-opt,files/ipc2026-dataset-main/rainbowttles-opt/domain.pddl,files/ipc2026-dataset-main/rainbowttles-opt/instances/p22.pddl
ENHSP,ipc2026-dataset-main/rainbowttles-opt,files/ipc2026-dataset-main/rainbowttles-opt/domain.pddl,files/ipc2026-dataset-main/rainbowttles-opt/instances/p22.pddl
PATTY,ipc2026-dataset-main/rainbowttles-opt,files/ipc2026-dataset-main/rainbowttles-opt/domain.pddl,files/ipc2026-dataset-main/rainbowttles-opt/instances/p23.pddl
PATTY-BV,ipc2026-dataset-main/rainbowttles-opt,files/ipc2026-dataset-main/rainbowttles-opt/domain.pddl,files/ipc2026-dataset-main/rainbowttles-opt/instances/p23.pddl
ENHSP,ipc2026-dataset-main/rainbowttles-opt,files/ipc2026-dataset-main/rainbowttles-opt/domain.pddl,files/ipc2026-dataset-main/rainbowttles-opt/instances/p23.pddl
PATTY,ipc2026-dataset-main/rainbowttles-opt,files/ipc2026-dataset-main/rainbowttles-opt/domain.pddl,files/ipc2026-dataset-main/rainbowttles-opt/instances/p24.pddl
PATTY-BV,ipc2026-dataset-main/rainbowttles-opt,files/ipc2026-dataset-main/rainbowttles-opt/domain.pddl,files/ipc2026-dataset-main/rainbowttles-opt/instances/p24.pddl
ENHSP,ipc2026-dataset-main/rainbowttles-opt,files/ipc2026-dataset-main/rainbowttles-opt/domain.pddl,files/ipc2026-dataset-main/rainbowttles-opt/instances/p24.pddl
PATTY,ipc2026-dataset-main/rainbowttles-opt,files/ipc2026-dataset-main/rainbowttles-opt/domain.pddl,files/ipc2026-dataset-main/rainbowttles-opt/instances/p25.pddl
PATTY-BV,ipc2026-dataset-main/rainbowttles-opt,files/ipc2026-dataset-main/rainbowttles-opt/domain.pddl,files/ipc2026-dataset-main/rainbowttles-opt/instances/p25.pddl
ENHSP,ipc2026-dataset-main/rainbowttles-opt,files/ipc2026-dataset-main/rainbowttles-opt/domain.pddl,files/ipc2026-dataset-main/rainbowttles-opt/instances/p25.pddl
PATTY,ipc2026-dataset-main/rainbowttles-opt,files/ipc2026-dataset-main/rainbowttles-opt/domain.pddl,files/ipc2026-dataset-main/rainbowttles-opt/instances/p26.pddl
PATTY-BV,ipc2026-dataset-main/rainbowttles-opt,files/ipc2026-dataset-main/rainbowttles-opt/domain.pddl,files/ipc2026-dataset-main/rainbowttles-opt/instances/p26.pddl
ENHSP,ipc2026-dataset-main/rainbowttles-opt,files/ipc2026-dataset-main/rainbowttles-opt/domain.pddl,files/ipc2026-dataset-main/rainbowttles-opt/instances/p26.pddl
PATTY,ipc2026-dataset-main/rainbowttles-opt,files/ipc2026-dataset-main/rainbowttles-opt/domain.pddl,files/ipc2026-dataset-main/rainbowttles-opt/instances/p27.pddl
PATTY-BV,ipc2026-dataset-main/rainbowttles-opt,files/ipc2026-dataset-main/rainbowttles-opt/domain.pddl,files/ipc2026-dataset-main/rainbowttles-opt/instances/p27.pddl
ENHSP,ipc2026-dataset-main/rainbowttles-opt,files/ipc2026-dataset-main/rainbowttles-opt/domain.pddl,files/ipc2026-dataset-main/rainbowttles-opt/instances/p27.pddl
PATTY,ipc2026-dataset-main/rainbowttles-opt,files/ipc2026-dataset-main/rainbowttles-opt/domain.pddl,files/ipc2026-dataset-main/rainbowttles-opt/instances/p28.pddl
PATTY-BV,ipc2026-dataset-main/rainbowttles-opt,files/ipc2026-dataset-main/rainbowttles-opt/domain.pddl,files/ipc2026-dataset-main/rainbowttles-opt/instances/p28.pddl
ENHSP,ipc2026-dataset-main/rainbowttles-opt,files/ipc2026-dataset-main/rainbowttles-opt/domain.pddl,files/ipc2026-dataset-main/rainbowttles-opt/instances/p28.pddl
PATTY,ipc2026-dataset-main/rainbowttles-opt,files/ipc2026-dataset-main/rainbowttles-opt/domain.pddl,files/ipc2026-dataset-main/rainbowttles-opt/instances/p29.pddl
PATTY-BV,ipc2026-dataset-main/rainbowttles-opt,files/ipc2026-dataset-main/rainbowttles-opt/domain.pddl,files/ipc2026-dataset-main/rainbowttles-opt/instances/p29.pddl
ENHSP,ipc2026-dataset-main/rainbowttles-opt,files/ipc2026-dataset-main/rainbowttles-opt/domain.pddl,files/ipc2026-dataset-main/rainbowttles-opt/instances/p29.pddl
PATTY,ipc2026-dataset-main/rainbowttles-opt,files/ipc2026-dataset-main/rainbowttles-opt/domain.pddl,files/ipc2026-dataset-main/rainbowttles-opt/instances/p30.pddl
PATTY-BV,ipc2026-dataset-main/rainbowttles-opt,files/ipc2026-dataset-main/rainbowttles-opt/domain.pddl,files/ipc2026-dataset-main/rainbowttles-opt/instances/p30.pddl
ENHSP,ipc2026-dataset-main/rainbowttles-opt,files/ipc2026-dataset-main/rainbowttles-opt/domain.pddl,files/ipc2026-dataset-main/rainbowttles-opt/instances/p30.pddl
PATTY,ipc2026-dataset-main/rainbowttles-sat,files/ipc2026-dataset-main/rainbowttles-sat/domain.pddl,files/ipc2026-dataset-main/rainbowttles-sat/instances/p31.pddl
PATTY-BV,ipc2026-dataset-main/rainbowttles-sat,files/ipc2026-dataset-main/rainbowttles-sat/domain.pddl,files/ipc2026-dataset-main/rainbowttles-sat/instances/p31.pddl
ENHSP,ipc2026-dataset-main/rainbowttles-sat,files/ipc2026-dataset-main/rainbowttles-sat/domain.pddl,files/ipc2026-dataset-main/rainbowttles-sat/instances/p31.pddl
PATTY,ipc2026-dataset-main/rainbowttles-sat,files/ipc2026-dataset-main/rainbowttles-sat/domain.pddl,files/ipc2026-dataset-main/rainbowttles-sat/instances/p32.pddl
PATTY-BV,ipc2026-dataset-main/rainbowttles-sat,files/ipc2026-dataset-main/rainbowttles-sat/domain.pddl,files/ipc2026-dataset-main/rainbowttles-sat/instances/p32.pddl
ENHSP,ipc2026-dataset-main/rainbowttles-sat,files/ipc2026-dataset-main/rainbowttles-sat/domain.pddl,files/ipc2026-dataset-main/rainbowttles-sat/instances/p32.pddl
PATTY,ipc2026-dataset-main/rainbowttles-sat,files/ipc2026-dataset-main/rainbowttles-sat/domain.pddl,files/ipc2026-dataset-main/rainbowttles-sat/instances/p33.pddl
PATTY-BV,ipc2026-dataset-main/rainbowttles-sat,files/ipc2026-dataset-main/rainbowttles-sat/domain.pddl,files/ipc2026-dataset-main/rainbowttles-sat/instances/p33.pddl
ENHSP,ipc2026-dataset-main/rainbowttles-sat,files/ipc2026-dataset-main/rainbowttles-sat/domain.pddl,files/ipc2026-dataset-main/rainbowttles-sat/instances/p33.pddl
PATTY,ipc2026-dataset-main/rainbowttles-sat,files/ipc2026-dataset-main/rainbowttles-sat/domain.pddl,files/ipc2026-dataset-main/rainbowttles-sat/instances/p34.pddl
PATTY-BV,ipc2026-dataset-main/rainbowttles-sat,files/ipc2026-dataset-main/rainbowttles-sat/domain.pddl,files/ipc2026-dataset-main/rainbowttles-sat/instances/p34.pddl
ENHSP,ipc2026-dataset-main/rainbowttles-sat,files/ipc2026-dataset-main/rainbowttles-sat/domain.pddl,files/ipc2026-dataset-main/rainbowttles-sat/instances/p34.pddl
PATTY,ipc2026-dataset-main/rainbowttles-sat,files/ipc2026-dataset-main/rainbowttles-sat/domain.pddl,files/ipc2026-dataset-main/rainbowttles-sat/instances/p35.pddl
PATTY-BV,ipc2026-dataset-main/rainbowttles-sat,files/ipc2026-dataset-main/rainbowttles-sat/domain.pddl,files/ipc2026-dataset-main/rainbowttles-sat/instances/p35.pddl
ENHSP,ipc2026-dataset-main/rainbowttles-sat,files/ipc2026-dataset-main/rainbowttles-sat/domain.pddl,files/ipc2026-dataset-main/rainbowttles-sat/instances/p35.pddl
PATTY,ipc2026-dataset-main/rainbowttles-sat,files/ipc2026-dataset-main/rainbowttles-sat/domain.pddl,files/ipc2026-dataset-main/rainbowttles-sat/instances/p36.pddl
PATTY-BV,ipc2026-dataset-main/rainbowttles-sat,files/ipc2026-dataset-main/rainbowttles-sat/domain.pddl,files/ipc2026-dataset-main/rainbowttles-sat/instances/p36.pddl
ENHSP,ipc2026-dataset-main/rainbowttles-sat,files/ipc2026-dataset-main/rainbowttles-sat/domain.pddl,files/ipc2026-dataset-main/rainbowttles-sat/instances/p36.pddl
PATTY,ipc2026-dataset-main/rainbowttles-sat,files/ipc2026-dataset-main/rainbowttles-sat/domain.pddl,files/ipc2026-dataset-main/rainbowttles-sat/instances/p37.pddl
PATTY-BV,ipc2026-dataset-main/rainbowttles-sat,files/ipc2026-dataset-main/rainbowttles-sat/domain.pddl,files/ipc2026-dataset-main/rainbowttles-sat/instances/p37.pddl
ENHSP,ipc2026-dataset-main/rainbowttles-sat,files/ipc2026-dataset-main/rainbowttles-sat/domain.pddl,files/ipc2026-dataset-main/rainbowttles-sat/instances/p37.pddl
PATTY,ipc2026-dataset-main/rainbowttles-sat,files/ipc2026-dataset-main/rainbowttles-sat/domain.pddl,files/ipc2026-dataset-main/rainbowttles-sat/instances/p38.pddl
PATTY-BV,ipc2026-dataset-main/rainbowttles-sat,files/ipc2026-dataset-main/rainbowttles-sat/domain.pddl,files/ipc2026-dataset-main/rainbowttles-sat/instances/p38.pddl
ENHSP,ipc2026-dataset-main/rainbowttles-sat,files/ipc2026-dataset-main/rainbowttles-sat/domain.pddl,files/ipc2026-dataset-main/rainbowttles-sat/instances/p38.pddl
PATTY,ipc2026-dataset-main/rainbowttles-sat,files/ipc2026-dataset-main/rainbowttles-sat/domain.pddl,files/ipc2026-dataset-main/rainbowttles-sat/instances/p39.pddl
PATTY-BV,ipc2026-dataset-main/rainbowttles-sat,files/ipc2026-dataset-main/rainbowttles-sat/domain.pddl,files/ipc2026-dataset-main/rainbowttles-sat/instances/p39.pddl
ENHSP,ipc2026-dataset-main/rainbowttles-sat,files/ipc2026-dataset-main/rainbowttles-sat/domain.pddl,files/ipc2026-dataset-main/rainbowttles-sat/instances/p39.pddl
PATTY,ipc2026-dataset-main/rainbowttles-sat,files/ipc2026-dataset-main/rainbowttles-sat/domain.pddl,files/ipc2026-dataset-main/rainbowttles-sat/instances/p40.pddl
PATTY-BV,ipc2026-dataset-main/rainbowttles-sat,files/ipc2026-dataset-main/rainbowttles-sat/domain.pddl,files/ipc2026-dataset-main/rainbowttles-sat/instances/p40.pddl
ENHSP,ipc2026-dataset-main/rainbowttles-sat,files/ipc2026-dataset-main/rainbowttles-sat/domain.pddl,files/ipc2026-dataset-main/rainbowttles-sat/instances/p40.pddl
PATTY,ipc2026-dataset-main/rainbowttles-sat,files/ipc2026-dataset-main/rainbowttles-sat/domain.pddl,files/ipc2026-dataset-main/rainbowttles-sat/instances/p41.pddl
PATTY-BV,ipc2026-dataset-main/rainbowttles-sat,files/ipc2026-dataset-main/rainbowttles-sat/domain.pddl,files/ipc2026-dataset-main/rainbowttles-sat/instances/p41.pddl
ENHSP,ipc2026-dataset-main/rainbowttles-sat,files/ipc2026-dataset-main/rainbowttles-sat/domain.pddl,files/ipc2026-dataset-main/rainbowttles-sat/instances/p41.pddl
PATTY,ipc2026-dataset-main/rainbowttles-sat,files/ipc2026-dataset-main/rainbowttles-sat/domain.pddl,files/ipc2026-dataset-main/rainbowttles-sat/instances/p42.pddl
PATTY-BV,ipc2026-dataset-main/rainbowttles-sat,files/ipc2026-dataset-main/rainbowttles-sat/domain.pddl,files/ipc2026-dataset-main/rainbowttles-sat/instances/p42.pddl
ENHSP,ipc2026-dataset-main/rainbowttles-sat,files/ipc2026-dataset-main/rainbowttles-sat/domain.pddl,files/ipc2026-dataset-main/rainbowttles-sat/instances/p42.pddl
PATTY,ipc2026-dataset-main/rainbowttles-sat,files/ipc2026-dataset-main/rainbowttles-sat/domain.pddl,files/ipc2026-dataset-main/rainbowttles-sat/instances/p43.pddl
PATTY-BV,ipc2026-dataset-main/rainbowttles-sat,files/ipc2026-dataset-main/rainbowttles-sat/domain.pddl,files/ipc2026-dataset-main/rainbowttles-sat/instances/p43.pddl
ENHSP,ipc2026-dataset-main/rainbowttles-sat,files/ipc2026-dataset-main/rainbowttles-sat/domain.pddl,files/ipc2026-dataset-main/rainbowttles-sat/instances/p43.pddl
PATTY,ipc2026-dataset-main/rainbowttles-sat,files/ipc2026-dataset-main/rainbowttles-sat/domain.pddl,files/ipc2026-dataset-main/rainbowttles-sat/instances/p44.pddl
PATTY-BV,ipc2026-dataset-main/rainbowttles-sat,files/ipc2026-dataset-main/rainbowttles-sat/domain.pddl,files/ipc2026-dataset-main/rainbowttles-sat/instances/p44.pddl
ENHSP,ipc2026-dataset-main/rainbowttles-sat,files/ipc2026-dataset-main/rainbowttles-sat/domain.pddl,files/ipc2026-dataset-main/rainbowttles-sat/instances/p44.pddl
PATTY,ipc2026-dataset-main/rainbowttles-sat,files/ipc2026-dataset-main/rainbowttles-sat/domain.pddl,files/ipc2026-dataset-main/rainbowttles-sat/instances/p45.pddl
PATTY-BV,ipc2026-dataset-main/rainbowttles-sat,files/ipc2026-dataset-main/rainbowttles-sat/domain.pddl,files/ipc2026-dataset-main/rainbowttles-sat/instances/p45.pddl
ENHSP,ipc2026-dataset-main/rainbowttles-sat,files/ipc2026-dataset-main/rainbowttles-sat/domain.pddl,files/ipc2026-dataset-main/rainbowttles-sat/instances/p45.pddl
PATTY,ipc2026-dataset-main/rainbowttles-sat,files/ipc2026-dataset-main/rainbowttles-sat/domain.pddl,files/ipc2026-dataset-main/rainbowttles-sat/instances/p46.pddl
PATTY-BV,ipc2026-dataset-main/rainbowttles-sat,files/ipc2026-dataset-main/rainbowttles-sat/domain.pddl,files/ipc2026-dataset-main/rainbowttles-sat/instances/p46.pddl
ENHSP,ipc2026-dataset-main/rainbowttles-sat,files/ipc2026-dataset-main/rainbowttles-sat/domain.pddl,files/ipc2026-dataset-main/rainbowttles-sat/instances/p46.pddl
PATTY,ipc2026-dataset-main/rainbowttles-sat,files/ipc2026-dataset-main/rainbowttles-sat/domain.pddl,files/ipc2026-dataset-main/rainbowttles-sat/instances/p47.pddl
PATTY-BV,ipc2026-dataset-main/rainbowttles-sat,files/ipc2026-dataset-main/rainbowttles-sat/domain.pddl,files/ipc2026-dataset-main/rainbowttles-sat/instances/p47.pddl
ENHSP,ipc2026-dataset-main/rainbowttles-sat,files/ipc2026-dataset-main/rainbowttles-sat/domain.pddl,files/ipc2026-dataset-main/rainbowttles-sat/instances/p47.pddl
PATTY,ipc2026-dataset-main/rainbowttles-sat,files/ipc2026-dataset-main/rainbowttles-sat/domain.pddl,files/ipc2026-dataset-main/rainbowttles-sat/instances/p48.pddl
PATTY-BV,ipc2026-dataset-main/rainbowttles-sat,files/ipc2026-dataset-main/rainbowttles-sat/domain.pddl,files/ipc2026-dataset-main/rainbowttles-sat/instances/p48.pddl
ENHSP,ipc2026-dataset-main/rainbowttles-sat,files/ipc2026-dataset-main/rainbowttles-sat/domain.pddl,files/ipc2026-dataset-main/rainbowttles-sat/instances/p48.pddl
PATTY,ipc2026-dataset-main/rainbowttles-sat,files/ipc2026-dataset-main/rainbowttles-sat/domain.pddl,files/ipc2026-dataset-main/rainbowttles-sat/instances/p49.pddl
PATTY-BV,ipc2026-dataset-main/rainbowttles-sat,files/ipc2026-dataset-main/rainbowttles-sat/domain.pddl,files/ipc2026-dataset-main/rainbowttles-sat/instances/p49.pddl
ENHSP,ipc2026-dataset-main/rainbowttles-sat,files/ipc2026-dataset-main/rainbowttles-sat/domain.pddl,files/ipc2026-dataset-main/rainbowttles-sat/instances/p49.pddl
PATTY,ipc2026-dataset-main/rainbowttles-sat,files/ipc2026-dataset-main/rainbowttles-sat/domain.pddl,files/ipc2026-dataset-main/rainbowttles-sat/instances/p50.pddl
PATTY-BV,ipc2026-dataset-main/rainbowttles-sat,files/ipc2026-dataset-main/rainbowttles-sat/domain.pddl,files/ipc2026-dataset-main/rainbowttles-sat/instances/p50.pddl
ENHSP,ipc2026-dataset-main/rainbowttles-sat,files/ipc2026-dataset-main/rainbowttles-sat/domain.pddl,files/ipc2026-dataset-main/rainbowttles-sat/instances/p50.pddl
PATTY,ipc2026-dataset-main/sailing-wind-opt,files/ipc2026-dataset-main/sailing-wind-opt/domain.pddl,files/ipc2026-dataset-main/sailing-wind-opt/instances/problem_0.pddl
PATTY-BV,ipc2026-dataset-main/sailing-wind-opt,files/ipc2026-dataset-main/sailing-wind-opt/domain.pddl,files/ipc2026-dataset-main/sailing-wind-opt/instances/problem_0.pddl
ENHSP,ipc2026-dataset-main/sailing-wind-opt,files/ipc2026-dataset-main/sailing-wind-opt/domain.pddl,files/ipc2026-dataset-main/sailing-wind-opt/instances/problem_0.pddl
PATTY,ipc2026-dataset-main/sailing-wind-opt,files/ipc2026-dataset-main/sailing-wind-opt/domain.pddl,files/ipc2026-dataset-main/sailing-wind-opt/instances/problem_1.pddl
PATTY-BV,ipc2026-dataset-main/sailing-wind-opt,files/ipc2026-dataset-main/sailing-wind-opt/domain.pddl,files/ipc2026-dataset-main/sailing-wind-opt/instances/problem_1.pddl
ENHSP,ipc2026-dataset-main/sailing-wind-opt,files/ipc2026-dataset-main/sailing-wind-opt/domain.pddl,files/ipc2026-dataset-main/sailing-wind-opt/instances/problem_1.pddl
PATTY,ipc2026-dataset-main/sailing-wind-opt,files/ipc2026-dataset-main/sailing-wind-opt/domain.pddl,files/ipc2026-dataset-main/sailing-wind-opt/instances/problem_10.pddl
PATTY-BV,ipc2026-dataset-main/sailing-wind-opt,files/ipc2026-dataset-main/sailing-wind-opt/domain.pddl,files/ipc2026-dataset-main/sailing-wind-opt/instances/problem_10.pddl
ENHSP,ipc2026-dataset-main/sailing-wind-opt,files/ipc2026-dataset-main/sailing-wind-opt/domain.pddl,files/ipc2026-dataset-main/sailing-wind-opt/instances/problem_10.pddl
PATTY,ipc2026-dataset-main/sailing-wind-opt,files/ipc2026-dataset-main/sailing-wind-opt/domain.pddl,files/ipc2026-dataset-main/sailing-wind-opt/instances/problem_11.pddl
PATTY-BV,ipc2026-dataset-main/sailing-wind-opt,files/ipc2026-dataset-main/sailing-wind-opt/domain.pddl,files/ipc2026-dataset-main/sailing-wind-opt/instances/problem_11.pddl
ENHSP,ipc2026-dataset-main/sailing-wind-opt,files/ipc2026-dataset-main/sailing-wind-opt/domain.pddl,files/ipc2026-dataset-main/sailing-wind-opt/instances/problem_11.pddl
PATTY,ipc2026-dataset-main/sailing-wind-opt,files/ipc2026-dataset-main/sailing-wind-opt/domain.pddl,files/ipc2026-dataset-main/sailing-wind-opt/instances/problem_12.pddl
PATTY-BV,ipc2026-dataset-main/sailing-wind-opt,files/ipc2026-dataset-main/sailing-wind-opt/domain.pddl,files/ipc2026-dataset-main/sailing-wind-opt/instances/problem_12.pddl
ENHSP,ipc2026-dataset-main/sailing-wind-opt,files/ipc2026-dataset-main/sailing-wind-opt/domain.pddl,files/ipc2026-dataset-main/sailing-wind-opt/instances/problem_12.pddl
PATTY,ipc2026-dataset-main/sailing-wind-opt,files/ipc2026-dataset-main/sailing-wind-opt/domain.pddl,files/ipc2026-dataset-main/sailing-wind-opt/instances/problem_13.pddl
PATTY-BV,ipc2026-dataset-main/sailing-wind-opt,files/ipc2026-dataset-main/sailing-wind-opt/domain.pddl,files/ipc2026-dataset-main/sailing-wind-opt/instances/problem_13.pddl
ENHSP,ipc2026-dataset-main/sailing-wind-opt,files/ipc2026-dataset-main/sailing-wind-opt/domain.pddl,files/ipc2026-dataset-main/sailing-wind-opt/instances/problem_13.pddl
PATTY,ipc2026-dataset-main/sailing-wind-opt,files/ipc2026-dataset-main/sailing-wind-opt/domain.pddl,files/ipc2026-dataset-main/sailing-wind-opt/instances/problem_14.pddl
PATTY-BV,ipc2026-dataset-main/sailing-wind-opt,files/ipc2026-dataset-main/sailing-wind-opt/domain.pddl,files/ipc2026-dataset-main/sailing-wind-opt/instances/problem_14.pddl
ENHSP,ipc2026-dataset-main/sailing-wind-opt,files/ipc2026-dataset-main/sailing-wind-opt/domain.pddl,files/ipc2026-dataset-main/sailing-wind-opt/instances/problem_14.pddl
PATTY,ipc2026-dataset-main/sailing-wind-opt,files/ipc2026-dataset-main/sailing-wind-opt/domain.pddl,files/ipc2026-dataset-main/sailing-wind-opt/instances/problem_15.pddl
PATTY-BV,ipc2026-dataset-main/sailing-wind-opt,files/ipc2026-dataset-main/sailing-wind-opt/domain.pddl,files/ipc2026-dataset-main/sailing-wind-opt/instances/problem_15.pddl
ENHSP,ipc2026-dataset-main/sailing-wind-opt,files/ipc2026-dataset-main/sailing-wind-opt/domain.pddl,files/ipc2026-dataset-main/sailing-wind-opt/instances/problem_15.pddl
PATTY,ipc2026-dataset-main/sailing-wind-opt,files/ipc2026-dataset-main/sailing-wind-opt/domain.pddl,files/ipc2026-dataset-main/sailing-wind-opt/instances/problem_16.pddl
PATTY-BV,ipc2026-dataset-main/sailing-wind-opt,files/ipc2026-dataset-main/sailing-wind-opt/domain.pddl,files/ipc2026-dataset-main/sailing-wind-opt/instances/problem_16.pddl
ENHSP,ipc2026-dataset-main/sailing-wind-opt,files/ipc2026-dataset-main/sailing-wind-opt/domain.pddl,files/ipc2026-dataset-main/sailing-wind-opt/instances/problem_16.pddl
PATTY,ipc2026-dataset-main/sailing-wind-opt,files/ipc2026-dataset-main/sailing-wind-opt/domain.pddl,files/ipc2026-dataset-main/sailing-wind-opt/instances/problem_17.pddl
PATTY-BV,ipc2026-dataset-main/sailing-wind-opt,files/ipc2026-dataset-main/sailing-wind-opt/domain.pddl,files/ipc2026-dataset-main/sailing-wind-opt/instances/problem_17.pddl
ENHSP,ipc2026-dataset-main/sailing-wind-opt,files/ipc2026-dataset-main/sailing-wind-opt/domain.pddl,files/ipc2026-dataset-main/sailing-wind-opt/instances/problem_17.pddl
PATTY,ipc2026-dataset-main/sailing-wind-opt,files/ipc2026-dataset-main/sailing-wind-opt/domain.pddl,files/ipc2026-dataset-main/sailing-wind-opt/instances/problem_18.pddl
PATTY-BV,ipc2026-dataset-main/sailing-wind-opt,files/ipc2026-dataset-main/sailing-wind-opt/domain.pddl,files/ipc2026-dataset-main/sailing-wind-opt/instances/problem_18.pddl
ENHSP,ipc2026-dataset-main/sailing-wind-opt,files/ipc2026-dataset-main/sailing-wind-opt/domain.pddl,files/ipc2026-dataset-main/sailing-wind-opt/instances/problem_18.pddl
PATTY,ipc2026-dataset-main/sailing-wind-opt,files/ipc2026-dataset-main/sailing-wind-opt/domain.pddl,files/ipc2026-dataset-main/sailing-wind-opt/instances/problem_19.pddl
PATTY-BV,ipc2026-dataset-main/sailing-wind-opt,files/ipc2026-dataset-main/sailing-wind-opt/domain.pddl,files/ipc2026-dataset-main/sailing-wind-opt/instances/problem_19.pddl
ENHSP,ipc2026-dataset-main/sailing-wind-opt,files/ipc2026-dataset-main/sailing-wind-opt/domain.pddl,files/ipc2026-dataset-main/sailing-wind-opt/instances/problem_19.pddl
PATTY,ipc2026-dataset-main/sailing-wind-opt,files/ipc2026-dataset-main/sailing-wind-opt/domain.pddl,files/ipc2026-dataset-main/sailing-wind-opt/instances/problem_2.pddl
PATTY-BV,ipc2026-dataset-main/sailing-wind-opt,files/ipc2026-dataset-main/sailing-wind-opt/domain.pddl,files/ipc2026-dataset-main/sailing-wind-opt/instances/problem_2.pddl
ENHSP,ipc2026-dataset-main/sailing-wind-opt,files/ipc2026-dataset-main/sailing-wind-opt/domain.pddl,files/ipc2026-dataset-main/sailing-wind-opt/instances/problem_2.pddl
PATTY,ipc2026-dataset-main/sailing-wind-opt,files/ipc2026-dataset-main/sailing-wind-opt/domain.pddl,files/ipc2026-dataset-main/sailing-wind-opt/instances/problem_3.pddl
PATTY-BV,ipc2026-dataset-main/sailing-wind-opt,files/ipc2026-dataset-main/sailing-wind-opt/domain.pddl,files/ipc2026-dataset-main/sailing-wind-opt/instances/problem_3.pddl
ENHSP,ipc2026-dataset-main/sailing-wind-opt,files/ipc2026-dataset-main/sailing-wind-opt/domain.pddl,files/ipc2026-dataset-main/sailing-wind-opt/instances/problem_3.pddl
PATTY,ipc2026-dataset-main/sailing-wind-opt,files/ipc2026-dataset-main/sailing-wind-opt/domain.pddl,files/ipc2026-dataset-main/sailing-wind-opt/instances/problem_4.pddl
PATTY-BV,ipc2026-dataset-main/sailing-wind-opt,files/ipc2026-dataset-main/sailing-wind-opt/domain.pddl,files/ipc2026-dataset-main/sailing-wind-opt/instances/problem_4.pddl
ENHSP,ipc2026-dataset-main/sailing-wind-opt,files/ipc2026-dataset-main/sailing-wind-opt/domain.pddl,files/ipc2026-dataset-main/sailing-wind-opt/instances/problem_4.pddl
PATTY,ipc2026-dataset-main/sailing-wind-opt,files/ipc2026-dataset-main/sailing-wind-opt/domain.pddl,files/ipc2026-dataset-main/sailing-wind-opt/instances/problem_5.pddl
PATTY-BV,ipc2026-dataset-main/sailing-wind-opt,files/ipc2026-dataset-main/sailing-wind-opt/domain.pddl,files/ipc2026-dataset-main/sailing-wind-opt/instances/problem_5.pddl
ENHSP,ipc2026-dataset-main/sailing-wind-opt,files/ipc2026-dataset-main/sailing-wind-opt/domain.pddl,files/ipc2026-dataset-main/sailing-wind-opt/instances/problem_5.pddl
PATTY,ipc2026-dataset-main/sailing-wind-opt,files/ipc2026-dataset-main/sailing-wind-opt/domain.pddl,files/ipc2026-dataset-main/sailing-wind-opt/instances/problem_6.pddl
PATTY-BV,ipc2026-dataset-main/sailing-wind-opt,files/ipc2026-dataset-main/sailing-wind-opt/domain.pddl,files/ipc2026-dataset-main/sailing-wind-opt/instances/problem_6.pddl
ENHSP,ipc2026-dataset-main/sailing-wind-opt,files/ipc2026-dataset-main/sailing-wind-opt/domain.pddl,files/ipc2026-dataset-main/sailing-wind-opt/instances/problem_6.pddl
PATTY,ipc2026-dataset-main/sailing-wind-opt,files/ipc2026-dataset-main/sailing-wind-opt/domain.pddl,files/ipc2026-dataset-main/sailing-wind-opt/instances/problem_7.pddl
PATTY-BV,ipc2026-dataset-main/sailing-wind-opt,files/ipc2026-dataset-main/sailing-wind-opt/domain.pddl,files/ipc2026-dataset-main/sailing-wind-opt/instances/problem_7.pddl
ENHSP,ipc2026-dataset-main/sailing-wind-opt,files/ipc2026-dataset-main/sailing-wind-opt/domain.pddl,files/ipc2026-dataset-main/sailing-wind-opt/instances/problem_7.pddl
PATTY,ipc2026-dataset-main/sailing-wind-opt,files/ipc2026-dataset-main/sailing-wind-opt/domain.pddl,files/ipc2026-dataset-main/sailing-wind-opt/instances/problem_8.pddl
PATTY-BV,ipc2026-dataset-main/sailing-wind-opt,files/ipc2026-dataset-main/sailing-wind-opt/domain.pddl,files/ipc2026-dataset-main/sailing-wind-opt/instances/problem_8.pddl
ENHSP,ipc2026-dataset-main/sailing-wind-opt,files/ipc2026-dataset-main/sailing-wind-opt/domain.pddl,files/ipc2026-dataset-main/sailing-wind-opt/instances/problem_8.pddl
PATTY,ipc2026-dataset-main/sailing-wind-opt,files/ipc2026-dataset-main/sailing-wind-opt/domain.pddl,files/ipc2026-dataset-main/sailing-wind-opt/instances/problem_9.pddl
PATTY-BV,ipc2026-dataset-main/sailing-wind-opt,files/ipc2026-dataset-main/sailing-wind-opt/domain.pddl,files/ipc2026-dataset-main/sailing-wind-opt/instances/problem_9.pddl
ENHSP,ipc2026-dataset-main/sailing-wind-opt,files/ipc2026-dataset-main/sailing-wind-opt/domain.pddl,files/ipc2026-dataset-main/sailing-wind-opt/instances/problem_9.pddl
PATTY,ipc2026-dataset-main/sailing-wind-sat,files/ipc2026-dataset-main/sailing-wind-sat/domain.pddl,files/ipc2026-dataset-main/sailing-wind-sat/instances/problem_0.pddl
PATTY-BV,ipc2026-dataset-main/sailing-wind-sat,files/ipc2026-dataset-main/sailing-wind-sat/domain.pddl,files/ipc2026-dataset-main/sailing-wind-sat/instances/problem_0.pddl
ENHSP,ipc2026-dataset-main/sailing-wind-sat,files/ipc2026-dataset-main/sailing-wind-sat/domain.pddl,files/ipc2026-dataset-main/sailing-wind-sat/instances/problem_0.pddl
PATTY,ipc2026-dataset-main/sailing-wind-sat,files/ipc2026-dataset-main/sailing-wind-sat/domain.pddl,files/ipc2026-dataset-main/sailing-wind-sat/instances/problem_1.pddl
PATTY-BV,ipc2026-dataset-main/sailing-wind-sat,files/ipc2026-dataset-main/sailing-wind-sat/domain.pddl,files/ipc2026-dataset-main/sailing-wind-sat/instances/problem_1.pddl
ENHSP,ipc2026-dataset-main/sailing-wind-sat,files/ipc2026-dataset-main/sailing-wind-sat/domain.pddl,files/ipc2026-dataset-main/sailing-wind-sat/instances/problem_1.pddl
PATTY,ipc2026-dataset-main/sailing-wind-sat,files/ipc2026-dataset-main/sailing-wind-sat/domain.pddl,files/ipc2026-dataset-main/sailing-wind-sat/instances/problem_10.pddl
PATTY-BV,ipc2026-dataset-main/sailing-wind-sat,files/ipc2026-dataset-main/sailing-wind-sat/domain.pddl,files/ipc2026-dataset-main/sailing-wind-sat/instances/problem_10.pddl
ENHSP,ipc2026-dataset-main/sailing-wind-sat,files/ipc2026-dataset-main/sailing-wind-sat/domain.pddl,files/ipc2026-dataset-main/sailing-wind-sat/instances/problem_10.pddl
PATTY,ipc2026-dataset-main/sailing-wind-sat,files/ipc2026-dataset-main/sailing-wind-sat/domain.pddl,files/ipc2026-dataset-main/sailing-wind-sat/instances/problem_11.pddl
PATTY-BV,ipc2026-dataset-main/sailing-wind-sat,files/ipc2026-dataset-main/sailing-wind-sat/domain.pddl,files/ipc2026-dataset-main/sailing-wind-sat/instances/problem_11.pddl
ENHSP,ipc2026-dataset-main/sailing-wind-sat,files/ipc2026-dataset-main/sailing-wind-sat/domain.pddl,files/ipc2026-dataset-main/sailing-wind-sat/instances/problem_11.pddl
PATTY,ipc2026-dataset-main/sailing-wind-sat,files/ipc2026-dataset-main/sailing-wind-sat/domain.pddl,files/ipc2026-dataset-main/sailing-wind-sat/instances/problem_12.pddl
PATTY-BV,ipc2026-dataset-main/sailing-wind-sat,files/ipc2026-dataset-main/sailing-wind-sat/domain.pddl,files/ipc2026-dataset-main/sailing-wind-sat/instances/problem_12.pddl
ENHSP,ipc2026-dataset-main/sailing-wind-sat,files/ipc2026-dataset-main/sailing-wind-sat/domain.pddl,files/ipc2026-dataset-main/sailing-wind-sat/instances/problem_12.pddl
PATTY,ipc2026-dataset-main/sailing-wind-sat,files/ipc2026-dataset-main/sailing-wind-sat/domain.pddl,files/ipc2026-dataset-main/sailing-wind-sat/instances/problem_13.pddl
PATTY-BV,ipc2026-dataset-main/sailing-wind-sat,files/ipc2026-dataset-main/sailing-wind-sat/domain.pddl,files/ipc2026-dataset-main/sailing-wind-sat/instances/problem_13.pddl
ENHSP,ipc2026-dataset-main/sailing-wind-sat,files/ipc2026-dataset-main/sailing-wind-sat/domain.pddl,files/ipc2026-dataset-main/sailing-wind-sat/instances/problem_13.pddl
PATTY,ipc2026-dataset-main/sailing-wind-sat,files/ipc2026-dataset-main/sailing-wind-sat/domain.pddl,files/ipc2026-dataset-main/sailing-wind-sat/instances/problem_14.pddl
PATTY-BV,ipc2026-dataset-main/sailing-wind-sat,files/ipc2026-dataset-main/sailing-wind-sat/domain.pddl,files/ipc2026-dataset-main/sailing-wind-sat/instances/problem_14.pddl
ENHSP,ipc2026-dataset-main/sailing-wind-sat,files/ipc2026-dataset-main/sailing-wind-sat/domain.pddl,files/ipc2026-dataset-main/sailing-wind-sat/instances/problem_14.pddl
PATTY,ipc2026-dataset-main/sailing-wind-sat,files/ipc2026-dataset-main/sailing-wind-sat/domain.pddl,files/ipc2026-dataset-main/sailing-wind-sat/instances/problem_15.pddl
PATTY-BV,ipc2026-dataset-main/sailing-wind-sat,files/ipc2026-dataset-main/sailing-wind-sat/domain.pddl,files/ipc2026-dataset-main/sailing-wind-sat/instances/problem_15.pddl
ENHSP,ipc2026-dataset-main/sailing-wind-sat,files/ipc2026-dataset-main/sailing-wind-sat/domain.pddl,files/ipc2026-dataset-main/sailing-wind-sat/instances/problem_15.pddl
PATTY,ipc2026-dataset-main/sailing-wind-sat,files/ipc2026-dataset-main/sailing-wind-sat/domain.pddl,files/ipc2026-dataset-main/sailing-wind-sat/instances/problem_16.pddl
PATTY-BV,ipc2026-dataset-main/sailing-wind-sat,files/ipc2026-dataset-main/sailing-wind-sat/domain.pddl,files/ipc2026-dataset-main/sailing-wind-sat/instances/problem_16.pddl
ENHSP,ipc2026-dataset-main/sailing-wind-sat,files/ipc2026-dataset-main/sailing-wind-sat/domain.pddl,files/ipc2026-dataset-main/sailing-wind-sat/instances/problem_16.pddl
PATTY,ipc2026-dataset-main/sailing-wind-sat,files/ipc2026-dataset-main/sailing-wind-sat/domain.pddl,files/ipc2026-dataset-main/sailing-wind-sat/instances/problem_17.pddl
PATTY-BV,ipc2026-dataset-main/sailing-wind-sat,files/ipc2026-dataset-main/sailing-wind-sat/domain.pddl,files/ipc2026-dataset-main/sailing-wind-sat/instances/problem_17.pddl
ENHSP,ipc2026-dataset-main/sailing-wind-sat,files/ipc2026-dataset-main/sailing-wind-sat/domain.pddl,files/ipc2026-dataset-main/sailing-wind-sat/instances/problem_17.pddl
PATTY,ipc2026-dataset-main/sailing-wind-sat,files/ipc2026-dataset-main/sailing-wind-sat/domain.pddl,files/ipc2026-dataset-main/sailing-wind-sat/instances/problem_18.pddl
PATTY-BV,ipc2026-dataset-main/sailing-wind-sat,files/ipc2026-dataset-main/sailing-wind-sat/domain.pddl,files/ipc2026-dataset-main/sailing-wind-sat/instances/problem_18.pddl
ENHSP,ipc2026-dataset-main/sailing-wind-sat,files/ipc2026-dataset-main/sailing-wind-sat/domain.pddl,files/ipc2026-dataset-main/sailing-wind-sat/instances/problem_18.pddl
PATTY,ipc2026-dataset-main/sailing-wind-sat,files/ipc2026-dataset-main/sailing-wind-sat/domain.pddl,files/ipc2026-dataset-main/sailing-wind-sat/instances/problem_19.pddl
PATTY-BV,ipc2026-dataset-main/sailing-wind-sat,files/ipc2026-dataset-main/sailing-wind-sat/domain.pddl,files/ipc2026-dataset-main/sailing-wind-sat/instances/problem_19.pddl
ENHSP,ipc2026-dataset-main/sailing-wind-sat,files/ipc2026-dataset-main/sailing-wind-sat/domain.pddl,files/ipc2026-dataset-main/sailing-wind-sat/instances/problem_19.pddl
PATTY,ipc2026-dataset-main/sailing-wind-sat,files/ipc2026-dataset-main/sailing-wind-sat/domain.pddl,files/ipc2026-dataset-main/sailing-wind-sat/instances/problem_2.pddl
PATTY-BV,ipc2026-dataset-main/sailing-wind-sat,files/ipc2026-dataset-main/sailing-wind-sat/domain.pddl,files/ipc2026-dataset-main/sailing-wind-sat/instances/problem_2.pddl
ENHSP,ipc2026-dataset-main/sailing-wind-sat,files/ipc2026-dataset-main/sailing-wind-sat/domain.pddl,files/ipc2026-dataset-main/sailing-wind-sat/instances/problem_2.pddl
PATTY,ipc2026-dataset-main/sailing-wind-sat,files/ipc2026-dataset-main/sailing-wind-sat/domain.pddl,files/ipc2026-dataset-main/sailing-wind-sat/instances/problem_3.pddl
PATTY-BV,ipc2026-dataset-main/sailing-wind-sat,files/ipc2026-dataset-main/sailing-wind-sat/domain.pddl,files/ipc2026-dataset-main/sailing-wind-sat/instances/problem_3.pddl
ENHSP,ipc2026-dataset-main/sailing-wind-sat,files/ipc2026-dataset-main/sailing-wind-sat/domain.pddl,files/ipc2026-dataset-main/sailing-wind-sat/instances/problem_3.pddl
PATTY,ipc2026-dataset-main/sailing-wind-sat,files/ipc2026-dataset-main/sailing-wind-sat/domain.pddl,files/ipc2026-dataset-main/sailing-wind-sat/instances/problem_4.pddl
PATTY-BV,ipc2026-dataset-main/sailing-wind-sat,files/ipc2026-dataset-main/sailing-wind-sat/domain.pddl,files/ipc2026-dataset-main/sailing-wind-sat/instances/problem_4.pddl
ENHSP,ipc2026-dataset-main/sailing-wind-sat,files/ipc2026-dataset-main/sailing-wind-sat/domain.pddl,files/ipc2026-dataset-main/sailing-wind-sat/instances/problem_4.pddl
PATTY,ipc2026-dataset-main/sailing-wind-sat,files/ipc2026-dataset-main/sailing-wind-sat/domain.pddl,files/ipc2026-dataset-main/sailing-wind-sat/instances/problem_5.pddl
PATTY-BV,ipc2026-dataset-main/sailing-wind-sat,files/ipc2026-dataset-main/sailing-wind-sat/domain.pddl,files/ipc2026-dataset-main/sailing-wind-sat/instances/problem_5.pddl
ENHSP,ipc2026-dataset-main/sailing-wind-sat,files/ipc2026-dataset-main/sailing-wind-sat/domain.pddl,files/ipc2026-dataset-main/sailing-wind-sat/instances/problem_5.pddl
PATTY,ipc2026-dataset-main/sailing-wind-sat,files/ipc2026-dataset-main/sailing-wind-sat/domain.pddl,files/ipc2026-dataset-main/sailing-wind-sat/instances/problem_6.pddl
PATTY-BV,ipc2026-dataset-main/sailing-wind-sat,files/ipc2026-dataset-main/sailing-wind-sat/domain.pddl,files/ipc2026-dataset-main/sailing-wind-sat/instances/problem_6.pddl
ENHSP,ipc2026-dataset-main/sailing-wind-sat,files/ipc2026-dataset-main/sailing-wind-sat/domain.pddl,files/ipc2026-dataset-main/sailing-wind-sat/instances/problem_6.pddl
PATTY,ipc2026-dataset-main/sailing-wind-sat,files/ipc2026-dataset-main/sailing-wind-sat/domain.pddl,files/ipc2026-dataset-main/sailing-wind-sat/instances/problem_7.pddl
PATTY-BV,ipc2026-dataset-main/sailing-wind-sat,files/ipc2026-dataset-main/sailing-wind-sat/domain.pddl,files/ipc2026-dataset-main/sailing-wind-sat/instances/problem_7.pddl
ENHSP,ipc2026-dataset-main/sailing-wind-sat,files/ipc2026-dataset-main/sailing-wind-sat/domain.pddl,files/ipc2026-dataset-main/sailing-wind-sat/instances/problem_7.pddl
PATTY,ipc2026-dataset-main/sailing-wind-sat,files/ipc2026-dataset-main/sailing-wind-sat/domain.pddl,files/ipc2026-dataset-main/sailing-wind-sat/instances/problem_8.pddl
PATTY-BV,ipc2026-dataset-main/sailing-wind-sat,files/ipc2026-dataset-main/sailing-wind-sat/domain.pddl,files/ipc2026-dataset-main/sailing-wind-sat/instances/problem_8.pddl
ENHSP,ipc2026-dataset-main/sailing-wind-sat,files/ipc2026-dataset-main/sailing-wind-sat/domain.pddl,files/ipc2026-dataset-main/sailing-wind-sat/instances/problem_8.pddl
PATTY,ipc2026-dataset-main/sailing-wind-sat,files/ipc2026-dataset-main/sailing-wind-sat/domain.pddl,files/ipc2026-dataset-main/sailing-wind-sat/instances/problem_9.pddl
PATTY-BV,ipc2026-dataset-main/sailing-wind-sat,files/ipc2026-dataset-main/sailing-wind-sat/domain.pddl,files/ipc2026-dataset-main/sailing-wind-sat/instances/problem_9.pddl
ENHSP,ipc2026-dataset-main/sailing-wind-sat,files/ipc2026-dataset-main/sailing-wind-sat/domain.pddl,files/ipc2026-dataset-main/sailing-wind-sat/instances/problem_9.pddl
PATTY,ipc2026-dataset-main/settlers-snp,files/ipc2026-dataset-main/settlers-snp/domain.pddl,files/ipc2026-dataset-main/settlers-snp/instances/pfile1.pddl
PATTY-BV,ipc2026-dataset-main/settlers-snp,files/ipc2026-dataset-main/settlers-snp/domain.pddl,files/ipc2026-dataset-main/settlers-snp/instances/pfile1.pddl
ENHSP,ipc2026-dataset-main/settlers-snp,files/ipc2026-dataset-main/settlers-snp/domain.pddl,files/ipc2026-dataset-main/settlers-snp/instances/pfile1.pddl
PATTY,ipc2026-dataset-main/settlers-snp,files/ipc2026-dataset-main/settlers-snp/domain.pddl,files/ipc2026-dataset-main/settlers-snp/instances/pfile10.pddl
PATTY-BV,ipc2026-dataset-main/settlers-snp,files/ipc2026-dataset-main/settlers-snp/domain.pddl,files/ipc2026-dataset-main/settlers-snp/instances/pfile10.pddl
ENHSP,ipc2026-dataset-main/settlers-snp,files/ipc2026-dataset-main/settlers-snp/domain.pddl,files/ipc2026-dataset-main/settlers-snp/instances/pfile10.pddl
PATTY,ipc2026-dataset-main/settlers-snp,files/ipc2026-dataset-main/settlers-snp/domain.pddl,files/ipc2026-dataset-main/settlers-snp/instances/pfile11.pddl
PATTY-BV,ipc2026-dataset-main/settlers-snp,files/ipc2026-dataset-main/settlers-snp/domain.pddl,files/ipc2026-dataset-main/settlers-snp/instances/pfile11.pddl
ENHSP,ipc2026-dataset-main/settlers-snp,files/ipc2026-dataset-main/settlers-snp/domain.pddl,files/ipc2026-dataset-main/settlers-snp/instances/pfile11.pddl
PATTY,ipc2026-dataset-main/settlers-snp,files/ipc2026-dataset-main/settlers-snp/domain.pddl,files/ipc2026-dataset-main/settlers-snp/instances/pfile12.pddl
PATTY-BV,ipc2026-dataset-main/settlers-snp,files/ipc2026-dataset-main/settlers-snp/domain.pddl,files/ipc2026-dataset-main/settlers-snp/instances/pfile12.pddl
ENHSP,ipc2026-dataset-main/settlers-snp,files/ipc2026-dataset-main/settlers-snp/domain.pddl,files/ipc2026-dataset-main/settlers-snp/instances/pfile12.pddl
PATTY,ipc2026-dataset-main/settlers-snp,files/ipc2026-dataset-main/settlers-snp/domain.pddl,files/ipc2026-dataset-main/settlers-snp/instances/pfile13.pddl
PATTY-BV,ipc2026-dataset-main/settlers-snp,files/ipc2026-dataset-main/settlers-snp/domain.pddl,files/ipc2026-dataset-main/settlers-snp/instances/pfile13.pddl
ENHSP,ipc2026-dataset-main/settlers-snp,files/ipc2026-dataset-main/settlers-snp/domain.pddl,files/ipc2026-dataset-main/settlers-snp/instances/pfile13.pddl
PATTY,ipc2026-dataset-main/settlers-snp,files/ipc2026-dataset-main/settlers-snp/domain.pddl,files/ipc2026-dataset-main/settlers-snp/instances/pfile14.pddl
PATTY-BV,ipc2026-dataset-main/settlers-snp,files/ipc2026-dataset-main/settlers-snp/domain.pddl,files/ipc2026-dataset-main/settlers-snp/instances/pfile14.pddl
ENHSP,ipc2026-dataset-main/settlers-snp,files/ipc2026-dataset-main/settlers-snp/domain.pddl,files/ipc2026-dataset-main/settlers-snp/instances/pfile14.pddl
PATTY,ipc2026-dataset-main/settlers-snp,files/ipc2026-dataset-main/settlers-snp/domain.pddl,files/ipc2026-dataset-main/settlers-snp/instances/pfile15.pddl
PATTY-BV,ipc2026-dataset-main/settlers-snp,files/ipc2026-dataset-main/settlers-snp/domain.pddl,files/ipc2026-dataset-main/settlers-snp/instances/pfile15.pddl
ENHSP,ipc2026-dataset-main/settlers-snp,files/ipc2026-dataset-main/settlers-snp/domain.pddl,files/ipc2026-dataset-main/settlers-snp/instances/pfile15.pddl
PATTY,ipc2026-dataset-main/settlers-snp,files/ipc2026-dataset-main/settlers-snp/domain.pddl,files/ipc2026-dataset-main/settlers-snp/instances/pfile16.pddl
PATTY-BV,ipc2026-dataset-main/settlers-snp,files/ipc2026-dataset-main/settlers-snp/domain.pddl,files/ipc2026-dataset-main/settlers-snp/instances/pfile16.pddl
ENHSP,ipc2026-dataset-main/settlers-snp,files/ipc2026-dataset-main/settlers-snp/domain.pddl,files/ipc2026-dataset-main/settlers-snp/instances/pfile16.pddl
PATTY,ipc2026-dataset-main/settlers-snp,files/ipc2026-dataset-main/settlers-snp/domain.pddl,files/ipc2026-dataset-main/settlers-snp/instances/pfile17.pddl
PATTY-BV,ipc2026-dataset-main/settlers-snp,files/ipc2026-dataset-main/settlers-snp/domain.pddl,files/ipc2026-dataset-main/settlers-snp/instances/pfile17.pddl
ENHSP,ipc2026-dataset-main/settlers-snp,files/ipc2026-dataset-main/settlers-snp/domain.pddl,files/ipc2026-dataset-main/settlers-snp/instances/pfile17.pddl
PATTY,ipc2026-dataset-main/settlers-snp,files/ipc2026-dataset-main/settlers-snp/domain.pddl,files/ipc2026-dataset-main/settlers-snp/instances/pfile18.pddl
PATTY-BV,ipc2026-dataset-main/settlers-snp,files/ipc2026-dataset-main/settlers-snp/domain.pddl,files/ipc2026-dataset-main/settlers-snp/instances/pfile18.pddl
ENHSP,ipc2026-dataset-main/settlers-snp,files/ipc2026-dataset-main/settlers-snp/domain.pddl,files/ipc2026-dataset-main/settlers-snp/instances/pfile18.pddl
PATTY,ipc2026-dataset-main/settlers-snp,files/ipc2026-dataset-main/settlers-snp/domain.pddl,files/ipc2026-dataset-main/settlers-snp/instances/pfile19.pddl
PATTY-BV,ipc2026-dataset-main/settlers-snp,files/ipc2026-dataset-main/settlers-snp/domain.pddl,files/ipc2026-dataset-main/settlers-snp/instances/pfile19.pddl
ENHSP,ipc2026-dataset-main/settlers-snp,files/ipc2026-dataset-main/settlers-snp/domain.pddl,files/ipc2026-dataset-main/settlers-snp/instances/pfile19.pddl
PATTY,ipc2026-dataset-main/settlers-snp,files/ipc2026-dataset-main/settlers-snp/domain.pddl,files/ipc2026-dataset-main/settlers-snp/instances/pfile2.pddl
PATTY-BV,ipc2026-dataset-main/settlers-snp,files/ipc2026-dataset-main/settlers-snp/domain.pddl,files/ipc2026-dataset-main/settlers-snp/instances/pfile2.pddl
ENHSP,ipc2026-dataset-main/settlers-snp,files/ipc2026-dataset-main/settlers-snp/domain.pddl,files/ipc2026-dataset-main/settlers-snp/instances/pfile2.pddl
PATTY,ipc2026-dataset-main/settlers-snp,files/ipc2026-dataset-main/settlers-snp/domain.pddl,files/ipc2026-dataset-main/settlers-snp/instances/pfile20.pddl
PATTY-BV,ipc2026-dataset-main/settlers-snp,files/ipc2026-dataset-main/settlers-snp/domain.pddl,files/ipc2026-dataset-main/settlers-snp/instances/pfile20.pddl
ENHSP,ipc2026-dataset-main/settlers-snp,files/ipc2026-dataset-main/settlers-snp/domain.pddl,files/ipc2026-dataset-main/settlers-snp/instances/pfile20.pddl
PATTY,ipc2026-dataset-main/settlers-snp,files/ipc2026-dataset-main/settlers-snp/domain.pddl,files/ipc2026-dataset-main/settlers-snp/instances/pfile3.pddl
PATTY-BV,ipc2026-dataset-main/settlers-snp,files/ipc2026-dataset-main/settlers-snp/domain.pddl,files/ipc2026-dataset-main/settlers-snp/instances/pfile3.pddl
ENHSP,ipc2026-dataset-main/settlers-snp,files/ipc2026-dataset-main/settlers-snp/domain.pddl,files/ipc2026-dataset-main/settlers-snp/instances/pfile3.pddl
PATTY,ipc2026-dataset-main/settlers-snp,files/ipc2026-dataset-main/settlers-snp/domain.pddl,files/ipc2026-dataset-main/settlers-snp/instances/pfile4.pddl
PATTY-BV,ipc2026-dataset-main/settlers-snp,files/ipc2026-dataset-main/settlers-snp/domain.pddl,files/ipc2026-dataset-main/settlers-snp/instances/pfile4.pddl
ENHSP,ipc2026-dataset-main/settlers-snp,files/ipc2026-dataset-main/settlers-snp/domain.pddl,files/ipc2026-dataset-main/settlers-snp/instances/pfile4.pddl
PATTY,ipc2026-dataset-main/settlers-snp,files/ipc2026-dataset-main/settlers-snp/domain.pddl,files/ipc2026-dataset-main/settlers-snp/instances/pfile5.pddl
PATTY-BV,ipc2026-dataset-main/settlers-snp,files/ipc2026-dataset-main/settlers-snp/domain.pddl,files/ipc2026-dataset-main/settlers-snp/instances/pfile5.pddl
ENHSP,ipc2026-dataset-main/settlers-snp,files/ipc2026-dataset-main/settlers-snp/domain.pddl,files/ipc2026-dataset-main/settlers-snp/instances/pfile5.pddl
PATTY,ipc2026-dataset-main/settlers-snp,files/ipc2026-dataset-main/settlers-snp/domain.pddl,files/ipc2026-dataset-main/settlers-snp/instances/pfile6.pddl
PATTY-BV,ipc2026-dataset-main/settlers-snp,files/ipc2026-dataset-main/settlers-snp/domain.pddl,files/ipc2026-dataset-main/settlers-snp/instances/pfile6.pddl
ENHSP,ipc2026-dataset-main/settlers-snp,files/ipc2026-dataset-main/settlers-snp/domain.pddl,files/ipc2026-dataset-main/settlers-snp/instances/pfile6.pddl
PATTY,ipc2026-dataset-main/settlers-snp,files/ipc2026-dataset-main/settlers-snp/domain.pddl,files/ipc2026-dataset-main/settlers-snp/instances/pfile7.pddl
PATTY-BV,ipc2026-dataset-main/settlers-snp,files/ipc2026-dataset-main/settlers-snp/domain.pddl,files/ipc2026-dataset-main/settlers-snp/instances/pfile7.pddl
ENHSP,ipc2026-dataset-main/settlers-snp,files/ipc2026-dataset-main/settlers-snp/domain.pddl,files/ipc2026-dataset-main/settlers-snp/instances/pfile7.pddl
PATTY,ipc2026-dataset-main/settlers-snp,files/ipc2026-dataset-main/settlers-snp/domain.pddl,files/ipc2026-dataset-main/settlers-snp/instances/pfile8.pddl
PATTY-BV,ipc2026-dataset-main/settlers-snp,files/ipc2026-dataset-main/settlers-snp/domain.pddl,files/ipc2026-dataset-main/settlers-snp/instances/pfile8.pddl
ENHSP,ipc2026-dataset-main/settlers-snp,files/ipc2026-dataset-main/settlers-snp/domain.pddl,files/ipc2026-dataset-main/settlers-snp/instances/pfile8.pddl
PATTY,ipc2026-dataset-main/settlers-snp,files/ipc2026-dataset-main/settlers-snp/domain.pddl,files/ipc2026-dataset-main/settlers-snp/instances/pfile9.pddl
PATTY-BV,ipc2026-dataset-main/settlers-snp,files/ipc2026-dataset-main/settlers-snp/domain.pddl,files/ipc2026-dataset-main/settlers-snp/instances/pfile9.pddl
ENHSP,ipc2026-dataset-main/settlers-snp,files/ipc2026-dataset-main/settlers-snp/domain.pddl,files/ipc2026-dataset-main/settlers-snp/instances/pfile9.pddl
PATTY,ipc2026-dataset-main/ztalloc-sum,files/ipc2026-dataset-main/ztalloc-sum/domain.pddl,files/ipc2026-dataset-main/ztalloc-sum/instances/pfile1.pddl
PATTY-BV,ipc2026-dataset-main/ztalloc-sum,files/ipc2026-dataset-main/ztalloc-sum/domain.pddl,files/ipc2026-dataset-main/ztalloc-sum/instances/pfile1.pddl
ENHSP,ipc2026-dataset-main/ztalloc-sum,files/ipc2026-dataset-main/ztalloc-sum/domain.pddl,files/ipc2026-dataset-main/ztalloc-sum/instances/pfile1.pddl
PATTY,ipc2026-dataset-main/ztalloc-sum,files/ipc2026-dataset-main/ztalloc-sum/domain.pddl,files/ipc2026-dataset-main/ztalloc-sum/instances/pfile10.pddl
PATTY-BV,ipc2026-dataset-main/ztalloc-sum,files/ipc2026-dataset-main/ztalloc-sum/domain.pddl,files/ipc2026-dataset-main/ztalloc-sum/instances/pfile10.pddl
ENHSP,ipc2026-dataset-main/ztalloc-sum,files/ipc2026-dataset-main/ztalloc-sum/domain.pddl,files/ipc2026-dataset-main/ztalloc-sum/instances/pfile10.pddl
PATTY,ipc2026-dataset-main/ztalloc-sum,files/ipc2026-dataset-main/ztalloc-sum/domain.pddl,files/ipc2026-dataset-main/ztalloc-sum/instances/pfile11.pddl
PATTY-BV,ipc2026-dataset-main/ztalloc-sum,files/ipc2026-dataset-main/ztalloc-sum/domain.pddl,files/ipc2026-dataset-main/ztalloc-sum/instances/pfile11.pddl
ENHSP,ipc2026-dataset-main/ztalloc-sum,files/ipc2026-dataset-main/ztalloc-sum/domain.pddl,files/ipc2026-dataset-main/ztalloc-sum/instances/pfile11.pddl
PATTY,ipc2026-dataset-main/ztalloc-sum,files/ipc2026-dataset-main/ztalloc-sum/domain.pddl,files/ipc2026-dataset-main/ztalloc-sum/instances/pfile12.pddl
PATTY-BV,ipc2026-dataset-main/ztalloc-sum,files/ipc2026-dataset-main/ztalloc-sum/domain.pddl,files/ipc2026-dataset-main/ztalloc-sum/instances/pfile12.pddl
ENHSP,ipc2026-dataset-main/ztalloc-sum,files/ipc2026-dataset-main/ztalloc-sum/domain.pddl,files/ipc2026-dataset-main/ztalloc-sum/instances/pfile12.pddl
PATTY,ipc2026-dataset-main/ztalloc-sum,files/ipc2026-dataset-main/ztalloc-sum/domain.pddl,files/ipc2026-dataset-main/ztalloc-sum/instances/pfile13.pddl
PATTY-BV,ipc2026-dataset-main/ztalloc-sum,files/ipc2026-dataset-main/ztalloc-sum/domain.pddl,files/ipc2026-dataset-main/ztalloc-sum/instances/pfile13.pddl
ENHSP,ipc2026-dataset-main/ztalloc-sum,files/ipc2026-dataset-main/ztalloc-sum/domain.pddl,files/ipc2026-dataset-main/ztalloc-sum/instances/pfile13.pddl
PATTY,ipc2026-dataset-main/ztalloc-sum,files/ipc2026-dataset-main/ztalloc-sum/domain.pddl,files/ipc2026-dataset-main/ztalloc-sum/instances/pfile14.pddl
PATTY-BV,ipc2026-dataset-main/ztalloc-sum,files/ipc2026-dataset-main/ztalloc-sum/domain.pddl,files/ipc2026-dataset-main/ztalloc-sum/instances/pfile14.pddl
ENHSP,ipc2026-dataset-main/ztalloc-sum,files/ipc2026-dataset-main/ztalloc-sum/domain.pddl,files/ipc2026-dataset-main/ztalloc-sum/instances/pfile14.pddl
PATTY,ipc2026-dataset-main/ztalloc-sum,files/ipc2026-dataset-main/ztalloc-sum/domain.pddl,files/ipc2026-dataset-main/ztalloc-sum/instances/pfile15.pddl
PATTY-BV,ipc2026-dataset-main/ztalloc-sum,files/ipc2026-dataset-main/ztalloc-sum/domain.pddl,files/ipc2026-dataset-main/ztalloc-sum/instances/pfile15.pddl
ENHSP,ipc2026-dataset-main/ztalloc-sum,files/ipc2026-dataset-main/ztalloc-sum/domain.pddl,files/ipc2026-dataset-main/ztalloc-sum/instances/pfile15.pddl
PATTY,ipc2026-dataset-main/ztalloc-sum,files/ipc2026-dataset-main/ztalloc-sum/domain.pddl,files/ipc2026-dataset-main/ztalloc-sum/instances/pfile16.pddl
PATTY-BV,ipc2026-dataset-main/ztalloc-sum,files/ipc2026-dataset-main/ztalloc-sum/domain.pddl,files/ipc2026-dataset-main/ztalloc-sum/instances/pfile16.pddl
ENHSP,ipc2026-dataset-main/ztalloc-sum,files/ipc2026-dataset-main/ztalloc-sum/domain.pddl,files/ipc2026-dataset-main/ztalloc-sum/instances/pfile16.pddl
PATTY,ipc2026-dataset-main/ztalloc-sum,files/ipc2026-dataset-main/ztalloc-sum/domain.pddl,files/ipc2026-dataset-main/ztalloc-sum/instances/pfile17.pddl
PATTY-BV,ipc2026-dataset-main/ztalloc-sum,files/ipc2026-dataset-main/ztalloc-sum/domain.pddl,files/ipc2026-dataset-main/ztalloc-sum/instances/pfile17.pddl
ENHSP,ipc2026-dataset-main/ztalloc-sum,files/ipc2026-dataset-main/ztalloc-sum/domain.pddl,files/ipc2026-dataset-main/ztalloc-sum/instances/pfile17.pddl
PATTY,ipc2026-dataset-main/ztalloc-sum,files/ipc2026-dataset-main/ztalloc-sum/domain.pddl,files/ipc2026-dataset-main/ztalloc-sum/instances/pfile18.pddl
PATTY-BV,ipc2026-dataset-main/ztalloc-sum,files/ipc2026-dataset-main/ztalloc-sum/domain.pddl,files/ipc2026-dataset-main/ztalloc-sum/instances/pfile18.pddl
ENHSP,ipc2026-dataset-main/ztalloc-sum,files/ipc2026-dataset-main/ztalloc-sum/domain.pddl,files/ipc2026-dataset-main/ztalloc-sum/instances/pfile18.pddl
PATTY,ipc2026-dataset-main/ztalloc-sum,files/ipc2026-dataset-main/ztalloc-sum/domain.pddl,files/ipc2026-dataset-main/ztalloc-sum/instances/pfile19.pddl
PATTY-BV,ipc2026-dataset-main/ztalloc-sum,files/ipc2026-dataset-main/ztalloc-sum/domain.pddl,files/ipc2026-dataset-main/ztalloc-sum/instances/pfile19.pddl
ENHSP,ipc2026-dataset-main/ztalloc-sum,files/ipc2026-dataset-main/ztalloc-sum/domain.pddl,files/ipc2026-dataset-main/ztalloc-sum/instances/pfile19.pddl
PATTY,ipc2026-dataset-main/ztalloc-sum,files/ipc2026-dataset-main/ztalloc-sum/domain.pddl,files/ipc2026-dataset-main/ztalloc-sum/instances/pfile2.pddl
PATTY-BV,ipc2026-dataset-main/ztalloc-sum,files/ipc2026-dataset-main/ztalloc-sum/domain.pddl,files/ipc2026-dataset-main/ztalloc-sum/instances/pfile2.pddl
ENHSP,ipc2026-dataset-main/ztalloc-sum,files/ipc2026-dataset-main/ztalloc-sum/domain.pddl,files/ipc2026-dataset-main/ztalloc-sum/instances/pfile2.pddl
PATTY,ipc2026-dataset-main/ztalloc-sum,files/ipc2026-dataset-main/ztalloc-sum/domain.pddl,files/ipc2026-dataset-main/ztalloc-sum/instances/pfile20.pddl
PATTY-BV,ipc2026-dataset-main/ztalloc-sum,files/ipc2026-dataset-main/ztalloc-sum/domain.pddl,files/ipc2026-dataset-main/ztalloc-sum/instances/pfile20.pddl
ENHSP,ipc2026-dataset-main/ztalloc-sum,files/ipc2026-dataset-main/ztalloc-sum/domain.pddl,files/ipc2026-dataset-main/ztalloc-sum/instances/pfile20.pddl
PATTY,ipc2026-dataset-main/ztalloc-sum,files/ipc2026-dataset-main/ztalloc-sum/domain.pddl,files/ipc2026-dataset-main/ztalloc-sum/instances/pfile3.pddl
PATTY-BV,ipc2026-dataset-main/ztalloc-sum,files/ipc2026-dataset-main/ztalloc-sum/domain.pddl,files/ipc2026-dataset-main/ztalloc-sum/instances/pfile3.pddl
ENHSP,ipc2026-dataset-main/ztalloc-sum,files/ipc2026-dataset-main/ztalloc-sum/domain.pddl,files/ipc2026-dataset-main/ztalloc-sum/instances/pfile3.pddl
PATTY,ipc2026-dataset-main/ztalloc-sum,files/ipc2026-dataset-main/ztalloc-sum/domain.pddl,files/ipc2026-dataset-main/ztalloc-sum/instances/pfile4.pddl
PATTY-BV,ipc2026-dataset-main/ztalloc-sum,files/ipc2026-dataset-main/ztalloc-sum/domain.pddl,files/ipc2026-dataset-main/ztalloc-sum/instances/pfile4.pddl
ENHSP,ipc2026-dataset-main/ztalloc-sum,files/ipc2026-dataset-main/ztalloc-sum/domain.pddl,files/ipc2026-dataset-main/ztalloc-sum/instances/pfile4.pddl
PATTY,ipc2026-dataset-main/ztalloc-sum,files/ipc2026-dataset-main/ztalloc-sum/domain.pddl,files/ipc2026-dataset-main/ztalloc-sum/instances/pfile5.pddl
PATTY-BV,ipc2026-dataset-main/ztalloc-sum,files/ipc2026-dataset-main/ztalloc-sum/domain.pddl,files/ipc2026-dataset-main/ztalloc-sum/instances/pfile5.pddl
ENHSP,ipc2026-dataset-main/ztalloc-sum,files/ipc2026-dataset-main/ztalloc-sum/domain.pddl,files/ipc2026-dataset-main/ztalloc-sum/instances/pfile5.pddl
PATTY,ipc2026-dataset-main/ztalloc-sum,files/ipc2026-dataset-main/ztalloc-sum/domain.pddl,files/ipc2026-dataset-main/ztalloc-sum/instances/pfile6.pddl
PATTY-BV,ipc2026-dataset-main/ztalloc-sum,files/ipc2026-dataset-main/ztalloc-sum/domain.pddl,files/ipc2026-dataset-main/ztalloc-sum/instances/pfile6.pddl
ENHSP,ipc2026-dataset-main/ztalloc-sum,files/ipc2026-dataset-main/ztalloc-sum/domain.pddl,files/ipc2026-dataset-main/ztalloc-sum/instances/pfile6.pddl
PATTY,ipc2026-dataset-main/ztalloc-sum,files/ipc2026-dataset-main/ztalloc-sum/domain.pddl,files/ipc2026-dataset-main/ztalloc-sum/instances/pfile7.pddl
PATTY-BV,ipc2026-dataset-main/ztalloc-sum,files/ipc2026-dataset-main/ztalloc-sum/domain.pddl,files/ipc2026-dataset-main/ztalloc-sum/instances/pfile7.pddl
ENHSP,ipc2026-dataset-main/ztalloc-sum,files/ipc2026-dataset-main/ztalloc-sum/domain.pddl,files/ipc2026-dataset-main/ztalloc-sum/instances/pfile7.pddl
PATTY,ipc2026-dataset-main/ztalloc-sum,files/ipc2026-dataset-main/ztalloc-sum/domain.pddl,files/ipc2026-dataset-main/ztalloc-sum/instances/pfile8.pddl
PATTY-BV,ipc2026-dataset-main/ztalloc-sum,files/ipc2026-dataset-main/ztalloc-sum/domain.pddl,files/ipc2026-dataset-main/ztalloc-sum/instances/pfile8.pddl
ENHSP,ipc2026-dataset-main/ztalloc-sum,files/ipc2026-dataset-main/ztalloc-sum/domain.pddl,files/ipc2026-dataset-main/ztalloc-sum/instances/pfile8.pddl
PATTY,ipc2026-dataset-main/ztalloc-sum,files/ipc2026-dataset-main/ztalloc-sum/domain.pddl,files/ipc2026-dataset-main/ztalloc-sum/instances/pfile9.pddl
PATTY-BV,ipc2026-dataset-main/ztalloc-sum,files/ipc2026-dataset-main/ztalloc-sum/domain.pddl,files/ipc2026-dataset-main/ztalloc-sum/instances/pfile9.pddl
ENHSP,ipc2026-dataset-main/ztalloc-sum,files/ipc2026-dataset-main/ztalloc-sum/domain.pddl,files/ipc2026-dataset-main/ztalloc-sum/instances/pfile9.pddl
PATTY,line-exchange,files/line-exchange/domain.pddl,files/line-exchange/instances/2_10_25_10.pddl
PATTY-BV,line-exchange,files/line-exchange/domain.pddl,files/line-exchange/instances/2_10_25_10.pddl
ENHSP,line-exchange,files/line-exchange/domain.pddl,files/line-exchange/instances/2_10_25_10.pddl
PATTY,line-exchange,files/line-exchange/domain.pddl,files/line-exchange/instances/2_10_25_100.pddl
PATTY-BV,line-exchange,files/line-exchange/domain.pddl,files/line-exchange/instances/2_10_25_100.pddl
ENHSP,line-exchange,files/line-exchange/domain.pddl,files/line-exchange/instances/2_10_25_100.pddl
PATTY,line-exchange,files/line-exchange/domain.pddl,files/line-exchange/instances/2_10_25_50.pddl
PATTY-BV,line-exchange,files/line-exchange/domain.pddl,files/line-exchange/instances/2_10_25_50.pddl
ENHSP,line-exchange,files/line-exchange/domain.pddl,files/line-exchange/instances/2_10_25_50.pddl
PATTY,line-exchange,files/line-exchange/domain.pddl,files/line-exchange/instances/2_10_50_10.pddl
PATTY-BV,line-exchange,files/line-exchange/domain.pddl,files/line-exchange/instances/2_10_50_10.pddl
ENHSP,line-exchange,files/line-exchange/domain.pddl,files/line-exchange/instances/2_10_50_10.pddl
PATTY,line-exchange,files/line-exchange/domain.pddl,files/line-exchange/instances/2_10_50_100.pddl
PATTY-BV,line-exchange,files/line-exchange/domain.pddl,files/line-exchange/instances/2_10_50_100.pddl
ENHSP,line-exchange,files/line-exchange/domain.pddl,files/line-exchange/instances/2_10_50_100.pddl
PATTY,line-exchange,files/line-exchange/domain.pddl,files/line-exchange/instances/2_10_50_50.pddl
PATTY-BV,line-exchange,files/line-exchange/domain.pddl,files/line-exchange/instances/2_10_50_50.pddl
ENHSP,line-exchange,files/line-exchange/domain.pddl,files/line-exchange/instances/2_10_50_50.pddl
PATTY,line-exchange,files/line-exchange/domain.pddl,files/line-exchange/instances/2_10_90_10.pddl
PATTY-BV,line-exchange,files/line-exchange/domain.pddl,files/line-exchange/instances/2_10_90_10.pddl
ENHSP,line-exchange,files/line-exchange/domain.pddl,files/line-exchange/instances/2_10_90_10.pddl
PATTY,line-exchange,files/line-exchange/domain.pddl,files/line-exchange/instances/2_10_90_100.pddl
PATTY-BV,line-exchange,files/line-exchange/domain.pddl,files/line-exchange/instances/2_10_90_100.pddl
ENHSP,line-exchange,files/line-exchange/domain.pddl,files/line-exchange/instances/2_10_90_100.pddl
PATTY,line-exchange,files/line-exchange/domain.pddl,files/line-exchange/instances/2_10_90_50.pddl
PATTY-BV,line-exchange,files/line-exchange/domain.pddl,files/line-exchange/instances/2_10_90_50.pddl
ENHSP,line-exchange,files/line-exchange/domain.pddl,files/line-exchange/instances/2_10_90_50.pddl
PATTY,line-exchange,files/line-exchange/domain.pddl,files/line-exchange/instances/2_15_25_10.pddl
PATTY-BV,line-exchange,files/line-exchange/domain.pddl,files/line-exchange/instances/2_15_25_10.pddl
ENHSP,line-exchange,files/line-exchange/domain.pddl,files/line-exchange/instances/2_15_25_10.pddl
PATTY,line-exchange,files/line-exchange/domain.pddl,files/line-exchange/instances/2_15_25_100.pddl
PATTY-BV,line-exchange,files/line-exchange/domain.pddl,files/line-exchange/instances/2_15_25_100.pddl
ENHSP,line-exchange,files/line-exchange/domain.pddl,files/line-exchange/instances/2_15_25_100.pddl
PATTY,line-exchange,files/line-exchange/domain.pddl,files/line-exchange/instances/2_15_25_50.pddl
PATTY-BV,line-exchange,files/line-exchange/domain.pddl,files/line-exchange/instances/2_15_25_50.pddl
ENHSP,line-exchange,files/line-exchange/domain.pddl,files/line-exchange/instances/2_15_25_50.pddl
PATTY,line-exchange,files/line-exchange/domain.pddl,files/line-exchange/instances/2_15_50_10.pddl
PATTY-BV,line-exchange,files/line-exchange/domain.pddl,files/line-exchange/instances/2_15_50_10.pddl
ENHSP,line-exchange,files/line-exchange/domain.pddl,files/line-exchange/instances/2_15_50_10.pddl
PATTY,line-exchange,files/line-exchange/domain.pddl,files/line-exchange/instances/2_15_50_100.pddl
PATTY-BV,line-exchange,files/line-exchange/domain.pddl,files/line-exchange/instances/2_15_50_100.pddl
ENHSP,line-exchange,files/line-exchange/domain.pddl,files/line-exchange/instances/2_15_50_100.pddl
PATTY,line-exchange,files/line-exchange/domain.pddl,files/line-exchange/instances/2_15_50_50.pddl
PATTY-BV,line-exchange,files/line-exchange/domain.pddl,files/line-exchange/instances/2_15_50_50.pddl
ENHSP,line-exchange,files/line-exchange/domain.pddl,files/line-exchange/instances/2_15_50_50.pddl
PATTY,line-exchange,files/line-exchange/domain.pddl,files/line-exchange/instances/2_15_90_10.pddl
PATTY-BV,line-exchange,files/line-exchange/domain.pddl,files/line-exchange/instances/2_15_90_10.pddl
ENHSP,line-exchange,files/line-exchange/domain.pddl,files/line-exchange/instances/2_15_90_10.pddl
PATTY,line-exchange,files/line-exchange/domain.pddl,files/line-exchange/instances/2_15_90_100.pddl
PATTY-BV,line-exchange,files/line-exchange/domain.pddl,files/line-exchange/instances/2_15_90_100.pddl
ENHSP,line-exchange,files/line-exchange/domain.pddl,files/line-exchange/instances/2_15_90_100.pddl
PATTY,line-exchange,files/line-exchange/domain.pddl,files/line-exchange/instances/2_15_90_50.pddl
PATTY-BV,line-exchange,files/line-exchange/domain.pddl,files/line-exchange/instances/2_15_90_50.pddl
ENHSP,line-exchange,files/line-exchange/domain.pddl,files/line-exchange/instances/2_15_90_50.pddl
PATTY,line-exchange,files/line-exchange/domain.pddl,files/line-exchange/instances/2_5_25_10.pddl
PATTY-BV,line-exchange,files/line-exchange/domain.pddl,files/line-exchange/instances/2_5_25_10.pddl
ENHSP,line-exchange,files/line-exchange/domain.pddl,files/line-exchange/instances/2_5_25_10.pddl
PATTY,line-exchange,files/line-exchange/domain.pddl,files/line-exchange/instances/2_5_25_100.pddl
PATTY-BV,line-exchange,files/line-exchange/domain.pddl,files/line-exchange/instances/2_5_25_100.pddl
ENHSP,line-exchange,files/line-exchange/domain.pddl,files/line-exchange/instances/2_5_25_100.pddl
PATTY,line-exchange,files/line-exchange/domain.pddl,files/line-exchange/instances/2_5_25_50.pddl
PATTY-BV,line-exchange,files/line-exchange/domain.pddl,files/line-exchange/instances/2_5_25_50.pddl
ENHSP,line-exchange,files/line-exchange/domain.pddl,files/line-exchange/instances/2_5_25_50.pddl
PATTY,line-exchange,files/line-exchange/domain.pddl,files/line-exchange/instances/2_5_50_10.pddl
PATTY-BV,line-exchange,files/line-exchange/domain.pddl,files/line-exchange/instances/2_5_50_10.pddl
ENHSP,line-exchange,files/line-exchange/domain.pddl,files/line-exchange/instances/2_5_50_10.pddl
PATTY,line-exchange,files/line-exchange/domain.pddl,files/line-exchange/instances/2_5_50_100.pddl
PATTY-BV,line-exchange,files/line-exchange/domain.pddl,files/line-exchange/instances/2_5_50_100.pddl
ENHSP,line-exchange,files/line-exchange/domain.pddl,files/line-exchange/instances/2_5_50_100.pddl
PATTY,line-exchange,files/line-exchange/domain.pddl,files/line-exchange/instances/2_5_50_50.pddl
PATTY-BV,line-exchange,files/line-exchange/domain.pddl,files/line-exchange/instances/2_5_50_50.pddl
ENHSP,line-exchange,files/line-exchange/domain.pddl,files/line-exchange/instances/2_5_50_50.pddl
PATTY,line-exchange,files/line-exchange/domain.pddl,files/line-exchange/instances/2_5_90_10.pddl
PATTY-BV,line-exchange,files/line-exchange/domain.pddl,files/line-exchange/instances/2_5_90_10.pddl
ENHSP,line-exchange,files/line-exchange/domain.pddl,files/line-exchange/instances/2_5_90_10.pddl
PATTY,line-exchange,files/line-exchange/domain.pddl,files/line-exchange/instances/2_5_90_100.pddl
PATTY-BV,line-exchange,files/line-exchange/domain.pddl,files/line-exchange/instances/2_5_90_100.pddl
ENHSP,line-exchange,files/line-exchange/domain.pddl,files/line-exchange/instances/2_5_90_100.pddl
PATTY,line-exchange,files/line-exchange/domain.pddl,files/line-exchange/instances/2_5_90_50.pddl
PATTY-BV,line-exchange,files/line-exchange/domain.pddl,files/line-exchange/instances/2_5_90_50.pddl
ENHSP,line-exchange,files/line-exchange/domain.pddl,files/line-exchange/instances/2_5_90_50.pddl
PATTY,line-exchange,files/line-exchange/domain.pddl,files/line-exchange/instances/3_10_25_10.pddl
PATTY-BV,line-exchange,files/line-exchange/domain.pddl,files/line-exchange/instances/3_10_25_10.pddl
ENHSP,line-exchange,files/line-exchange/domain.pddl,files/line-exchange/instances/3_10_25_10.pddl
PATTY,line-exchange,files/line-exchange/domain.pddl,files/line-exchange/instances/3_10_25_100.pddl
PATTY-BV,line-exchange,files/line-exchange/domain.pddl,files/line-exchange/instances/3_10_25_100.pddl
ENHSP,line-exchange,files/line-exchange/domain.pddl,files/line-exchange/instances/3_10_25_100.pddl
PATTY,line-exchange,files/line-exchange/domain.pddl,files/line-exchange/instances/3_10_25_50.pddl
PATTY-BV,line-exchange,files/line-exchange/domain.pddl,files/line-exchange/instances/3_10_25_50.pddl
ENHSP,line-exchange,files/line-exchange/domain.pddl,files/line-exchange/instances/3_10_25_50.pddl
PATTY,line-exchange,files/line-exchange/domain.pddl,files/line-exchange/instances/3_10_50_10.pddl
PATTY-BV,line-exchange,files/line-exchange/domain.pddl,files/line-exchange/instances/3_10_50_10.pddl
ENHSP,line-exchange,files/line-exchange/domain.pddl,files/line-exchange/instances/3_10_50_10.pddl
PATTY,line-exchange,files/line-exchange/domain.pddl,files/line-exchange/instances/3_10_50_100.pddl
PATTY-BV,line-exchange,files/line-exchange/domain.pddl,files/line-exchange/instances/3_10_50_100.pddl
ENHSP,line-exchange,files/line-exchange/domain.pddl,files/line-exchange/instances/3_10_50_100.pddl
PATTY,line-exchange,files/line-exchange/domain.pddl,files/line-exchange/instances/3_10_50_50.pddl
PATTY-BV,line-exchange,files/line-exchange/domain.pddl,files/line-exchange/instances/3_10_50_50.pddl
ENHSP,line-exchange,files/line-exchange/domain.pddl,files/line-exchange/instances/3_10_50_50.pddl
PATTY,line-exchange,files/line-exchange/domain.pddl,files/line-exchange/instances/3_10_90_10.pddl
PATTY-BV,line-exchange,files/line-exchange/domain.pddl,files/line-exchange/instances/3_10_90_10.pddl
ENHSP,line-exchange,files/line-exchange/domain.pddl,files/line-exchange/instances/3_10_90_10.pddl
PATTY,line-exchange,files/line-exchange/domain.pddl,files/line-exchange/instances/3_10_90_100.pddl
PATTY-BV,line-exchange,files/line-exchange/domain.pddl,files/line-exchange/instances/3_10_90_100.pddl
ENHSP,line-exchange,files/line-exchange/domain.pddl,files/line-exchange/instances/3_10_90_100.pddl
PATTY,line-exchange,files/line-exchange/domain.pddl,files/line-exchange/instances/3_10_90_50.pddl
PATTY-BV,line-exchange,files/line-exchange/domain.pddl,files/line-exchange/instances/3_10_90_50.pddl
ENHSP,line-exchange,files/line-exchange/domain.pddl,files/line-exchange/instances/3_10_90_50.pddl
PATTY,line-exchange,files/line-exchange/domain.pddl,files/line-exchange/instances/3_15_25_10.pddl
PATTY-BV,line-exchange,files/line-exchange/domain.pddl,files/line-exchange/instances/3_15_25_10.pddl
ENHSP,line-exchange,files/line-exchange/domain.pddl,files/line-exchange/instances/3_15_25_10.pddl
PATTY,line-exchange,files/line-exchange/domain.pddl,files/line-exchange/instances/3_15_25_100.pddl
PATTY-BV,line-exchange,files/line-exchange/domain.pddl,files/line-exchange/instances/3_15_25_100.pddl
ENHSP,line-exchange,files/line-exchange/domain.pddl,files/line-exchange/instances/3_15_25_100.pddl
PATTY,line-exchange,files/line-exchange/domain.pddl,files/line-exchange/instances/3_15_25_50.pddl
PATTY-BV,line-exchange,files/line-exchange/domain.pddl,files/line-exchange/instances/3_15_25_50.pddl
ENHSP,line-exchange,files/line-exchange/domain.pddl,files/line-exchange/instances/3_15_25_50.pddl
PATTY,line-exchange,files/line-exchange/domain.pddl,files/line-exchange/instances/3_15_50_10.pddl
PATTY-BV,line-exchange,files/line-exchange/domain.pddl,files/line-exchange/instances/3_15_50_10.pddl
ENHSP,line-exchange,files/line-exchange/domain.pddl,files/line-exchange/instances/3_15_50_10.pddl
PATTY,line-exchange,files/line-exchange/domain.pddl,files/line-exchange/instances/3_15_50_100.pddl
PATTY-BV,line-exchange,files/line-exchange/domain.pddl,files/line-exchange/instances/3_15_50_100.pddl
ENHSP,line-exchange,files/line-exchange/domain.pddl,files/line-exchange/instances/3_15_50_100.pddl
PATTY,line-exchange,files/line-exchange/domain.pddl,files/line-exchange/instances/3_15_50_50.pddl
PATTY-BV,line-exchange,files/line-exchange/domain.pddl,files/line-exchange/instances/3_15_50_50.pddl
ENHSP,line-exchange,files/line-exchange/domain.pddl,files/line-exchange/instances/3_15_50_50.pddl
PATTY,line-exchange,files/line-exchange/domain.pddl,files/line-exchange/instances/3_15_90_10.pddl
PATTY-BV,line-exchange,files/line-exchange/domain.pddl,files/line-exchange/instances/3_15_90_10.pddl
ENHSP,line-exchange,files/line-exchange/domain.pddl,files/line-exchange/instances/3_15_90_10.pddl
PATTY,line-exchange,files/line-exchange/domain.pddl,files/line-exchange/instances/3_15_90_100.pddl
PATTY-BV,line-exchange,files/line-exchange/domain.pddl,files/line-exchange/instances/3_15_90_100.pddl
ENHSP,line-exchange,files/line-exchange/domain.pddl,files/line-exchange/instances/3_15_90_100.pddl
PATTY,line-exchange,files/line-exchange/domain.pddl,files/line-exchange/instances/3_15_90_50.pddl
PATTY-BV,line-exchange,files/line-exchange/domain.pddl,files/line-exchange/instances/3_15_90_50.pddl
ENHSP,line-exchange,files/line-exchange/domain.pddl,files/line-exchange/instances/3_15_90_50.pddl
PATTY,line-exchange,files/line-exchange/domain.pddl,files/line-exchange/instances/3_5_25_10.pddl
PATTY-BV,line-exchange,files/line-exchange/domain.pddl,files/line-exchange/instances/3_5_25_10.pddl
ENHSP,line-exchange,files/line-exchange/domain.pddl,files/line-exchange/instances/3_5_25_10.pddl
PATTY,line-exchange,files/line-exchange/domain.pddl,files/line-exchange/instances/3_5_25_100.pddl
PATTY-BV,line-exchange,files/line-exchange/domain.pddl,files/line-exchange/instances/3_5_25_100.pddl
ENHSP,line-exchange,files/line-exchange/domain.pddl,files/line-exchange/instances/3_5_25_100.pddl
PATTY,line-exchange,files/line-exchange/domain.pddl,files/line-exchange/instances/3_5_25_50.pddl
PATTY-BV,line-exchange,files/line-exchange/domain.pddl,files/line-exchange/instances/3_5_25_50.pddl
ENHSP,line-exchange,files/line-exchange/domain.pddl,files/line-exchange/instances/3_5_25_50.pddl
PATTY,line-exchange,files/line-exchange/domain.pddl,files/line-exchange/instances/3_5_50_10.pddl
PATTY-BV,line-exchange,files/line-exchange/domain.pddl,files/line-exchange/instances/3_5_50_10.pddl
ENHSP,line-exchange,files/line-exchange/domain.pddl,files/line-exchange/instances/3_5_50_10.pddl
PATTY,line-exchange,files/line-exchange/domain.pddl,files/line-exchange/instances/3_5_50_100.pddl
PATTY-BV,line-exchange,files/line-exchange/domain.pddl,files/line-exchange/instances/3_5_50_100.pddl
ENHSP,line-exchange,files/line-exchange/domain.pddl,files/line-exchange/instances/3_5_50_100.pddl
PATTY,line-exchange,files/line-exchange/domain.pddl,files/line-exchange/instances/3_5_50_50.pddl
PATTY-BV,line-exchange,files/line-exchange/domain.pddl,files/line-exchange/instances/3_5_50_50.pddl
ENHSP,line-exchange,files/line-exchange/domain.pddl,files/line-exchange/instances/3_5_50_50.pddl
PATTY,line-exchange,files/line-exchange/domain.pddl,files/line-exchange/instances/3_5_90_10.pddl
PATTY-BV,line-exchange,files/line-exchange/domain.pddl,files/line-exchange/instances/3_5_90_10.pddl
ENHSP,line-exchange,files/line-exchange/domain.pddl,files/line-exchange/instances/3_5_90_10.pddl
PATTY,line-exchange,files/line-exchange/domain.pddl,files/line-exchange/instances/3_5_90_100.pddl
PATTY-BV,line-exchange,files/line-exchange/domain.pddl,files/line-exchange/instances/3_5_90_100.pddl
ENHSP,line-exchange,files/line-exchange/domain.pddl,files/line-exchange/instances/3_5_90_100.pddl
PATTY,line-exchange,files/line-exchange/domain.pddl,files/line-exchange/instances/3_5_90_50.pddl
PATTY-BV,line-exchange,files/line-exchange/domain.pddl,files/line-exchange/instances/3_5_90_50.pddl
ENHSP,line-exchange,files/line-exchange/domain.pddl,files/line-exchange/instances/3_5_90_50.pddl
PATTY,line-exchange,files/line-exchange/domain.pddl,files/line-exchange/instances/4_10_25_10.pddl
PATTY-BV,line-exchange,files/line-exchange/domain.pddl,files/line-exchange/instances/4_10_25_10.pddl
ENHSP,line-exchange,files/line-exchange/domain.pddl,files/line-exchange/instances/4_10_25_10.pddl
PATTY,line-exchange,files/line-exchange/domain.pddl,files/line-exchange/instances/4_10_25_100.pddl
PATTY-BV,line-exchange,files/line-exchange/domain.pddl,files/line-exchange/instances/4_10_25_100.pddl
ENHSP,line-exchange,files/line-exchange/domain.pddl,files/line-exchange/instances/4_10_25_100.pddl
PATTY,line-exchange,files/line-exchange/domain.pddl,files/line-exchange/instances/4_10_25_50.pddl
PATTY-BV,line-exchange,files/line-exchange/domain.pddl,files/line-exchange/instances/4_10_25_50.pddl
ENHSP,line-exchange,files/line-exchange/domain.pddl,files/line-exchange/instances/4_10_25_50.pddl
PATTY,line-exchange,files/line-exchange/domain.pddl,files/line-exchange/instances/4_10_50_10.pddl
PATTY-BV,line-exchange,files/line-exchange/domain.pddl,files/line-exchange/instances/4_10_50_10.pddl
ENHSP,line-exchange,files/line-exchange/domain.pddl,files/line-exchange/instances/4_10_50_10.pddl
PATTY,line-exchange,files/line-exchange/domain.pddl,files/line-exchange/instances/4_10_50_100.pddl
PATTY-BV,line-exchange,files/line-exchange/domain.pddl,files/line-exchange/instances/4_10_50_100.pddl
ENHSP,line-exchange,files/line-exchange/domain.pddl,files/line-exchange/instances/4_10_50_100.pddl
PATTY,line-exchange,files/line-exchange/domain.pddl,files/line-exchange/instances/4_10_50_50.pddl
PATTY-BV,line-exchange,files/line-exchange/domain.pddl,files/line-exchange/instances/4_10_50_50.pddl
ENHSP,line-exchange,files/line-exchange/domain.pddl,files/line-exchange/instances/4_10_50_50.pddl
PATTY,line-exchange,files/line-exchange/domain.pddl,files/line-exchange/instances/4_10_90_10.pddl
PATTY-BV,line-exchange,files/line-exchange/domain.pddl,files/line-exchange/instances/4_10_90_10.pddl
ENHSP,line-exchange,files/line-exchange/domain.pddl,files/line-exchange/instances/4_10_90_10.pddl
PATTY,line-exchange,files/line-exchange/domain.pddl,files/line-exchange/instances/4_10_90_100.pddl
PATTY-BV,line-exchange,files/line-exchange/domain.pddl,files/line-exchange/instances/4_10_90_100.pddl
ENHSP,line-exchange,files/line-exchange/domain.pddl,files/line-exchange/instances/4_10_90_100.pddl
PATTY,line-exchange,files/line-exchange/domain.pddl,files/line-exchange/instances/4_10_90_50.pddl
PATTY-BV,line-exchange,files/line-exchange/domain.pddl,files/line-exchange/instances/4_10_90_50.pddl
ENHSP,line-exchange,files/line-exchange/domain.pddl,files/line-exchange/instances/4_10_90_50.pddl
PATTY,line-exchange,files/line-exchange/domain.pddl,files/line-exchange/instances/4_15_25_10.pddl
PATTY-BV,line-exchange,files/line-exchange/domain.pddl,files/line-exchange/instances/4_15_25_10.pddl
ENHSP,line-exchange,files/line-exchange/domain.pddl,files/line-exchange/instances/4_15_25_10.pddl
PATTY,line-exchange,files/line-exchange/domain.pddl,files/line-exchange/instances/4_15_25_100.pddl
PATTY-BV,line-exchange,files/line-exchange/domain.pddl,files/line-exchange/instances/4_15_25_100.pddl
ENHSP,line-exchange,files/line-exchange/domain.pddl,files/line-exchange/instances/4_15_25_100.pddl
PATTY,line-exchange,files/line-exchange/domain.pddl,files/line-exchange/instances/4_15_25_50.pddl
PATTY-BV,line-exchange,files/line-exchange/domain.pddl,files/line-exchange/instances/4_15_25_50.pddl
ENHSP,line-exchange,files/line-exchange/domain.pddl,files/line-exchange/instances/4_15_25_50.pddl
PATTY,line-exchange,files/line-exchange/domain.pddl,files/line-exchange/instances/4_15_50_10.pddl
PATTY-BV,line-exchange,files/line-exchange/domain.pddl,files/line-exchange/instances/4_15_50_10.pddl
ENHSP,line-exchange,files/line-exchange/domain.pddl,files/line-exchange/instances/4_15_50_10.pddl
PATTY,line-exchange,files/line-exchange/domain.pddl,files/line-exchange/instances/4_15_50_100.pddl
PATTY-BV,line-exchange,files/line-exchange/domain.pddl,files/line-exchange/instances/4_15_50_100.pddl
ENHSP,line-exchange,files/line-exchange/domain.pddl,files/line-exchange/instances/4_15_50_100.pddl
PATTY,line-exchange,files/line-exchange/domain.pddl,files/line-exchange/instances/4_15_50_50.pddl
PATTY-BV,line-exchange,files/line-exchange/domain.pddl,files/line-exchange/instances/4_15_50_50.pddl
ENHSP,line-exchange,files/line-exchange/domain.pddl,files/line-exchange/instances/4_15_50_50.pddl
PATTY,line-exchange,files/line-exchange/domain.pddl,files/line-exchange/instances/4_15_90_10.pddl
PATTY-BV,line-exchange,files/line-exchange/domain.pddl,files/line-exchange/instances/4_15_90_10.pddl
ENHSP,line-exchange,files/line-exchange/domain.pddl,files/line-exchange/instances/4_15_90_10.pddl
PATTY,line-exchange,files/line-exchange/domain.pddl,files/line-exchange/instances/4_15_90_100.pddl
PATTY-BV,line-exchange,files/line-exchange/domain.pddl,files/line-exchange/instances/4_15_90_100.pddl
ENHSP,line-exchange,files/line-exchange/domain.pddl,files/line-exchange/instances/4_15_90_100.pddl
PATTY,line-exchange,files/line-exchange/domain.pddl,files/line-exchange/instances/4_15_90_50.pddl
PATTY-BV,line-exchange,files/line-exchange/domain.pddl,files/line-exchange/instances/4_15_90_50.pddl
ENHSP,line-exchange,files/line-exchange/domain.pddl,files/line-exchange/instances/4_15_90_50.pddl
PATTY,line-exchange,files/line-exchange/domain.pddl,files/line-exchange/instances/4_5_25_10.pddl
PATTY-BV,line-exchange,files/line-exchange/domain.pddl,files/line-exchange/instances/4_5_25_10.pddl
ENHSP,line-exchange,files/line-exchange/domain.pddl,files/line-exchange/instances/4_5_25_10.pddl
PATTY,line-exchange,files/line-exchange/domain.pddl,files/line-exchange/instances/4_5_25_100.pddl
PATTY-BV,line-exchange,files/line-exchange/domain.pddl,files/line-exchange/instances/4_5_25_100.pddl
ENHSP,line-exchange,files/line-exchange/domain.pddl,files/line-exchange/instances/4_5_25_100.pddl
PATTY,line-exchange,files/line-exchange/domain.pddl,files/line-exchange/instances/4_5_25_50.pddl
PATTY-BV,line-exchange,files/line-exchange/domain.pddl,files/line-exchange/instances/4_5_25_50.pddl
ENHSP,line-exchange,files/line-exchange/domain.pddl,files/line-exchange/instances/4_5_25_50.pddl
PATTY,line-exchange,files/line-exchange/domain.pddl,files/line-exchange/instances/4_5_50_10.pddl
PATTY-BV,line-exchange,files/line-exchange/domain.pddl,files/line-exchange/instances/4_5_50_10.pddl
ENHSP,line-exchange,files/line-exchange/domain.pddl,files/line-exchange/instances/4_5_50_10.pddl
PATTY,line-exchange,files/line-exchange/domain.pddl,files/line-exchange/instances/4_5_50_100.pddl
PATTY-BV,line-exchange,files/line-exchange/domain.pddl,files/line-exchange/instances/4_5_50_100.pddl
ENHSP,line-exchange,files/line-exchange/domain.pddl,files/line-exchange/instances/4_5_50_100.pddl
PATTY,line-exchange,files/line-exchange/domain.pddl,files/line-exchange/instances/4_5_50_50.pddl
PATTY-BV,line-exchange,files/line-exchange/domain.pddl,files/line-exchange/instances/4_5_50_50.pddl
ENHSP,line-exchange,files/line-exchange/domain.pddl,files/line-exchange/instances/4_5_50_50.pddl
PATTY,line-exchange,files/line-exchange/domain.pddl,files/line-exchange/instances/4_5_90_10.pddl
PATTY-BV,line-exchange,files/line-exchange/domain.pddl,files/line-exchange/instances/4_5_90_10.pddl
ENHSP,line-exchange,files/line-exchange/domain.pddl,files/line-exchange/instances/4_5_90_10.pddl
PATTY,line-exchange,files/line-exchange/domain.pddl,files/line-exchange/instances/4_5_90_100.pddl
PATTY-BV,line-exchange,files/line-exchange/domain.pddl,files/line-exchange/instances/4_5_90_100.pddl
ENHSP,line-exchange,files/line-exchange/domain.pddl,files/line-exchange/instances/4_5_90_100.pddl
PATTY,line-exchange,files/line-exchange/domain.pddl,files/line-exchange/instances/4_5_90_50.pddl
PATTY-BV,line-exchange,files/line-exchange/domain.pddl,files/line-exchange/instances/4_5_90_50.pddl
ENHSP,line-exchange,files/line-exchange/domain.pddl,files/line-exchange/instances/4_5_90_50.pddl
PATTY,line-exchange,files/line-exchange/domain.pddl,files/line-exchange/instances/5_10_25_10.pddl
PATTY-BV,line-exchange,files/line-exchange/domain.pddl,files/line-exchange/instances/5_10_25_10.pddl
ENHSP,line-exchange,files/line-exchange/domain.pddl,files/line-exchange/instances/5_10_25_10.pddl
PATTY,line-exchange,files/line-exchange/domain.pddl,files/line-exchange/instances/5_10_25_100.pddl
PATTY-BV,line-exchange,files/line-exchange/domain.pddl,files/line-exchange/instances/5_10_25_100.pddl
ENHSP,line-exchange,files/line-exchange/domain.pddl,files/line-exchange/instances/5_10_25_100.pddl
PATTY,line-exchange,files/line-exchange/domain.pddl,files/line-exchange/instances/5_10_25_50.pddl
PATTY-BV,line-exchange,files/line-exchange/domain.pddl,files/line-exchange/instances/5_10_25_50.pddl
ENHSP,line-exchange,files/line-exchange/domain.pddl,files/line-exchange/instances/5_10_25_50.pddl
PATTY,line-exchange,files/line-exchange/domain.pddl,files/line-exchange/instances/5_10_50_10.pddl
PATTY-BV,line-exchange,files/line-exchange/domain.pddl,files/line-exchange/instances/5_10_50_10.pddl
ENHSP,line-exchange,files/line-exchange/domain.pddl,files/line-exchange/instances/5_10_50_10.pddl
PATTY,line-exchange,files/line-exchange/domain.pddl,files/line-exchange/instances/5_10_50_100.pddl
PATTY-BV,line-exchange,files/line-exchange/domain.pddl,files/line-exchange/instances/5_10_50_100.pddl
ENHSP,line-exchange,files/line-exchange/domain.pddl,files/line-exchange/instances/5_10_50_100.pddl
PATTY,line-exchange,files/line-exchange/domain.pddl,files/line-exchange/instances/5_10_50_50.pddl
PATTY-BV,line-exchange,files/line-exchange/domain.pddl,files/line-exchange/instances/5_10_50_50.pddl
ENHSP,line-exchange,files/line-exchange/domain.pddl,files/line-exchange/instances/5_10_50_50.pddl
PATTY,line-exchange,files/line-exchange/domain.pddl,files/line-exchange/instances/5_10_90_10.pddl
PATTY-BV,line-exchange,files/line-exchange/domain.pddl,files/line-exchange/instances/5_10_90_10.pddl
ENHSP,line-exchange,files/line-exchange/domain.pddl,files/line-exchange/instances/5_10_90_10.pddl
PATTY,line-exchange,files/line-exchange/domain.pddl,files/line-exchange/instances/5_10_90_100.pddl
PATTY-BV,line-exchange,files/line-exchange/domain.pddl,files/line-exchange/instances/5_10_90_100.pddl
ENHSP,line-exchange,files/line-exchange/domain.pddl,files/line-exchange/instances/5_10_90_100.pddl
PATTY,line-exchange,files/line-exchange/domain.pddl,files/line-exchange/instances/5_10_90_50.pddl
PATTY-BV,line-exchange,files/line-exchange/domain.pddl,files/line-exchange/instances/5_10_90_50.pddl
ENHSP,line-exchange,files/line-exchange/domain.pddl,files/line-exchange/instances/5_10_90_50.pddl
PATTY,line-exchange,files/line-exchange/domain.pddl,files/line-exchange/instances/5_15_25_10.pddl
PATTY-BV,line-exchange,files/line-exchange/domain.pddl,files/line-exchange/instances/5_15_25_10.pddl
ENHSP,line-exchange,files/line-exchange/domain.pddl,files/line-exchange/instances/5_15_25_10.pddl
PATTY,line-exchange,files/line-exchange/domain.pddl,files/line-exchange/instances/5_15_25_100.pddl
PATTY-BV,line-exchange,files/line-exchange/domain.pddl,files/line-exchange/instances/5_15_25_100.pddl
ENHSP,line-exchange,files/line-exchange/domain.pddl,files/line-exchange/instances/5_15_25_100.pddl
PATTY,line-exchange,files/line-exchange/domain.pddl,files/line-exchange/instances/5_15_25_50.pddl
PATTY-BV,line-exchange,files/line-exchange/domain.pddl,files/line-exchange/instances/5_15_25_50.pddl
ENHSP,line-exchange,files/line-exchange/domain.pddl,files/line-exchange/instances/5_15_25_50.pddl
PATTY,line-exchange,files/line-exchange/domain.pddl,files/line-exchange/instances/5_15_50_10.pddl
PATTY-BV,line-exchange,files/line-exchange/domain.pddl,files/line-exchange/instances/5_15_50_10.pddl
ENHSP,line-exchange,files/line-exchange/domain.pddl,files/line-exchange/instances/5_15_50_10.pddl
PATTY,line-exchange,files/line-exchange/domain.pddl,files/line-exchange/instances/5_15_50_100.pddl
PATTY-BV,line-exchange,files/line-exchange/domain.pddl,files/line-exchange/instances/5_15_50_100.pddl
ENHSP,line-exchange,files/line-exchange/domain.pddl,files/line-exchange/instances/5_15_50_100.pddl
PATTY,line-exchange,files/line-exchange/domain.pddl,files/line-exchange/instances/5_15_50_50.pddl
PATTY-BV,line-exchange,files/line-exchange/domain.pddl,files/line-exchange/instances/5_15_50_50.pddl
ENHSP,line-exchange,files/line-exchange/domain.pddl,files/line-exchange/instances/5_15_50_50.pddl
PATTY,line-exchange,files/line-exchange/domain.pddl,files/line-exchange/instances/5_15_90_10.pddl
PATTY-BV,line-exchange,files/line-exchange/domain.pddl,files/line-exchange/instances/5_15_90_10.pddl
ENHSP,line-exchange,files/line-exchange/domain.pddl,files/line-exchange/instances/5_15_90_10.pddl
PATTY,line-exchange,files/line-exchange/domain.pddl,files/line-exchange/instances/5_15_90_100.pddl
PATTY-BV,line-exchange,files/line-exchange/domain.pddl,files/line-exchange/instances/5_15_90_100.pddl
ENHSP,line-exchange,files/line-exchange/domain.pddl,files/line-exchange/instances/5_15_90_100.pddl
PATTY,line-exchange,files/line-exchange/domain.pddl,files/line-exchange/instances/5_15_90_50.pddl
PATTY-BV,line-exchange,files/line-exchange/domain.pddl,files/line-exchange/instances/5_15_90_50.pddl
ENHSP,line-exchange,files/line-exchange/domain.pddl,files/line-exchange/instances/5_15_90_50.pddl
PATTY,line-exchange,files/line-exchange/domain.pddl,files/line-exchange/instances/5_5_25_10.pddl
PATTY-BV,line-exchange,files/line-exchange/domain.pddl,files/line-exchange/instances/5_5_25_10.pddl
ENHSP,line-exchange,files/line-exchange/domain.pddl,files/line-exchange/instances/5_5_25_10.pddl
PATTY,line-exchange,files/line-exchange/domain.pddl,files/line-exchange/instances/5_5_25_100.pddl
PATTY-BV,line-exchange,files/line-exchange/domain.pddl,files/line-exchange/instances/5_5_25_100.pddl
ENHSP,line-exchange,files/line-exchange/domain.pddl,files/line-exchange/instances/5_5_25_100.pddl
PATTY,line-exchange,files/line-exchange/domain.pddl,files/line-exchange/instances/5_5_25_50.pddl
PATTY-BV,line-exchange,files/line-exchange/domain.pddl,files/line-exchange/instances/5_5_25_50.pddl
ENHSP,line-exchange,files/line-exchange/domain.pddl,files/line-exchange/instances/5_5_25_50.pddl
PATTY,line-exchange,files/line-exchange/domain.pddl,files/line-exchange/instances/5_5_50_10.pddl
PATTY-BV,line-exchange,files/line-exchange/domain.pddl,files/line-exchange/instances/5_5_50_10.pddl
ENHSP,line-exchange,files/line-exchange/domain.pddl,files/line-exchange/instances/5_5_50_10.pddl
PATTY,line-exchange,files/line-exchange/domain.pddl,files/line-exchange/instances/5_5_50_100.pddl
PATTY-BV,line-exchange,files/line-exchange/domain.pddl,files/line-exchange/instances/5_5_50_100.pddl
ENHSP,line-exchange,files/line-exchange/domain.pddl,files/line-exchange/instances/5_5_50_100.pddl
PATTY,line-exchange,files/line-exchange/domain.pddl,files/line-exchange/instances/5_5_50_50.pddl
PATTY-BV,line-exchange,files/line-exchange/domain.pddl,files/line-exchange/instances/5_5_50_50.pddl
ENHSP,line-exchange,files/line-exchange/domain.pddl,files/line-exchange/instances/5_5_50_50.pddl
PATTY,line-exchange,files/line-exchange/domain.pddl,files/line-exchange/instances/5_5_90_10.pddl
PATTY-BV,line-exchange,files/line-exchange/domain.pddl,files/line-exchange/instances/5_5_90_10.pddl
ENHSP,line-exchange,files/line-exchange/domain.pddl,files/line-exchange/instances/5_5_90_10.pddl
PATTY,line-exchange,files/line-exchange/domain.pddl,files/line-exchange/instances/5_5_90_100.pddl
PATTY-BV,line-exchange,files/line-exchange/domain.pddl,files/line-exchange/instances/5_5_90_100.pddl
ENHSP,line-exchange,files/line-exchange/domain.pddl,files/line-exchange/instances/5_5_90_100.pddl
PATTY,line-exchange,files/line-exchange/domain.pddl,files/line-exchange/instances/5_5_90_50.pddl
PATTY-BV,line-exchange,files/line-exchange/domain.pddl,files/line-exchange/instances/5_5_90_50.pddl
ENHSP,line-exchange,files/line-exchange/domain.pddl,files/line-exchange/instances/5_5_90_50.pddl
PATTY,line-exchange-quantity,files/line-exchange-quantity/domain.pddl,files/line-exchange-quantity/instances/1.pddl
PATTY-BV,line-exchange-quantity,files/line-exchange-quantity/domain.pddl,files/line-exchange-quantity/instances/1.pddl
ENHSP,line-exchange-quantity,files/line-exchange-quantity/domain.pddl,files/line-exchange-quantity/instances/1.pddl
PATTY,line-exchange-quantity,files/line-exchange-quantity/domain.pddl,files/line-exchange-quantity/instances/10.pddl
PATTY-BV,line-exchange-quantity,files/line-exchange-quantity/domain.pddl,files/line-exchange-quantity/instances/10.pddl
ENHSP,line-exchange-quantity,files/line-exchange-quantity/domain.pddl,files/line-exchange-quantity/instances/10.pddl
PATTY,line-exchange-quantity,files/line-exchange-quantity/domain.pddl,files/line-exchange-quantity/instances/11.pddl
PATTY-BV,line-exchange-quantity,files/line-exchange-quantity/domain.pddl,files/line-exchange-quantity/instances/11.pddl
ENHSP,line-exchange-quantity,files/line-exchange-quantity/domain.pddl,files/line-exchange-quantity/instances/11.pddl
PATTY,line-exchange-quantity,files/line-exchange-quantity/domain.pddl,files/line-exchange-quantity/instances/12.pddl
PATTY-BV,line-exchange-quantity,files/line-exchange-quantity/domain.pddl,files/line-exchange-quantity/instances/12.pddl
ENHSP,line-exchange-quantity,files/line-exchange-quantity/domain.pddl,files/line-exchange-quantity/instances/12.pddl
PATTY,line-exchange-quantity,files/line-exchange-quantity/domain.pddl,files/line-exchange-quantity/instances/13.pddl
PATTY-BV,line-exchange-quantity,files/line-exchange-quantity/domain.pddl,files/line-exchange-quantity/instances/13.pddl
ENHSP,line-exchange-quantity,files/line-exchange-quantity/domain.pddl,files/line-exchange-quantity/instances/13.pddl
PATTY,line-exchange-quantity,files/line-exchange-quantity/domain.pddl,files/line-exchange-quantity/instances/14.pddl
PATTY-BV,line-exchange-quantity,files/line-exchange-quantity/domain.pddl,files/line-exchange-quantity/instances/14.pddl
ENHSP,line-exchange-quantity,files/line-exchange-quantity/domain.pddl,files/line-exchange-quantity/instances/14.pddl
PATTY,line-exchange-quantity,files/line-exchange-quantity/domain.pddl,files/line-exchange-quantity/instances/15.pddl
PATTY-BV,line-exchange-quantity,files/line-exchange-quantity/domain.pddl,files/line-exchange-quantity/instances/15.pddl
ENHSP,line-exchange-quantity,files/line-exchange-quantity/domain.pddl,files/line-exchange-quantity/instances/15.pddl
PATTY,line-exchange-quantity,files/line-exchange-quantity/domain.pddl,files/line-exchange-quantity/instances/16.pddl
PATTY-BV,line-exchange-quantity,files/line-exchange-quantity/domain.pddl,files/line-exchange-quantity/instances/16.pddl
ENHSP,line-exchange-quantity,files/line-exchange-quantity/domain.pddl,files/line-exchange-quantity/instances/16.pddl
PATTY,line-exchange-quantity,files/line-exchange-quantity/domain.pddl,files/line-exchange-quantity/instances/17.pddl
PATTY-BV,line-exchange-quantity,files/line-exchange-quantity/domain.pddl,files/line-exchange-quantity/instances/17.pddl
ENHSP,line-exchange-quantity,files/line-exchange-quantity/domain.pddl,files/line-exchange-quantity/instances/17.pddl
PATTY,line-exchange-quantity,files/line-exchange-quantity/domain.pddl,files/line-exchange-quantity/instances/18.pddl
PATTY-BV,line-exchange-quantity,files/line-exchange-quantity/domain.pddl,files/line-exchange-quantity/instances/18.pddl
ENHSP,line-exchange-quantity,files/line-exchange-quantity/domain.pddl,files/line-exchange-quantity/instances/18.pddl
PATTY,line-exchange-quantity,files/line-exchange-quantity/domain.pddl,files/line-exchange-quantity/instances/19.pddl
PATTY-BV,line-exchange-quantity,files/line-exchange-quantity/domain.pddl,files/line-exchange-quantity/instances/19.pddl
ENHSP,line-exchange-quantity,files/line-exchange-quantity/domain.pddl,files/line-exchange-quantity/instances/19.pddl
PATTY,line-exchange-quantity,files/line-exchange-quantity/domain.pddl,files/line-exchange-quantity/instances/2.pddl
PATTY-BV,line-exchange-quantity,files/line-exchange-quantity/domain.pddl,files/line-exchange-quantity/instances/2.pddl
ENHSP,line-exchange-quantity,files/line-exchange-quantity/domain.pddl,files/line-exchange-quantity/instances/2.pddl
PATTY,line-exchange-quantity,files/line-exchange-quantity/domain.pddl,files/line-exchange-quantity/instances/20.pddl
PATTY-BV,line-exchange-quantity,files/line-exchange-quantity/domain.pddl,files/line-exchange-quantity/instances/20.pddl
ENHSP,line-exchange-quantity,files/line-exchange-quantity/domain.pddl,files/line-exchange-quantity/instances/20.pddl
PATTY,line-exchange-quantity,files/line-exchange-quantity/domain.pddl,files/line-exchange-quantity/instances/21.pddl
PATTY-BV,line-exchange-quantity,files/line-exchange-quantity/domain.pddl,files/line-exchange-quantity/instances/21.pddl
ENHSP,line-exchange-quantity,files/line-exchange-quantity/domain.pddl,files/line-exchange-quantity/instances/21.pddl
PATTY,line-exchange-quantity,files/line-exchange-quantity/domain.pddl,files/line-exchange-quantity/instances/22.pddl
PATTY-BV,line-exchange-quantity,files/line-exchange-quantity/domain.pddl,files/line-exchange-quantity/instances/22.pddl
ENHSP,line-exchange-quantity,files/line-exchange-quantity/domain.pddl,files/line-exchange-quantity/instances/22.pddl
PATTY,line-exchange-quantity,files/line-exchange-quantity/domain.pddl,files/line-exchange-quantity/instances/23.pddl
PATTY-BV,line-exchange-quantity,files/line-exchange-quantity/domain.pddl,files/line-exchange-quantity/instances/23.pddl
ENHSP,line-exchange-quantity,files/line-exchange-quantity/domain.pddl,files/line-exchange-quantity/instances/23.pddl
PATTY,line-exchange-quantity,files/line-exchange-quantity/domain.pddl,files/line-exchange-quantity/instances/24.pddl
PATTY-BV,line-exchange-quantity,files/line-exchange-quantity/domain.pddl,files/line-exchange-quantity/instances/24.pddl
ENHSP,line-exchange-quantity,files/line-exchange-quantity/domain.pddl,files/line-exchange-quantity/instances/24.pddl
PATTY,line-exchange-quantity,files/line-exchange-quantity/domain.pddl,files/line-exchange-quantity/instances/25.pddl
PATTY-BV,line-exchange-quantity,files/line-exchange-quantity/domain.pddl,files/line-exchange-quantity/instances/25.pddl
ENHSP,line-exchange-quantity,files/line-exchange-quantity/domain.pddl,files/line-exchange-quantity/instances/25.pddl
PATTY,line-exchange-quantity,files/line-exchange-quantity/domain.pddl,files/line-exchange-quantity/instances/26.pddl
PATTY-BV,line-exchange-quantity,files/line-exchange-quantity/domain.pddl,files/line-exchange-quantity/instances/26.pddl
ENHSP,line-exchange-quantity,files/line-exchange-quantity/domain.pddl,files/line-exchange-quantity/instances/26.pddl
PATTY,line-exchange-quantity,files/line-exchange-quantity/domain.pddl,files/line-exchange-quantity/instances/27.pddl
PATTY-BV,line-exchange-quantity,files/line-exchange-quantity/domain.pddl,files/line-exchange-quantity/instances/27.pddl
ENHSP,line-exchange-quantity,files/line-exchange-quantity/domain.pddl,files/line-exchange-quantity/instances/27.pddl
PATTY,line-exchange-quantity,files/line-exchange-quantity/domain.pddl,files/line-exchange-quantity/instances/28.pddl
PATTY-BV,line-exchange-quantity,files/line-exchange-quantity/domain.pddl,files/line-exchange-quantity/instances/28.pddl
ENHSP,line-exchange-quantity,files/line-exchange-quantity/domain.pddl,files/line-exchange-quantity/instances/28.pddl
PATTY,line-exchange-quantity,files/line-exchange-quantity/domain.pddl,files/line-exchange-quantity/instances/29.pddl
PATTY-BV,line-exchange-quantity,files/line-exchange-quantity/domain.pddl,files/line-exchange-quantity/instances/29.pddl
ENHSP,line-exchange-quantity,files/line-exchange-quantity/domain.pddl,files/line-exchange-quantity/instances/29.pddl
PATTY,line-exchange-quantity,files/line-exchange-quantity/domain.pddl,files/line-exchange-quantity/instances/3.pddl
PATTY-BV,line-exchange-quantity,files/line-exchange-quantity/domain.pddl,files/line-exchange-quantity/instances/3.pddl
ENHSP,line-exchange-quantity,files/line-exchange-quantity/domain.pddl,files/line-exchange-quantity/instances/3.pddl
PATTY,line-exchange-quantity,files/line-exchange-quantity/domain.pddl,files/line-exchange-quantity/instances/30.pddl
PATTY-BV,line-exchange-quantity,files/line-exchange-quantity/domain.pddl,files/line-exchange-quantity/instances/30.pddl
ENHSP,line-exchange-quantity,files/line-exchange-quantity/domain.pddl,files/line-exchange-quantity/instances/30.pddl
PATTY,line-exchange-quantity,files/line-exchange-quantity/domain.pddl,files/line-exchange-quantity/instances/31.pddl
PATTY-BV,line-exchange-quantity,files/line-exchange-quantity/domain.pddl,files/line-exchange-quantity/instances/31.pddl
ENHSP,line-exchange-quantity,files/line-exchange-quantity/domain.pddl,files/line-exchange-quantity/instances/31.pddl
PATTY,line-exchange-quantity,files/line-exchange-quantity/domain.pddl,files/line-exchange-quantity/instances/32.pddl
PATTY-BV,line-exchange-quantity,files/line-exchange-quantity/domain.pddl,files/line-exchange-quantity/instances/32.pddl
ENHSP,line-exchange-quantity,files/line-exchange-quantity/domain.pddl,files/line-exchange-quantity/instances/32.pddl
PATTY,line-exchange-quantity,files/line-exchange-quantity/domain.pddl,files/line-exchange-quantity/instances/33.pddl
PATTY-BV,line-exchange-quantity,files/line-exchange-quantity/domain.pddl,files/line-exchange-quantity/instances/33.pddl
ENHSP,line-exchange-quantity,files/line-exchange-quantity/domain.pddl,files/line-exchange-quantity/instances/33.pddl
PATTY,line-exchange-quantity,files/line-exchange-quantity/domain.pddl,files/line-exchange-quantity/instances/34.pddl
PATTY-BV,line-exchange-quantity,files/line-exchange-quantity/domain.pddl,files/line-exchange-quantity/instances/34.pddl
ENHSP,line-exchange-quantity,files/line-exchange-quantity/domain.pddl,files/line-exchange-quantity/instances/34.pddl
PATTY,line-exchange-quantity,files/line-exchange-quantity/domain.pddl,files/line-exchange-quantity/instances/35.pddl
PATTY-BV,line-exchange-quantity,files/line-exchange-quantity/domain.pddl,files/line-exchange-quantity/instances/35.pddl
ENHSP,line-exchange-quantity,files/line-exchange-quantity/domain.pddl,files/line-exchange-quantity/instances/35.pddl
PATTY,line-exchange-quantity,files/line-exchange-quantity/domain.pddl,files/line-exchange-quantity/instances/36.pddl
PATTY-BV,line-exchange-quantity,files/line-exchange-quantity/domain.pddl,files/line-exchange-quantity/instances/36.pddl
ENHSP,line-exchange-quantity,files/line-exchange-quantity/domain.pddl,files/line-exchange-quantity/instances/36.pddl
PATTY,line-exchange-quantity,files/line-exchange-quantity/domain.pddl,files/line-exchange-quantity/instances/37.pddl
PATTY-BV,line-exchange-quantity,files/line-exchange-quantity/domain.pddl,files/line-exchange-quantity/instances/37.pddl
ENHSP,line-exchange-quantity,files/line-exchange-quantity/domain.pddl,files/line-exchange-quantity/instances/37.pddl
PATTY,line-exchange-quantity,files/line-exchange-quantity/domain.pddl,files/line-exchange-quantity/instances/38.pddl
PATTY-BV,line-exchange-quantity,files/line-exchange-quantity/domain.pddl,files/line-exchange-quantity/instances/38.pddl
ENHSP,line-exchange-quantity,files/line-exchange-quantity/domain.pddl,files/line-exchange-quantity/instances/38.pddl
PATTY,line-exchange-quantity,files/line-exchange-quantity/domain.pddl,files/line-exchange-quantity/instances/39.pddl
PATTY-BV,line-exchange-quantity,files/line-exchange-quantity/domain.pddl,files/line-exchange-quantity/instances/39.pddl
ENHSP,line-exchange-quantity,files/line-exchange-quantity/domain.pddl,files/line-exchange-quantity/instances/39.pddl
PATTY,line-exchange-quantity,files/line-exchange-quantity/domain.pddl,files/line-exchange-quantity/instances/4.pddl
PATTY-BV,line-exchange-quantity,files/line-exchange-quantity/domain.pddl,files/line-exchange-quantity/instances/4.pddl
ENHSP,line-exchange-quantity,files/line-exchange-quantity/domain.pddl,files/line-exchange-quantity/instances/4.pddl
PATTY,line-exchange-quantity,files/line-exchange-quantity/domain.pddl,files/line-exchange-quantity/instances/40.pddl
PATTY-BV,line-exchange-quantity,files/line-exchange-quantity/domain.pddl,files/line-exchange-quantity/instances/40.pddl
ENHSP,line-exchange-quantity,files/line-exchange-quantity/domain.pddl,files/line-exchange-quantity/instances/40.pddl
PATTY,line-exchange-quantity,files/line-exchange-quantity/domain.pddl,files/line-exchange-quantity/instances/5.pddl
PATTY-BV,line-exchange-quantity,files/line-exchange-quantity/domain.pddl,files/line-exchange-quantity/instances/5.pddl
ENHSP,line-exchange-quantity,files/line-exchange-quantity/domain.pddl,files/line-exchange-quantity/instances/5.pddl
PATTY,line-exchange-quantity,files/line-exchange-quantity/domain.pddl,files/line-exchange-quantity/instances/6.pddl
PATTY-BV,line-exchange-quantity,files/line-exchange-quantity/domain.pddl,files/line-exchange-quantity/instances/6.pddl
ENHSP,line-exchange-quantity,files/line-exchange-quantity/domain.pddl,files/line-exchange-quantity/instances/6.pddl
PATTY,line-exchange-quantity,files/line-exchange-quantity/domain.pddl,files/line-exchange-quantity/instances/7.pddl
PATTY-BV,line-exchange-quantity,files/line-exchange-quantity/domain.pddl,files/line-exchange-quantity/instances/7.pddl
ENHSP,line-exchange-quantity,files/line-exchange-quantity/domain.pddl,files/line-exchange-quantity/instances/7.pddl
PATTY,line-exchange-quantity,files/line-exchange-quantity/domain.pddl,files/line-exchange-quantity/instances/8.pddl
PATTY-BV,line-exchange-quantity,files/line-exchange-quantity/domain.pddl,files/line-exchange-quantity/instances/8.pddl
ENHSP,line-exchange-quantity,files/line-exchange-quantity/domain.pddl,files/line-exchange-quantity/instances/8.pddl
PATTY,line-exchange-quantity,files/line-exchange-quantity/domain.pddl,files/line-exchange-quantity/instances/9.pddl
PATTY-BV,line-exchange-quantity,files/line-exchange-quantity/domain.pddl,files/line-exchange-quantity/instances/9.pddl
ENHSP,line-exchange-quantity,files/line-exchange-quantity/domain.pddl,files/line-exchange-quantity/instances/9.pddl
PATTY,line-exchange-two-robots,files/line-exchange-two-robots/domain.pddl,files/line-exchange-two-robots/instances/prob01.pddl
PATTY-BV,line-exchange-two-robots,files/line-exchange-two-robots/domain.pddl,files/line-exchange-two-robots/instances/prob01.pddl
ENHSP,line-exchange-two-robots,files/line-exchange-two-robots/domain.pddl,files/line-exchange-two-robots/instances/prob01.pddl
PATTY,logistic,files/logistic/domain.pddl,files/logistic/instances/probLOGISTICS-10-0.pddl
PATTY-BV,logistic,files/logistic/domain.pddl,files/logistic/instances/probLOGISTICS-10-0.pddl
ENHSP,logistic,files/logistic/domain.pddl,files/logistic/instances/probLOGISTICS-10-0.pddl
PATTY,logistic,files/logistic/domain.pddl,files/logistic/instances/probLOGISTICS-10-1.pddl
PATTY-BV,logistic,files/logistic/domain.pddl,files/logistic/instances/probLOGISTICS-10-1.pddl
ENHSP,logistic,files/logistic/domain.pddl,files/logistic/instances/probLOGISTICS-10-1.pddl
PATTY,logistic,files/logistic/domain.pddl,files/logistic/instances/probLOGISTICS-11-0.pddl
PATTY-BV,logistic,files/logistic/domain.pddl,files/logistic/instances/probLOGISTICS-11-0.pddl
ENHSP,logistic,files/logistic/domain.pddl,files/logistic/instances/probLOGISTICS-11-0.pddl
PATTY,logistic,files/logistic/domain.pddl,files/logistic/instances/probLOGISTICS-11-1.pddl
PATTY-BV,logistic,files/logistic/domain.pddl,files/logistic/instances/probLOGISTICS-11-1.pddl
ENHSP,logistic,files/logistic/domain.pddl,files/logistic/instances/probLOGISTICS-11-1.pddl
PATTY,logistic,files/logistic/domain.pddl,files/logistic/instances/probLOGISTICS-12-0.pddl
PATTY-BV,logistic,files/logistic/domain.pddl,files/logistic/instances/probLOGISTICS-12-0.pddl
ENHSP,logistic,files/logistic/domain.pddl,files/logistic/instances/probLOGISTICS-12-0.pddl
PATTY,logistic,files/logistic/domain.pddl,files/logistic/instances/probLOGISTICS-12-1.pddl
PATTY-BV,logistic,files/logistic/domain.pddl,files/logistic/instances/probLOGISTICS-12-1.pddl
ENHSP,logistic,files/logistic/domain.pddl,files/logistic/instances/probLOGISTICS-12-1.pddl
PATTY,logistic,files/logistic/domain.pddl,files/logistic/instances/probLOGISTICS-13-0.pddl
PATTY-BV,logistic,files/logistic/domain.pddl,files/logistic/instances/probLOGISTICS-13-0.pddl
ENHSP,logistic,files/logistic/domain.pddl,files/logistic/instances/probLOGISTICS-13-0.pddl
PATTY,logistic,files/logistic/domain.pddl,files/logistic/instances/probLOGISTICS-13-1.pddl
PATTY-BV,logistic,files/logistic/domain.pddl,files/logistic/instances/probLOGISTICS-13-1.pddl
ENHSP,logistic,files/logistic/domain.pddl,files/logistic/instances/probLOGISTICS-13-1.pddl
PATTY,logistic,files/logistic/domain.pddl,files/logistic/instances/probLOGISTICS-14-0.pddl
PATTY-BV,logistic,files/logistic/domain.pddl,files/logistic/instances/probLOGISTICS-14-0.pddl
ENHSP,logistic,files/logistic/domain.pddl,files/logistic/instances/probLOGISTICS-14-0.pddl
PATTY,logistic,files/logistic/domain.pddl,files/logistic/instances/probLOGISTICS-14-1.pddl
PATTY-BV,logistic,files/logistic/domain.pddl,files/logistic/instances/probLOGISTICS-14-1.pddl
ENHSP,logistic,files/logistic/domain.pddl,files/logistic/instances/probLOGISTICS-14-1.pddl
PATTY,logistic,files/logistic/domain.pddl,files/logistic/instances/probLOGISTICS-15-0.pddl
PATTY-BV,logistic,files/logistic/domain.pddl,files/logistic/instances/probLOGISTICS-15-0.pddl
ENHSP,logistic,files/logistic/domain.pddl,files/logistic/instances/probLOGISTICS-15-0.pddl
PATTY,logistic,files/logistic/domain.pddl,files/logistic/instances/probLOGISTICS-15-1.pddl
PATTY-BV,logistic,files/logistic/domain.pddl,files/logistic/instances/probLOGISTICS-15-1.pddl
ENHSP,logistic,files/logistic/domain.pddl,files/logistic/instances/probLOGISTICS-15-1.pddl
PATTY,logistic,files/logistic/domain.pddl,files/logistic/instances/probLOGISTICS-4-0.pddl
PATTY-BV,logistic,files/logistic/domain.pddl,files/logistic/instances/probLOGISTICS-4-0.pddl
ENHSP,logistic,files/logistic/domain.pddl,files/logistic/instances/probLOGISTICS-4-0.pddl
PATTY,logistic,files/logistic/domain.pddl,files/logistic/instances/probLOGISTICS-4-1.pddl
PATTY-BV,logistic,files/logistic/domain.pddl,files/logistic/instances/probLOGISTICS-4-1.pddl
ENHSP,logistic,files/logistic/domain.pddl,files/logistic/instances/probLOGISTICS-4-1.pddl
PATTY,logistic,files/logistic/domain.pddl,files/logistic/instances/probLOGISTICS-4-2.pddl
PATTY-BV,logistic,files/logistic/domain.pddl,files/logistic/instances/probLOGISTICS-4-2.pddl
ENHSP,logistic,files/logistic/domain.pddl,files/logistic/instances/probLOGISTICS-4-2.pddl
PATTY,logistic,files/logistic/domain.pddl,files/logistic/instances/probLOGISTICS-5-0.pddl
PATTY-BV,logistic,files/logistic/domain.pddl,files/logistic/instances/probLOGISTICS-5-0.pddl
ENHSP,logistic,files/logistic/domain.pddl,files/logistic/instances/probLOGISTICS-5-0.pddl
PATTY,logistic,files/logistic/domain.pddl,files/logistic/instances/probLOGISTICS-5-1.pddl
PATTY-BV,logistic,files/logistic/domain.pddl,files/logistic/instances/probLOGISTICS-5-1.pddl
ENHSP,logistic,files/logistic/domain.pddl,files/logistic/instances/probLOGISTICS-5-1.pddl
PATTY,logistic,files/logistic/domain.pddl,files/logistic/instances/probLOGISTICS-5-2.pddl
PATTY-BV,logistic,files/logistic/domain.pddl,files/logistic/instances/probLOGISTICS-5-2.pddl
ENHSP,logistic,files/logistic/domain.pddl,files/logistic/instances/probLOGISTICS-5-2.pddl
PATTY,logistic,files/logistic/domain.pddl,files/logistic/instances/probLOGISTICS-6-0.pddl
PATTY-BV,logistic,files/logistic/domain.pddl,files/logistic/instances/probLOGISTICS-6-0.pddl
ENHSP,logistic,files/logistic/domain.pddl,files/logistic/instances/probLOGISTICS-6-0.pddl
PATTY,logistic,files/logistic/domain.pddl,files/logistic/instances/probLOGISTICS-6-1.pddl
PATTY-BV,logistic,files/logistic/domain.pddl,files/logistic/instances/probLOGISTICS-6-1.pddl
ENHSP,logistic,files/logistic/domain.pddl,files/logistic/instances/probLOGISTICS-6-1.pddl
PATTY,logistic,files/logistic/domain.pddl,files/logistic/instances/probLOGISTICS-6-2.pddl
PATTY-BV,logistic,files/logistic/domain.pddl,files/logistic/instances/probLOGISTICS-6-2.pddl
ENHSP,logistic,files/logistic/domain.pddl,files/logistic/instances/probLOGISTICS-6-2.pddl
PATTY,logistic,files/logistic/domain.pddl,files/logistic/instances/probLOGISTICS-6-3.pddl
PATTY-BV,logistic,files/logistic/domain.pddl,files/logistic/instances/probLOGISTICS-6-3.pddl
ENHSP,logistic,files/logistic/domain.pddl,files/logistic/instances/probLOGISTICS-6-3.pddl
PATTY,logistic,files/logistic/domain.pddl,files/logistic/instances/probLOGISTICS-7-0.pddl
PATTY-BV,logistic,files/logistic/domain.pddl,files/logistic/instances/probLOGISTICS-7-0.pddl
ENHSP,logistic,files/logistic/domain.pddl,files/logistic/instances/probLOGISTICS-7-0.pddl
PATTY,logistic,files/logistic/domain.pddl,files/logistic/instances/probLOGISTICS-7-1.pddl
PATTY-BV,logistic,files/logistic/domain.pddl,files/logistic/instances/probLOGISTICS-7-1.pddl
ENHSP,logistic,files/logistic/domain.pddl,files/logistic/instances/probLOGISTICS-7-1.pddl
PATTY,logistic,files/logistic/domain.pddl,files/logistic/instances/probLOGISTICS-8-0.pddl
PATTY-BV,logistic,files/logistic/domain.pddl,files/logistic/instances/probLOGISTICS-8-0.pddl
ENHSP,logistic,files/logistic/domain.pddl,files/logistic/instances/probLOGISTICS-8-0.pddl
PATTY,logistic,files/logistic/domain.pddl,files/logistic/instances/probLOGISTICS-8-1.pddl
PATTY-BV,logistic,files/logistic/domain.pddl,files/logistic/instances/probLOGISTICS-8-1.pddl
ENHSP,logistic,files/logistic/domain.pddl,files/logistic/instances/probLOGISTICS-8-1.pddl
PATTY,logistic,files/logistic/domain.pddl,files/logistic/instances/probLOGISTICS-9-0.pddl
PATTY-BV,logistic,files/logistic/domain.pddl,files/logistic/instances/probLOGISTICS-9-0.pddl
ENHSP,logistic,files/logistic/domain.pddl,files/logistic/instances/probLOGISTICS-9-0.pddl
PATTY,logistic,files/logistic/domain.pddl,files/logistic/instances/probLOGISTICS-9-1.pddl
PATTY-BV,logistic,files/logistic/domain.pddl,files/logistic/instances/probLOGISTICS-9-1.pddl
ENHSP,logistic,files/logistic/domain.pddl,files/logistic/instances/probLOGISTICS-9-1.pddl
PATTY,logistic-vans,files/logistic-vans/domain.pddl,files/logistic-vans/instances/problem1.pddl
PATTY-BV,logistic-vans,files/logistic-vans/domain.pddl,files/logistic-vans/instances/problem1.pddl
ENHSP,logistic-vans,files/logistic-vans/domain.pddl,files/logistic-vans/instances/problem1.pddl
PATTY,monkey,files/monkey/domain.pddl,files/monkey/instances/pb1.pddl
PATTY-BV,monkey,files/monkey/domain.pddl,files/monkey/instances/pb1.pddl
ENHSP,monkey,files/monkey/domain.pddl,files/monkey/instances/pb1.pddl
PATTY,monkey,files/monkey/domain.pddl,files/monkey/instances/pb2.pddl
PATTY-BV,monkey,files/monkey/domain.pddl,files/monkey/instances/pb2.pddl
ENHSP,monkey,files/monkey/domain.pddl,files/monkey/instances/pb2.pddl
PATTY,monkey,files/monkey/domain.pddl,files/monkey/instances/pb3.pddl
PATTY-BV,monkey,files/monkey/domain.pddl,files/monkey/instances/pb3.pddl
ENHSP,monkey,files/monkey/domain.pddl,files/monkey/instances/pb3.pddl
PATTY,plant-watering,files/plant-watering/domain.pddl,files/plant-watering/instances/instance_10_1.pddl
PATTY-BV,plant-watering,files/plant-watering/domain.pddl,files/plant-watering/instances/instance_10_1.pddl
ENHSP,plant-watering,files/plant-watering/domain.pddl,files/plant-watering/instances/instance_10_1.pddl
PATTY,plant-watering,files/plant-watering/domain.pddl,files/plant-watering/instances/instance_10_2.pddl
PATTY-BV,plant-watering,files/plant-watering/domain.pddl,files/plant-watering/instances/instance_10_2.pddl
ENHSP,plant-watering,files/plant-watering/domain.pddl,files/plant-watering/instances/instance_10_2.pddl
PATTY,plant-watering,files/plant-watering/domain.pddl,files/plant-watering/instances/instance_10_3.pddl
PATTY-BV,plant-watering,files/plant-watering/domain.pddl,files/plant-watering/instances/instance_10_3.pddl
ENHSP,plant-watering,files/plant-watering/domain.pddl,files/plant-watering/instances/instance_10_3.pddl
PATTY,plant-watering,files/plant-watering/domain.pddl,files/plant-watering/instances/instance_11_1.pddl
PATTY-BV,plant-watering,files/plant-watering/domain.pddl,files/plant-watering/instances/instance_11_1.pddl
ENHSP,plant-watering,files/plant-watering/domain.pddl,files/plant-watering/instances/instance_11_1.pddl
PATTY,plant-watering,files/plant-watering/domain.pddl,files/plant-watering/instances/instance_11_2.pddl
PATTY-BV,plant-watering,files/plant-watering/domain.pddl,files/plant-watering/instances/instance_11_2.pddl
ENHSP,plant-watering,files/plant-watering/domain.pddl,files/plant-watering/instances/instance_11_2.pddl
PATTY,plant-watering,files/plant-watering/domain.pddl,files/plant-watering/instances/instance_11_3.pddl
PATTY-BV,plant-watering,files/plant-watering/domain.pddl,files/plant-watering/instances/instance_11_3.pddl
ENHSP,plant-watering,files/plant-watering/domain.pddl,files/plant-watering/instances/instance_11_3.pddl
PATTY,plant-watering,files/plant-watering/domain.pddl,files/plant-watering/instances/instance_12_1.pddl
PATTY-BV,plant-watering,files/plant-watering/domain.pddl,files/plant-watering/instances/instance_12_1.pddl
ENHSP,plant-watering,files/plant-watering/domain.pddl,files/plant-watering/instances/instance_12_1.pddl
PATTY,plant-watering,files/plant-watering/domain.pddl,files/plant-watering/instances/instance_12_2.pddl
PATTY-BV,plant-watering,files/plant-watering/domain.pddl,files/plant-watering/instances/instance_12_2.pddl
ENHSP,plant-watering,files/plant-watering/domain.pddl,files/plant-watering/instances/instance_12_2.pddl
PATTY,plant-watering,files/plant-watering/domain.pddl,files/plant-watering/instances/instance_12_3.pddl
PATTY-BV,plant-watering,files/plant-watering/domain.pddl,files/plant-watering/instances/instance_12_3.pddl
ENHSP,plant-watering,files/plant-watering/domain.pddl,files/plant-watering/instances/instance_12_3.pddl
PATTY,plant-watering,files/plant-watering/domain.pddl,files/plant-watering/instances/instance_13_1.pddl
PATTY-BV,plant-watering,files/plant-watering/domain.pddl,files/plant-watering/instances/instance_13_1.pddl
ENHSP,plant-watering,files/plant-watering/domain.pddl,files/plant-watering/instances/instance_13_1.pddl
PATTY,plant-watering,files/plant-watering/domain.pddl,files/plant-watering/instances/instance_13_2.pddl
PATTY-BV,plant-watering,files/plant-watering/domain.pddl,files/plant-watering/instances/instance_13_2.pddl
ENHSP,plant-watering,files/plant-watering/domain.pddl,files/plant-watering/instances/instance_13_2.pddl
PATTY,plant-watering,files/plant-watering/domain.pddl,files/plant-watering/instances/instance_13_3.pddl
PATTY-BV,plant-watering,files/plant-watering/domain.pddl,files/plant-watering/instances/instance_13_3.pddl
ENHSP,plant-watering,files/plant-watering/domain.pddl,files/plant-watering/instances/instance_13_3.pddl
PATTY,plant-watering,files/plant-watering/domain.pddl,files/plant-watering/instances/instance_14_1.pddl
PATTY-BV,plant-watering,files/plant-watering/domain.pddl,files/plant-watering/instances/instance_14_1.pddl
ENHSP,plant-watering,files/plant-watering/domain.pddl,files/plant-watering/instances/instance_14_1.pddl
PATTY,plant-watering,files/plant-watering/domain.pddl,files/plant-watering/instances/instance_14_2.pddl
PATTY-BV,plant-watering,files/plant-watering/domain.pddl,files/plant-watering/instances/instance_14_2.pddl
ENHSP,plant-watering,files/plant-watering/domain.pddl,files/plant-watering/instances/instance_14_2.pddl
PATTY,plant-watering,files/plant-watering/domain.pddl,files/plant-watering/instances/instance_14_3.pddl
PATTY-BV,plant-watering,files/plant-watering/domain.pddl,files/plant-watering/instances/instance_14_3.pddl
ENHSP,plant-watering,files/plant-watering/domain.pddl,files/plant-watering/instances/instance_14_3.pddl
PATTY,plant-watering,files/plant-watering/domain.pddl,files/plant-watering/instances/instance_15_1.pddl
PATTY-BV,plant-watering,files/plant-watering/domain.pddl,files/plant-watering/instances/instance_15_1.pddl
ENHSP,plant-watering,files/plant-watering/domain.pddl,files/plant-watering/instances/instance_15_1.pddl
PATTY,plant-watering,files/plant-watering/domain.pddl,files/plant-watering/instances/instance_15_2.pddl
PATTY-BV,plant-watering,files/plant-watering/domain.pddl,files/plant-watering/instances/instance_15_2.pddl
ENHSP,plant-watering,files/plant-watering/domain.pddl,files/plant-watering/instances/instance_15_2.pddl
PATTY,plant-watering,files/plant-watering/domain.pddl,files/plant-watering/instances/instance_15_3.pddl
PATTY-BV,plant-watering,files/plant-watering/domain.pddl,files/plant-watering/instances/instance_15_3.pddl
ENHSP,plant-watering,files/plant-watering/domain.pddl,files/plant-watering/instances/instance_15_3.pddl
PATTY,plant-watering,files/plant-watering/domain.pddl,files/plant-watering/instances/instance_16_1.pddl
PATTY-BV,plant-watering,files/plant-watering/domain.pddl,files/plant-watering/instances/instance_16_1.pddl
ENHSP,plant-watering,files/plant-watering/domain.pddl,files/plant-watering/instances/instance_16_1.pddl
PATTY,plant-watering,files/plant-watering/domain.pddl,files/plant-watering/instances/instance_16_2.pddl
PATTY-BV,plant-watering,files/plant-watering/domain.pddl,files/plant-watering/instances/instance_16_2.pddl
ENHSP,plant-watering,files/plant-watering/domain.pddl,files/plant-watering/instances/instance_16_2.pddl
PATTY,plant-watering,files/plant-watering/domain.pddl,files/plant-watering/instances/instance_16_3.pddl
PATTY-BV,plant-watering,files/plant-watering/domain.pddl,files/plant-watering/instances/instance_16_3.pddl
ENHSP,plant-watering,files/plant-watering/domain.pddl,files/plant-watering/instances/instance_16_3.pddl
PATTY,plant-watering,files/plant-watering/domain.pddl,files/plant-watering/instances/instance_17_1.pddl
PATTY-BV,plant-watering,files/plant-watering/domain.pddl,files/plant-watering/instances/instance_17_1.pddl
ENHSP,plant-watering,files/plant-watering/domain.pddl,files/plant-watering/instances/instance_17_1.pddl
PATTY,plant-watering,files/plant-watering/domain.pddl,files/plant-watering/instances/instance_17_2.pddl
PATTY-BV,plant-watering,files/plant-watering/domain.pddl,files/plant-watering/instances/instance_17_2.pddl
ENHSP,plant-watering,files/plant-watering/domain.pddl,files/plant-watering/instances/instance_17_2.pddl
PATTY,plant-watering,files/plant-watering/domain.pddl,files/plant-watering/instances/instance_17_3.pddl
PATTY-BV,plant-watering,files/plant-watering/domain.pddl,files/plant-watering/instances/instance_17_3.pddl
ENHSP,plant-watering,files/plant-watering/domain.pddl,files/plant-watering/instances/instance_17_3.pddl
PATTY,plant-watering,files/plant-watering/domain.pddl,files/plant-watering/instances/instance_18_1.pddl
PATTY-BV,plant-watering,files/plant-watering/domain.pddl,files/plant-watering/instances/instance_18_1.pddl
ENHSP,plant-watering,files/plant-watering/domain.pddl,files/plant-watering/instances/instance_18_1.pddl
PATTY,plant-watering,files/plant-watering/domain.pddl,files/plant-watering/instances/instance_18_2.pddl
PATTY-BV,plant-watering,files/plant-watering/domain.pddl,files/plant-watering/instances/instance_18_2.pddl
ENHSP,plant-watering,files/plant-watering/domain.pddl,files/plant-watering/instances/instance_18_2.pddl
PATTY,plant-watering,files/plant-watering/domain.pddl,files/plant-watering/instances/instance_18_3.pddl
PATTY-BV,plant-watering,files/plant-watering/domain.pddl,files/plant-watering/instances/instance_18_3.pddl
ENHSP,plant-watering,files/plant-watering/domain.pddl,files/plant-watering/instances/instance_18_3.pddl
PATTY,plant-watering,files/plant-watering/domain.pddl,files/plant-watering/instances/instance_19_1.pddl
PATTY-BV,plant-watering,files/plant-watering/domain.pddl,files/plant-watering/instances/instance_19_1.pddl
ENHSP,plant-watering,files/plant-watering/domain.pddl,files/plant-watering/instances/instance_19_1.pddl
PATTY,plant-watering,files/plant-watering/domain.pddl,files/plant-watering/instances/instance_19_2.pddl
PATTY-BV,plant-watering,files/plant-watering/domain.pddl,files/plant-watering/instances/instance_19_2.pddl
ENHSP,plant-watering,files/plant-watering/domain.pddl,files/plant-watering/instances/instance_19_2.pddl
PATTY,plant-watering,files/plant-watering/domain.pddl,files/plant-watering/instances/instance_19_3.pddl
PATTY-BV,plant-watering,files/plant-watering/domain.pddl,files/plant-watering/instances/instance_19_3.pddl
ENHSP,plant-watering,files/plant-watering/domain.pddl,files/plant-watering/instances/instance_19_3.pddl
PATTY,plant-watering,files/plant-watering/domain.pddl,files/plant-watering/instances/instance_20_1.pddl
PATTY-BV,plant-watering,files/plant-watering/domain.pddl,files/plant-watering/instances/instance_20_1.pddl
ENHSP,plant-watering,files/plant-watering/domain.pddl,files/plant-watering/instances/instance_20_1.pddl
PATTY,plant-watering,files/plant-watering/domain.pddl,files/plant-watering/instances/instance_20_2.pddl
PATTY-BV,plant-watering,files/plant-watering/domain.pddl,files/plant-watering/instances/instance_20_2.pddl
ENHSP,plant-watering,files/plant-watering/domain.pddl,files/plant-watering/instances/instance_20_2.pddl
PATTY,plant-watering,files/plant-watering/domain.pddl,files/plant-watering/instances/instance_20_3.pddl
PATTY-BV,plant-watering,files/plant-watering/domain.pddl,files/plant-watering/instances/instance_20_3.pddl
ENHSP,plant-watering,files/plant-watering/domain.pddl,files/plant-watering/instances/instance_20_3.pddl
PATTY,plant-watering,files/plant-watering/domain.pddl,files/plant-watering/instances/instance_4_1.pddl
PATTY-BV,plant-watering,files/plant-watering/domain.pddl,files/plant-watering/instances/instance_4_1.pddl
ENHSP,plant-watering,files/plant-watering/domain.pddl,files/plant-watering/instances/instance_4_1.pddl
PATTY,plant-watering,files/plant-watering/domain.pddl,files/plant-watering/instances/instance_4_2.pddl
PATTY-BV,plant-watering,files/plant-watering/domain.pddl,files/plant-watering/instances/instance_4_2.pddl
ENHSP,plant-watering,files/plant-watering/domain.pddl,files/plant-watering/instances/instance_4_2.pddl
PATTY,plant-watering,files/plant-watering/domain.pddl,files/plant-watering/instances/instance_4_3.pddl
PATTY-BV,plant-watering,files/plant-watering/domain.pddl,files/plant-watering/instances/instance_4_3.pddl
ENHSP,plant-watering,files/plant-watering/domain.pddl,files/plant-watering/instances/instance_4_3.pddl
PATTY,plant-watering,files/plant-watering/domain.pddl,files/plant-watering/instances/instance_5_1.pddl
PATTY-BV,plant-watering,files/plant-watering/domain.pddl,files/plant-watering/instances/instance_5_1.pddl
ENHSP,plant-watering,files/plant-watering/domain.pddl,files/plant-watering/instances/instance_5_1.pddl
PATTY,plant-watering,files/plant-watering/domain.pddl,files/plant-watering/instances/instance_5_2.pddl
PATTY-BV,plant-watering,files/plant-watering/domain.pddl,files/plant-watering/instances/instance_5_2.pddl
ENHSP,plant-watering,files/plant-watering/domain.pddl,files/plant-watering/instances/instance_5_2.pddl
PATTY,plant-watering,files/plant-watering/domain.pddl,files/plant-watering/instances/instance_5_3.pddl
PATTY-BV,plant-watering,files/plant-watering/domain.pddl,files/plant-watering/instances/instance_5_3.pddl
ENHSP,plant-watering,files/plant-watering/domain.pddl,files/plant-watering/instances/instance_5_3.pddl
PATTY,plant-watering,files/plant-watering/domain.pddl,files/plant-watering/instances/instance_6_1.pddl
PATTY-BV,plant-watering,files/plant-watering/domain.pddl,files/plant-watering/instances/instance_6_1.pddl
ENHSP,plant-watering,files/plant-watering/domain.pddl,files/plant-watering/instances/instance_6_1.pddl
PATTY,plant-watering,files/plant-watering/domain.pddl,files/plant-watering/instances/instance_6_2.pddl
PATTY-BV,plant-watering,files/plant-watering/domain.pddl,files/plant-watering/instances/instance_6_2.pddl
ENHSP,plant-watering,files/plant-watering/domain.pddl,files/plant-watering/instances/instance_6_2.pddl
PATTY,plant-watering,files/plant-watering/domain.pddl,files/plant-watering/instances/instance_6_3.pddl
PATTY-BV,plant-watering,files/plant-watering/domain.pddl,files/plant-watering/instances/instance_6_3.pddl
ENHSP,plant-watering,files/plant-watering/domain.pddl,files/plant-watering/instances/instance_6_3.pddl
PATTY,plant-watering,files/plant-watering/domain.pddl,files/plant-watering/instances/instance_7_1.pddl
PATTY-BV,plant-watering,files/plant-watering/domain.pddl,files/plant-watering/instances/instance_7_1.pddl
ENHSP,plant-watering,files/plant-watering/domain.pddl,files/plant-watering/instances/instance_7_1.pddl
PATTY,plant-watering,files/plant-watering/domain.pddl,files/plant-watering/instances/instance_7_2.pddl
PATTY-BV,plant-watering,files/plant-watering/domain.pddl,files/plant-watering/instances/instance_7_2.pddl
ENHSP,plant-watering,files/plant-watering/domain.pddl,files/plant-watering/instances/instance_7_2.pddl
PATTY,plant-watering,files/plant-watering/domain.pddl,files/plant-watering/instances/instance_7_3.pddl
PATTY-BV,plant-watering,files/plant-watering/domain.pddl,files/plant-watering/instances/instance_7_3.pddl
ENHSP,plant-watering,files/plant-watering/domain.pddl,files/plant-watering/instances/instance_7_3.pddl
PATTY,plant-watering,files/plant-watering/domain.pddl,files/plant-watering/instances/instance_8_1.pddl
PATTY-BV,plant-watering,files/plant-watering/domain.pddl,files/plant-watering/instances/instance_8_1.pddl
ENHSP,plant-watering,files/plant-watering/domain.pddl,files/plant-watering/instances/instance_8_1.pddl
PATTY,plant-watering,files/plant-watering/domain.pddl,files/plant-watering/instances/instance_8_2.pddl
PATTY-BV,plant-watering,files/plant-watering/domain.pddl,files/plant-watering/instances/instance_8_2.pddl
ENHSP,plant-watering,files/plant-watering/domain.pddl,files/plant-watering/instances/instance_8_2.pddl
PATTY,plant-watering,files/plant-watering/domain.pddl,files/plant-watering/instances/instance_8_3.pddl
PATTY-BV,plant-watering,files/plant-watering/domain.pddl,files/plant-watering/instances/instance_8_3.pddl
ENHSP,plant-watering,files/plant-watering/domain.pddl,files/plant-watering/instances/instance_8_3.pddl
PATTY,plant-watering,files/plant-watering/domain.pddl,files/plant-watering/instances/instance_9_1.pddl
PATTY-BV,plant-watering,files/plant-watering/domain.pddl,files/plant-watering/instances/instance_9_1.pddl
ENHSP,plant-watering,files/plant-watering/domain.pddl,files/plant-watering/instances/instance_9_1.pddl
PATTY,plant-watering,files/plant-watering/domain.pddl,files/plant-watering/instances/instance_9_2.pddl
PATTY-BV,plant-watering,files/plant-watering/domain.pddl,files/plant-watering/instances/instance_9_2.pddl
ENHSP,plant-watering,files/plant-watering/domain.pddl,files/plant-watering/instances/instance_9_2.pddl
PATTY,plant-watering,files/plant-watering/domain.pddl,files/plant-watering/instances/instance_9_3.pddl
PATTY-BV,plant-watering,files/plant-watering/domain.pddl,files/plant-watering/instances/instance_9_3.pddl
ENHSP,plant-watering,files/plant-watering/domain.pddl,files/plant-watering/instances/instance_9_3.pddl
PATTY,rover,files/rover/domain.pddl,files/rover/instances/pfile1.pddl
PATTY-BV,rover,files/rover/domain.pddl,files/rover/instances/pfile1.pddl
ENHSP,rover,files/rover/domain.pddl,files/rover/instances/pfile1.pddl
PATTY,rover,files/rover/domain.pddl,files/rover/instances/pfile10.pddl
PATTY-BV,rover,files/rover/domain.pddl,files/rover/instances/pfile10.pddl
ENHSP,rover,files/rover/domain.pddl,files/rover/instances/pfile10.pddl
PATTY,rover,files/rover/domain.pddl,files/rover/instances/pfile11.pddl
PATTY-BV,rover,files/rover/domain.pddl,files/rover/instances/pfile11.pddl
ENHSP,rover,files/rover/domain.pddl,files/rover/instances/pfile11.pddl
PATTY,rover,files/rover/domain.pddl,files/rover/instances/pfile12.pddl
PATTY-BV,rover,files/rover/domain.pddl,files/rover/instances/pfile12.pddl
ENHSP,rover,files/rover/domain.pddl,files/rover/instances/pfile12.pddl
PATTY,rover,files/rover/domain.pddl,files/rover/instances/pfile13.pddl
PATTY-BV,rover,files/rover/domain.pddl,files/rover/instances/pfile13.pddl
ENHSP,rover,files/rover/domain.pddl,files/rover/instances/pfile13.pddl
PATTY,rover,files/rover/domain.pddl,files/rover/instances/pfile14.pddl
PATTY-BV,rover,files/rover/domain.pddl,files/rover/instances/pfile14.pddl
ENHSP,rover,files/rover/domain.pddl,files/rover/instances/pfile14.pddl
PATTY,rover,files/rover/domain.pddl,files/rover/instances/pfile15.pddl
PATTY-BV,rover,files/rover/domain.pddl,files/rover/instances/pfile15.pddl
ENHSP,rover,files/rover/domain.pddl,files/rover/instances/pfile15.pddl
PATTY,rover,files/rover/domain.pddl,files/rover/instances/pfile16.pddl
PATTY-BV,rover,files/rover/domain.pddl,files/rover/instances/pfile16.pddl
ENHSP,rover,files/rover/domain.pddl,files/rover/instances/pfile16.pddl
PATTY,rover,files/rover/domain.pddl,files/rover/instances/pfile17.pddl
PATTY-BV,rover,files/rover/domain.pddl,files/rover/instances/pfile17.pddl
ENHSP,rover,files/rover/domain.pddl,files/rover/instances/pfile17.pddl
PATTY,rover,files/rover/domain.pddl,files/rover/instances/pfile18.pddl
PATTY-BV,rover,files/rover/domain.pddl,files/rover/instances/pfile18.pddl
ENHSP,rover,files/rover/domain.pddl,files/rover/instances/pfile18.pddl
PATTY,rover,files/rover/domain.pddl,files/rover/instances/pfile19.pddl
PATTY-BV,rover,files/rover/domain.pddl,files/rover/instances/pfile19.pddl
ENHSP,rover,files/rover/domain.pddl,files/rover/instances/pfile19.pddl
PATTY,rover,files/rover/domain.pddl,files/rover/instances/pfile2.pddl
PATTY-BV,rover,files/rover/domain.pddl,files/rover/instances/pfile2.pddl
ENHSP,rover,files/rover/domain.pddl,files/rover/instances/pfile2.pddl
PATTY,rover,files/rover/domain.pddl,files/rover/instances/pfile20.pddl
PATTY-BV,rover,files/rover/domain.pddl,files/rover/instances/pfile20.pddl
ENHSP,rover,files/rover/domain.pddl,files/rover/instances/pfile20.pddl
PATTY,rover,files/rover/domain.pddl,files/rover/instances/pfile3.pddl
PATTY-BV,rover,files/rover/domain.pddl,files/rover/instances/pfile3.pddl
ENHSP,rover,files/rover/domain.pddl,files/rover/instances/pfile3.pddl
PATTY,rover,files/rover/domain.pddl,files/rover/instances/pfile4.pddl
PATTY-BV,rover,files/rover/domain.pddl,files/rover/instances/pfile4.pddl
ENHSP,rover,files/rover/domain.pddl,files/rover/instances/pfile4.pddl
PATTY,rover,files/rover/domain.pddl,files/rover/instances/pfile5.pddl
PATTY-BV,rover,files/rover/domain.pddl,files/rover/instances/pfile5.pddl
ENHSP,rover,files/rover/domain.pddl,files/rover/instances/pfile5.pddl
PATTY,rover,files/rover/domain.pddl,files/rover/instances/pfile6.pddl
PATTY-BV,rover,files/rover/domain.pddl,files/rover/instances/pfile6.pddl
ENHSP,rover,files/rover/domain.pddl,files/rover/instances/pfile6.pddl
PATTY,rover,files/rover/domain.pddl,files/rover/instances/pfile7.pddl
PATTY-BV,rover,files/rover/domain.pddl,files/rover/instances/pfile7.pddl
ENHSP,rover,files/rover/domain.pddl,files/rover/instances/pfile7.pddl
PATTY,rover,files/rover/domain.pddl,files/rover/instances/pfile8.pddl
PATTY-BV,rover,files/rover/domain.pddl,files/rover/instances/pfile8.pddl
ENHSP,rover,files/rover/domain.pddl,files/rover/instances/pfile8.pddl
PATTY,rover,files/rover/domain.pddl,files/rover/instances/pfile9.pddl
PATTY-BV,rover,files/rover/domain.pddl,files/rover/instances/pfile9.pddl
ENHSP,rover,files/rover/domain.pddl,files/rover/instances/pfile9.pddl
PATTY,sailing,files/sailing/domain.pddl,files/sailing/instances/instance_1_10_1229.pddl
PATTY-BV,sailing,files/sailing/domain.pddl,files/sailing/instances/instance_1_10_1229.pddl
ENHSP,sailing,files/sailing/domain.pddl,files/sailing/instances/instance_1_10_1229.pddl
PATTY,sailing,files/sailing/domain.pddl,files/sailing/instances/instance_1_1_1229.pddl
PATTY-BV,sailing,files/sailing/domain.pddl,files/sailing/instances/instance_1_1_1229.pddl
ENHSP,sailing,files/sailing/domain.pddl,files/sailing/instances/instance_1_1_1229.pddl
PATTY,sailing,files/sailing/domain.pddl,files/sailing/instances/instance_1_2_1229.pddl
PATTY-BV,sailing,files/sailing/domain.pddl,files/sailing/instances/instance_1_2_1229.pddl
ENHSP,sailing,files/sailing/domain.pddl,files/sailing/instances/instance_1_2_1229.pddl
PATTY,sailing,files/sailing/domain.pddl,files/sailing/instances/instance_1_3_1229.pddl
PATTY-BV,sailing,files/sailing/domain.pddl,files/sailing/instances/instance_1_3_1229.pddl
ENHSP,sailing,files/sailing/domain.pddl,files/sailing/instances/instance_1_3_1229.pddl
PATTY,sailing,files/sailing/domain.pddl,files/sailing/instances/instance_1_4_1229.pddl
PATTY-BV,sailing,files/sailing/domain.pddl,files/sailing/instances/instance_1_4_1229.pddl
ENHSP,sailing,files/sailing/domain.pddl,files/sailing/instances/instance_1_4_1229.pddl
PATTY,sailing,files/sailing/domain.pddl,files/sailing/instances/instance_1_5_1229.pddl
PATTY-BV,sailing,files/sailing/domain.pddl,files/sailing/instances/instance_1_5_1229.pddl
ENHSP,sailing,files/sailing/domain.pddl,files/sailing/instances/instance_1_5_1229.pddl
PATTY,sailing,files/sailing/domain.pddl,files/sailing/instances/instance_1_6_1229.pddl
PATTY-BV,sailing,files/sailing/domain.pddl,files/sailing/instances/instance_1_6_1229.pddl
ENHSP,sailing,files/sailing/domain.pddl,files/sailing/instances/instance_1_6_1229.pddl
PATTY,sailing,files/sailing/domain.pddl,files/sailing/instances/instance_1_7_1229.pddl
PATTY-BV,sailing,files/sailing/domain.pddl,files/sailing/instances/instance_1_7_1229.pddl
ENHSP,sailing,files/sailing/domain.pddl,files/sailing/instances/instance_1_7_1229.pddl
PATTY,sailing,files/sailing/domain.pddl,files/sailing/instances/instance_1_8_1229.pddl
PATTY-BV,sailing,files/sailing/domain.pddl,files/sailing/instances/instance_1_8_1229.pddl
ENHSP,sailing,files/sailing/domain.pddl,files/sailing/instances/instance_1_8_1229.pddl
PATTY,sailing,files/sailing/domain.pddl,files/sailing/instances/instance_1_9_1229.pddl
PATTY-BV,sailing,files/sailing/domain.pddl,files/sailing/instances/instance_1_9_1229.pddl
ENHSP,sailing,files/sailing/domain.pddl,files/sailing/instances/instance_1_9_1229.pddl
PATTY,sailing,files/sailing/domain.pddl,files/sailing/instances/instance_2_10_1229.pddl
PATTY-BV,sailing,files/sailing/domain.pddl,files/sailing/instances/instance_2_10_1229.pddl
ENHSP,sailing,files/sailing/domain.pddl,files/sailing/instances/instance_2_10_1229.pddl
PATTY,sailing,files/sailing/domain.pddl,files/sailing/instances/instance_2_1_1229.pddl
PATTY-BV,sailing,files/sailing/domain.pddl,files/sailing/instances/instance_2_1_1229.pddl
ENHSP,sailing,files/sailing/domain.pddl,files/sailing/instances/instance_2_1_1229.pddl
PATTY,sailing,files/sailing/domain.pddl,files/sailing/instances/instance_2_2_1229.pddl
PATTY-BV,sailing,files/sailing/domain.pddl,files/sailing/instances/instance_2_2_1229.pddl
ENHSP,sailing,files/sailing/domain.pddl,files/sailing/instances/instance_2_2_1229.pddl
PATTY,sailing,files/sailing/domain.pddl,files/sailing/instances/instance_2_3_1229.pddl
PATTY-BV,sailing,files/sailing/domain.pddl,files/sailing/instances/instance_2_3_1229.pddl
ENHSP,sailing,files/sailing/domain.pddl,files/sailing/instances/instance_2_3_1229.pddl
PATTY,sailing,files/sailing/domain.pddl,files/sailing/instances/instance_2_4_1229.pddl
PATTY-BV,sailing,files/sailing/domain.pddl,files/sailing/instances/instance_2_4_1229.pddl
ENHSP,sailing,files/sailing/domain.pddl,files/sailing/instances/instance_2_4_1229.pddl
PATTY,sailing,files/sailing/domain.pddl,files/sailing/instances/instance_2_5_1229.pddl
PATTY-BV,sailing,files/sailing/domain.pddl,files/sailing/instances/instance_2_5_1229.pddl
ENHSP,sailing,files/sailing/domain.pddl,files/sailing/instances/instance_2_5_1229.pddl
PATTY,sailing,files/sailing/domain.pddl,files/sailing/instances/instance_2_6_1229.pddl
PATTY-BV,sailing,files/sailing/domain.pddl,files/sailing/instances/instance_2_6_1229.pddl
ENHSP,sailing,files/sailing/domain.pddl,files/sailing/instances/instance_2_6_1229.pddl
PATTY,sailing,files/sailing/domain.pddl,files/sailing/instances/instance_2_7_1229.pddl
PATTY-BV,sailing,files/sailing/domain.pddl,files/sailing/instances/instance_2_7_1229.pddl
ENHSP,sailing,files/sailing/domain.pddl,files/sailing/instances/instance_2_7_1229.pddl
PATTY,sailing,files/sailing/domain.pddl,files/sailing/instances/instance_2_8_1229.pddl
PATTY-BV,sailing,files/sailing/domain.pddl,files/sailing/instances/instance_2_8_1229.pddl
ENHSP,sailing,files/sailing/domain.pddl,files/sailing/instances/instance_2_8_1229.pddl
PATTY,sailing,files/sailing/domain.pddl,files/sailing/instances/instance_2_9_1229.pddl
PATTY-BV,sailing,files/sailing/domain.pddl,files/sailing/instances/instance_2_9_1229.pddl
ENHSP,sailing,files/sailing/domain.pddl,files/sailing/instances/instance_2_9_1229.pddl
PATTY,sailing,files/sailing/domain.pddl,files/sailing/instances/instance_3_10_1229.pddl
PATTY-BV,sailing,files/sailing/domain.pddl,files/sailing/instances/instance_3_10_1229.pddl
ENHSP,sailing,files/sailing/domain.pddl,files/sailing/instances/instance_3_10_1229.pddl
PATTY,sailing,files/sailing/domain.pddl,files/sailing/instances/instance_3_1_1229.pddl
PATTY-BV,sailing,files/sailing/domain.pddl,files/sailing/instances/instance_3_1_1229.pddl
ENHSP,sailing,files/sailing/domain.pddl,files/sailing/instances/instance_3_1_1229.pddl
PATTY,sailing,files/sailing/domain.pddl,files/sailing/instances/instance_3_2_1229.pddl
PATTY-BV,sailing,files/sailing/domain.pddl,files/sailing/instances/instance_3_2_1229.pddl
ENHSP,sailing,files/sailing/domain.pddl,files/sailing/instances/instance_3_2_1229.pddl
PATTY,sailing,files/sailing/domain.pddl,files/sailing/instances/instance_3_3_1229.pddl
PATTY-BV,sailing,files/sailing/domain.pddl,files/sailing/instances/instance_3_3_1229.pddl
ENHSP,sailing,files/sailing/domain.pddl,files/sailing/instances/instance_3_3_1229.pddl
PATTY,sailing,files/sailing/domain.pddl,files/sailing/instances/instance_3_4_1229.pddl
PATTY-BV,sailing,files/sailing/domain.pddl,files/sailing/instances/instance_3_4_1229.pddl
ENHSP,sailing,files/sailing/domain.pddl,files/sailing/instances/instance_3_4_1229.pddl
PATTY,sailing,files/sailing/domain.pddl,files/sailing/instances/instance_3_5_1229.pddl
PATTY-BV,sailing,files/sailing/domain.pddl,files/sailing/instances/instance_3_5_1229.pddl
ENHSP,sailing,files/sailing/domain.pddl,files/sailing/instances/instance_3_5_1229.pddl
PATTY,sailing,files/sailing/domain.pddl,files/sailing/instances/instance_3_6_1229.pddl
PATTY-BV,sailing,files/sailing/domain.pddl,files/sailing/instances/instance_3_6_1229.pddl
ENHSP,sailing,files/sailing/domain.pddl,files/sailing/instances/instance_3_6_1229.pddl
PATTY,sailing,files/sailing/domain.pddl,files/sailing/instances/instance_3_7_1229.pddl
PATTY-BV,sailing,files/sailing/domain.pddl,files/sailing/instances/instance_3_7_1229.pddl
ENHSP,sailing,files/sailing/domain.pddl,files/sailing/instances/instance_3_7_1229.pddl
PATTY,sailing,files/sailing/domain.pddl,files/sailing/instances/instance_3_8_1229.pddl
PATTY-BV,sailing,files/sailing/domain.pddl,files/sailing/instances/instance_3_8_1229.pddl
ENHSP,sailing,files/sailing/domain.pddl,files/sailing/instances/instance_3_8_1229.pddl
PATTY,sailing,files/sailing/domain.pddl,files/sailing/instances/instance_3_9_1229.pddl
PATTY-BV,sailing,files/sailing/domain.pddl,files/sailing/instances/instance_3_9_1229.pddl
ENHSP,sailing,files/sailing/domain.pddl,files/sailing/instances/instance_3_9_1229.pddl
PATTY,sailing,files/sailing/domain.pddl,files/sailing/instances/instance_4_10_1229.pddl
PATTY-BV,sailing,files/sailing/domain.pddl,files/sailing/instances/instance_4_10_1229.pddl
ENHSP,sailing,files/sailing/domain.pddl,files/sailing/instances/instance_4_10_1229.pddl
PATTY,sailing,files/sailing/domain.pddl,files/sailing/instances/instance_4_1_1229.pddl
PATTY-BV,sailing,files/sailing/domain.pddl,files/sailing/instances/instance_4_1_1229.pddl
ENHSP,sailing,files/sailing/domain.pddl,files/sailing/instances/instance_4_1_1229.pddl
PATTY,sailing,files/sailing/domain.pddl,files/sailing/instances/instance_4_2_1229.pddl
PATTY-BV,sailing,files/sailing/domain.pddl,files/sailing/instances/instance_4_2_1229.pddl
ENHSP,sailing,files/sailing/domain.pddl,files/sailing/instances/instance_4_2_1229.pddl
PATTY,sailing,files/sailing/domain.pddl,files/sailing/instances/instance_4_3_1229.pddl
PATTY-BV,sailing,files/sailing/domain.pddl,files/sailing/instances/instance_4_3_1229.pddl
ENHSP,sailing,files/sailing/domain.pddl,files/sailing/instances/instance_4_3_1229.pddl
PATTY,sailing,files/sailing/domain.pddl,files/sailing/instances/instance_4_4_1229.pddl
PATTY-BV,sailing,files/sailing/domain.pddl,files/sailing/instances/instance_4_4_1229.pddl
ENHSP,sailing,files/sailing/domain.pddl,files/sailing/instances/instance_4_4_1229.pddl
PATTY,sailing,files/sailing/domain.pddl,files/sailing/instances/instance_4_5_1229.pddl
PATTY-BV,sailing,files/sailing/domain.pddl,files/sailing/instances/instance_4_5_1229.pddl
ENHSP,sailing,files/sailing/domain.pddl,files/sailing/instances/instance_4_5_1229.pddl
PATTY,sailing,files/sailing/domain.pddl,files/sailing/instances/instance_4_6_1229.pddl
PATTY-BV,sailing,files/sailing/domain.pddl,files/sailing/instances/instance_4_6_1229.pddl
ENHSP,sailing,files/sailing/domain.pddl,files/sailing/instances/instance_4_6_1229.pddl
PATTY,sailing,files/sailing/domain.pddl,files/sailing/instances/instance_4_7_1229.pddl
PATTY-BV,sailing,files/sailing/domain.pddl,files/sailing/instances/instance_4_7_1229.pddl
ENHSP,sailing,files/sailing/domain.pddl,files/sailing/instances/instance_4_7_1229.pddl
PATTY,sailing,files/sailing/domain.pddl,files/sailing/instances/instance_4_8_1229.pddl
PATTY-BV,sailing,files/sailing/domain.pddl,files/sailing/instances/instance_4_8_1229.pddl
ENHSP,sailing,files/sailing/domain.pddl,files/sailing/instances/instance_4_8_1229.pddl
PATTY,sailing,files/sailing/domain.pddl,files/sailing/instances/instance_4_9_1229.pddl
PATTY-BV,sailing,files/sailing/domain.pddl,files/sailing/instances/instance_4_9_1229.pddl
ENHSP,sailing,files/sailing/domain.pddl,files/sailing/instances/instance_4_9_1229.pddl
PATTY,sailing_ln,files/sailing_ln/domain.pddl,files/sailing_ln/instances/instance_1_1_1229.pddl
PATTY-BV,sailing_ln,files/sailing_ln/domain.pddl,files/sailing_ln/instances/instance_1_1_1229.pddl
ENHSP,sailing_ln,files/sailing_ln/domain.pddl,files/sailing_ln/instances/instance_1_1_1229.pddl
PATTY,sailing_ln,files/sailing_ln/domain.pddl,files/sailing_ln/instances/instance_1_2_1229.pddl
PATTY-BV,sailing_ln,files/sailing_ln/domain.pddl,files/sailing_ln/instances/instance_1_2_1229.pddl
ENHSP,sailing_ln,files/sailing_ln/domain.pddl,files/sailing_ln/instances/instance_1_2_1229.pddl
PATTY,sailing_ln,files/sailing_ln/domain.pddl,files/sailing_ln/instances/instance_1_3_1229.pddl
PATTY-BV,sailing_ln,files/sailing_ln/domain.pddl,files/sailing_ln/instances/instance_1_3_1229.pddl
ENHSP,sailing_ln,files/sailing_ln/domain.pddl,files/sailing_ln/instances/instance_1_3_1229.pddl
PATTY,sailing_ln,files/sailing_ln/domain.pddl,files/sailing_ln/instances/instance_1_4_1229.pddl
PATTY-BV,sailing_ln,files/sailing_ln/domain.pddl,files/sailing_ln/instances/instance_1_4_1229.pddl
ENHSP,sailing_ln,files/sailing_ln/domain.pddl,files/sailing_ln/instances/instance_1_4_1229.pddl
PATTY,sailing_ln,files/sailing_ln/domain.pddl,files/sailing_ln/instances/instance_2_1_1229.pddl
PATTY-BV,sailing_ln,files/sailing_ln/domain.pddl,files/sailing_ln/instances/instance_2_1_1229.pddl
ENHSP,sailing_ln,files/sailing_ln/domain.pddl,files/sailing_ln/instances/instance_2_1_1229.pddl
PATTY,sailing_ln,files/sailing_ln/domain.pddl,files/sailing_ln/instances/instance_2_2_1229.pddl
PATTY-BV,sailing_ln,files/sailing_ln/domain.pddl,files/sailing_ln/instances/instance_2_2_1229.pddl
ENHSP,sailing_ln,files/sailing_ln/domain.pddl,files/sailing_ln/instances/instance_2_2_1229.pddl
PATTY,sailing_ln,files/sailing_ln/domain.pddl,files/sailing_ln/instances/instance_2_3_1229.pddl
PATTY-BV,sailing_ln,files/sailing_ln/domain.pddl,files/sailing_ln/instances/instance_2_3_1229.pddl
ENHSP,sailing_ln,files/sailing_ln/domain.pddl,files/sailing_ln/instances/instance_2_3_1229.pddl
PATTY,sailing_ln,files/sailing_ln/domain.pddl,files/sailing_ln/instances/instance_2_4_1229.pddl
PATTY-BV,sailing_ln,files/sailing_ln/domain.pddl,files/sailing_ln/instances/instance_2_4_1229.pddl
ENHSP,sailing_ln,files/sailing_ln/domain.pddl,files/sailing_ln/instances/instance_2_4_1229.pddl
PATTY,sailing_ln,files/sailing_ln/domain.pddl,files/sailing_ln/instances/instance_3_1_1229.pddl
PATTY-BV,sailing_ln,files/sailing_ln/domain.pddl,files/sailing_ln/instances/instance_3_1_1229.pddl
ENHSP,sailing_ln,files/sailing_ln/domain.pddl,files/sailing_ln/instances/instance_3_1_1229.pddl
PATTY,sailing_ln,files/sailing_ln/domain.pddl,files/sailing_ln/instances/instance_3_2_1229.pddl
PATTY-BV,sailing_ln,files/sailing_ln/domain.pddl,files/sailing_ln/instances/instance_3_2_1229.pddl
ENHSP,sailing_ln,files/sailing_ln/domain.pddl,files/sailing_ln/instances/instance_3_2_1229.pddl
PATTY,sailing_ln,files/sailing_ln/domain.pddl,files/sailing_ln/instances/instance_3_3_1229.pddl
PATTY-BV,sailing_ln,files/sailing_ln/domain.pddl,files/sailing_ln/instances/instance_3_3_1229.pddl
ENHSP,sailing_ln,files/sailing_ln/domain.pddl,files/sailing_ln/instances/instance_3_3_1229.pddl
PATTY,sailing_ln,files/sailing_ln/domain.pddl,files/sailing_ln/instances/instance_3_4_1229.pddl
PATTY-BV,sailing_ln,files/sailing_ln/domain.pddl,files/sailing_ln/instances/instance_3_4_1229.pddl
ENHSP,sailing_ln,files/sailing_ln/domain.pddl,files/sailing_ln/instances/instance_3_4_1229.pddl
PATTY,sailing_ln,files/sailing_ln/domain.pddl,files/sailing_ln/instances/instance_4_1_1229.pddl
PATTY-BV,sailing_ln,files/sailing_ln/domain.pddl,files/sailing_ln/instances/instance_4_1_1229.pddl
ENHSP,sailing_ln,files/sailing_ln/domain.pddl,files/sailing_ln/instances/instance_4_1_1229.pddl
PATTY,sailing_ln,files/sailing_ln/domain.pddl,files/sailing_ln/instances/instance_4_2_1229.pddl
PATTY-BV,sailing_ln,files/sailing_ln/domain.pddl,files/sailing_ln/instances/instance_4_2_1229.pddl
ENHSP,sailing_ln,files/sailing_ln/domain.pddl,files/sailing_ln/instances/instance_4_2_1229.pddl
PATTY,sailing_ln,files/sailing_ln/domain.pddl,files/sailing_ln/instances/instance_4_3_1229.pddl
PATTY-BV,sailing_ln,files/sailing_ln/domain.pddl,files/sailing_ln/instances/instance_4_3_1229.pddl
ENHSP,sailing_ln,files/sailing_ln/domain.pddl,files/sailing_ln/instances/instance_4_3_1229.pddl
PATTY,sailing_ln,files/sailing_ln/domain.pddl,files/sailing_ln/instances/instance_4_4_1229.pddl
PATTY-BV,sailing_ln,files/sailing_ln/domain.pddl,files/sailing_ln/instances/instance_4_4_1229.pddl
ENHSP,sailing_ln,files/sailing_ln/domain.pddl,files/sailing_ln/instances/instance_4_4_1229.pddl
PATTY,sailing_ln,files/sailing_ln/domain.pddl,files/sailing_ln/instances/instance_5_1_1229.pddl
PATTY-BV,sailing_ln,files/sailing_ln/domain.pddl,files/sailing_ln/instances/instance_5_1_1229.pddl
ENHSP,sailing_ln,files/sailing_ln/domain.pddl,files/sailing_ln/instances/instance_5_1_1229.pddl
PATTY,sailing_ln,files/sailing_ln/domain.pddl,files/sailing_ln/instances/instance_5_2_1229.pddl
PATTY-BV,sailing_ln,files/sailing_ln/domain.pddl,files/sailing_ln/instances/instance_5_2_1229.pddl
ENHSP,sailing_ln,files/sailing_ln/domain.pddl,files/sailing_ln/instances/instance_5_2_1229.pddl
PATTY,sailing_ln,files/sailing_ln/domain.pddl,files/sailing_ln/instances/instance_5_3_1229.pddl
PATTY-BV,sailing_ln,files/sailing_ln/domain.pddl,files/sailing_ln/instances/instance_5_3_1229.pddl
ENHSP,sailing_ln,files/sailing_ln/domain.pddl,files/sailing_ln/instances/instance_5_3_1229.pddl
PATTY,sailing_ln,files/sailing_ln/domain.pddl,files/sailing_ln/instances/instance_5_4_1229.pddl
PATTY-BV,sailing_ln,files/sailing_ln/domain.pddl,files/sailing_ln/instances/instance_5_4_1229.pddl
ENHSP,sailing_ln,files/sailing_ln/domain.pddl,files/sailing_ln/instances/instance_5_4_1229.pddl
PATTY,satellite,files/satellite/domain.pddl,files/satellite/instances/pfile1.pddl
PATTY-BV,satellite,files/satellite/domain.pddl,files/satellite/instances/pfile1.pddl
ENHSP,satellite,files/satellite/domain.pddl,files/satellite/instances/pfile1.pddl
PATTY,satellite,files/satellite/domain.pddl,files/satellite/instances/pfile10.pddl
PATTY-BV,satellite,files/satellite/domain.pddl,files/satellite/instances/pfile10.pddl
ENHSP,satellite,files/satellite/domain.pddl,files/satellite/instances/pfile10.pddl
PATTY,satellite,files/satellite/domain.pddl,files/satellite/instances/pfile11.pddl
PATTY-BV,satellite,files/satellite/domain.pddl,files/satellite/instances/pfile11.pddl
ENHSP,satellite,files/satellite/domain.pddl,files/satellite/instances/pfile11.pddl
PATTY,satellite,files/satellite/domain.pddl,files/satellite/instances/pfile12.pddl
PATTY-BV,satellite,files/satellite/domain.pddl,files/satellite/instances/pfile12.pddl
ENHSP,satellite,files/satellite/domain.pddl,files/satellite/instances/pfile12.pddl
PATTY,satellite,files/satellite/domain.pddl,files/satellite/instances/pfile13.pddl
PATTY-BV,satellite,files/satellite/domain.pddl,files/satellite/instances/pfile13.pddl
ENHSP,satellite,files/satellite/domain.pddl,files/satellite/instances/pfile13.pddl
PATTY,satellite,files/satellite/domain.pddl,files/satellite/instances/pfile14.pddl
PATTY-BV,satellite,files/satellite/domain.pddl,files/satellite/instances/pfile14.pddl
ENHSP,satellite,files/satellite/domain.pddl,files/satellite/instances/pfile14.pddl
PATTY,satellite,files/satellite/domain.pddl,files/satellite/instances/pfile15.pddl
PATTY-BV,satellite,files/satellite/domain.pddl,files/satellite/instances/pfile15.pddl
ENHSP,satellite,files/satellite/domain.pddl,files/satellite/instances/pfile15.pddl
PATTY,satellite,files/satellite/domain.pddl,files/satellite/instances/pfile16.pddl
PATTY-BV,satellite,files/satellite/domain.pddl,files/satellite/instances/pfile16.pddl
ENHSP,satellite,files/satellite/domain.pddl,files/satellite/instances/pfile16.pddl
PATTY,satellite,files/satellite/domain.pddl,files/satellite/instances/pfile17.pddl
PATTY-BV,satellite,files/satellite/domain.pddl,files/satellite/instances/pfile17.pddl
ENHSP,satellite,files/satellite/domain.pddl,files/satellite/instances/pfile17.pddl
PATTY,satellite,files/satellite/domain.pddl,files/satellite/instances/pfile18.pddl
PATTY-BV,satellite,files/satellite/domain.pddl,files/satellite/instances/pfile18.pddl
ENHSP,satellite,files/satellite/domain.pddl,files/satellite/instances/pfile18.pddl
PATTY,satellite,files/satellite/domain.pddl,files/satellite/instances/pfile19.pddl
PATTY-BV,satellite,files/satellite/domain.pddl,files/satellite/instances/pfile19.pddl
ENHSP,satellite,files/satellite/domain.pddl,files/satellite/instances/pfile19.pddl
PATTY,satellite,files/satellite/domain.pddl,files/satellite/instances/pfile2.pddl
PATTY-BV,satellite,files/satellite/domain.pddl,files/satellite/instances/pfile2.pddl
ENHSP,satellite,files/satellite/domain.pddl,files/satellite/instances/pfile2.pddl
PATTY,satellite,files/satellite/domain.pddl,files/satellite/instances/pfile20.pddl
PATTY-BV,satellite,files/satellite/domain.pddl,files/satellite/instances/pfile20.pddl
ENHSP,satellite,files/satellite/domain.pddl,files/satellite/instances/pfile20.pddl
PATTY,satellite,files/satellite/domain.pddl,files/satellite/instances/pfile3.pddl
PATTY-BV,satellite,files/satellite/domain.pddl,files/satellite/instances/pfile3.pddl
ENHSP,satellite,files/satellite/domain.pddl,files/satellite/instances/pfile3.pddl
PATTY,satellite,files/satellite/domain.pddl,files/satellite/instances/pfile4.pddl
PATTY-BV,satellite,files/satellite/domain.pddl,files/satellite/instances/pfile4.pddl
ENHSP,satellite,files/satellite/domain.pddl,files/satellite/instances/pfile4.pddl
PATTY,satellite,files/satellite/domain.pddl,files/satellite/instances/pfile5.pddl
PATTY-BV,satellite,files/satellite/domain.pddl,files/satellite/instances/pfile5.pddl
ENHSP,satellite,files/satellite/domain.pddl,files/satellite/instances/pfile5.pddl
PATTY,satellite,files/satellite/domain.pddl,files/satellite/instances/pfile6.pddl
PATTY-BV,satellite,files/satellite/domain.pddl,files/satellite/instances/pfile6.pddl
ENHSP,satellite,files/satellite/domain.pddl,files/satellite/instances/pfile6.pddl
PATTY,satellite,files/satellite/domain.pddl,files/satellite/instances/pfile7.pddl
PATTY-BV,satellite,files/satellite/domain.pddl,files/satellite/instances/pfile7.pddl
ENHSP,satellite,files/satellite/domain.pddl,files/satellite/instances/pfile7.pddl
PATTY,satellite,files/satellite/domain.pddl,files/satellite/instances/pfile8.pddl
PATTY-BV,satellite,files/satellite/domain.pddl,files/satellite/instances/pfile8.pddl
ENHSP,satellite,files/satellite/domain.pddl,files/satellite/instances/pfile8.pddl
PATTY,satellite,files/satellite/domain.pddl,files/satellite/instances/pfile9.pddl
PATTY-BV,satellite,files/satellite/domain.pddl,files/satellite/instances/pfile9.pddl
ENHSP,satellite,files/satellite/domain.pddl,files/satellite/instances/pfile9.pddl
PATTY,settlers,files/settlers/domain.pddl,files/settlers/instances/instance-1.pddl
PATTY-BV,settlers,files/settlers/domain.pddl,files/settlers/instances/instance-1.pddl
ENHSP,settlers,files/settlers/domain.pddl,files/settlers/instances/instance-1.pddl
PATTY,settlers,files/settlers/domain.pddl,files/settlers/instances/instance-10.pddl
PATTY-BV,settlers,files/settlers/domain.pddl,files/settlers/instances/instance-10.pddl
ENHSP,settlers,files/settlers/domain.pddl,files/settlers/instances/instance-10.pddl
PATTY,settlers,files/settlers/domain.pddl,files/settlers/instances/instance-11.pddl
PATTY-BV,settlers,files/settlers/domain.pddl,files/settlers/instances/instance-11.pddl
ENHSP,settlers,files/settlers/domain.pddl,files/settlers/instances/instance-11.pddl
PATTY,settlers,files/settlers/domain.pddl,files/settlers/instances/instance-12.pddl
PATTY-BV,settlers,files/settlers/domain.pddl,files/settlers/instances/instance-12.pddl
ENHSP,settlers,files/settlers/domain.pddl,files/settlers/instances/instance-12.pddl
PATTY,settlers,files/settlers/domain.pddl,files/settlers/instances/instance-13.pddl
PATTY-BV,settlers,files/settlers/domain.pddl,files/settlers/instances/instance-13.pddl
ENHSP,settlers,files/settlers/domain.pddl,files/settlers/instances/instance-13.pddl
PATTY,settlers,files/settlers/domain.pddl,files/settlers/instances/instance-14.pddl
PATTY-BV,settlers,files/settlers/domain.pddl,files/settlers/instances/instance-14.pddl
ENHSP,settlers,files/settlers/domain.pddl,files/settlers/instances/instance-14.pddl
PATTY,settlers,files/settlers/domain.pddl,files/settlers/instances/instance-15.pddl
PATTY-BV,settlers,files/settlers/domain.pddl,files/settlers/instances/instance-15.pddl
ENHSP,settlers,files/settlers/domain.pddl,files/settlers/instances/instance-15.pddl
PATTY,settlers,files/settlers/domain.pddl,files/settlers/instances/instance-16.pddl
PATTY-BV,settlers,files/settlers/domain.pddl,files/settlers/instances/instance-16.pddl
ENHSP,settlers,files/settlers/domain.pddl,files/settlers/instances/instance-16.pddl
PATTY,settlers,files/settlers/domain.pddl,files/settlers/instances/instance-17.pddl
PATTY-BV,settlers,files/settlers/domain.pddl,files/settlers/instances/instance-17.pddl
ENHSP,settlers,files/settlers/domain.pddl,files/settlers/instances/instance-17.pddl
PATTY,settlers,files/settlers/domain.pddl,files/settlers/instances/instance-18.pddl
PATTY-BV,settlers,files/settlers/domain.pddl,files/settlers/instances/instance-18.pddl
ENHSP,settlers,files/settlers/domain.pddl,files/settlers/instances/instance-18.pddl
PATTY,settlers,files/settlers/domain.pddl,files/settlers/instances/instance-19.pddl
PATTY-BV,settlers,files/settlers/domain.pddl,files/settlers/instances/instance-19.pddl
ENHSP,settlers,files/settlers/domain.pddl,files/settlers/instances/instance-19.pddl
PATTY,settlers,files/settlers/domain.pddl,files/settlers/instances/instance-2.pddl
PATTY-BV,settlers,files/settlers/domain.pddl,files/settlers/instances/instance-2.pddl
ENHSP,settlers,files/settlers/domain.pddl,files/settlers/instances/instance-2.pddl
PATTY,settlers,files/settlers/domain.pddl,files/settlers/instances/instance-20.pddl
PATTY-BV,settlers,files/settlers/domain.pddl,files/settlers/instances/instance-20.pddl
ENHSP,settlers,files/settlers/domain.pddl,files/settlers/instances/instance-20.pddl
PATTY,settlers,files/settlers/domain.pddl,files/settlers/instances/instance-3.pddl
PATTY-BV,settlers,files/settlers/domain.pddl,files/settlers/instances/instance-3.pddl
ENHSP,settlers,files/settlers/domain.pddl,files/settlers/instances/instance-3.pddl
PATTY,settlers,files/settlers/domain.pddl,files/settlers/instances/instance-4.pddl
PATTY-BV,settlers,files/settlers/domain.pddl,files/settlers/instances/instance-4.pddl
ENHSP,settlers,files/settlers/domain.pddl,files/settlers/instances/instance-4.pddl
PATTY,settlers,files/settlers/domain.pddl,files/settlers/instances/instance-5.pddl
PATTY-BV,settlers,files/settlers/domain.pddl,files/settlers/instances/instance-5.pddl
ENHSP,settlers,files/settlers/domain.pddl,files/settlers/instances/instance-5.pddl
PATTY,settlers,files/settlers/domain.pddl,files/settlers/instances/instance-6.pddl
PATTY-BV,settlers,files/settlers/domain.pddl,files/settlers/instances/instance-6.pddl
ENHSP,settlers,files/settlers/domain.pddl,files/settlers/instances/instance-6.pddl
PATTY,settlers,files/settlers/domain.pddl,files/settlers/instances/instance-7.pddl
PATTY-BV,settlers,files/settlers/domain.pddl,files/settlers/instances/instance-7.pddl
ENHSP,settlers,files/settlers/domain.pddl,files/settlers/instances/instance-7.pddl
PATTY,settlers,files/settlers/domain.pddl,files/settlers/instances/instance-8.pddl
PATTY-BV,settlers,files/settlers/domain.pddl,files/settlers/instances/instance-8.pddl
ENHSP,settlers,files/settlers/domain.pddl,files/settlers/instances/instance-8.pddl
PATTY,settlers,files/settlers/domain.pddl,files/settlers/instances/instance-9.pddl
PATTY-BV,settlers,files/settlers/domain.pddl,files/settlers/instances/instance-9.pddl
ENHSP,settlers,files/settlers/domain.pddl,files/settlers/instances/instance-9.pddl
PATTY,tpp,files/tpp/domain.pddl,files/tpp/instances/p01.pddl
PATTY-BV,tpp,files/tpp/domain.pddl,files/tpp/instances/p01.pddl
ENHSP,tpp,files/tpp/domain.pddl,files/tpp/instances/p01.pddl
PATTY,tpp,files/tpp/domain.pddl,files/tpp/instances/p02.pddl
PATTY-BV,tpp,files/tpp/domain.pddl,files/tpp/instances/p02.pddl
ENHSP,tpp,files/tpp/domain.pddl,files/tpp/instances/p02.pddl
PATTY,tpp,files/tpp/domain.pddl,files/tpp/instances/p03.pddl
PATTY-BV,tpp,files/tpp/domain.pddl,files/tpp/instances/p03.pddl
ENHSP,tpp,files/tpp/domain.pddl,files/tpp/instances/p03.pddl
PATTY,tpp,files/tpp/domain.pddl,files/tpp/instances/p04.pddl
PATTY-BV,tpp,files/tpp/domain.pddl,files/tpp/instances/p04.pddl
ENHSP,tpp,files/tpp/domain.pddl,files/tpp/instances/p04.pddl
PATTY,tpp,files/tpp/domain.pddl,files/tpp/instances/p05.pddl
PATTY-BV,tpp,files/tpp/domain.pddl,files/tpp/instances/p05.pddl
ENHSP,tpp,files/tpp/domain.pddl,files/tpp/instances/p05.pddl
PATTY,tpp,files/tpp/domain.pddl,files/tpp/instances/p06.pddl
PATTY-BV,tpp,files/tpp/domain.pddl,files/tpp/instances/p06.pddl
ENHSP,tpp,files/tpp/domain.pddl,files/tpp/instances/p06.pddl
PATTY,tpp,files/tpp/domain.pddl,files/tpp/instances/p07.pddl
PATTY-BV,tpp,files/tpp/domain.pddl,files/tpp/instances/p07.pddl
ENHSP,tpp,files/tpp/domain.pddl,files/tpp/instances/p07.pddl
PATTY,tpp,files/tpp/domain.pddl,files/tpp/instances/p08.pddl
PATTY-BV,tpp,files/tpp/domain.pddl,files/tpp/instances/p08.pddl
ENHSP,tpp,files/tpp/domain.pddl,files/tpp/instances/p08.pddl
PATTY,tpp,files/tpp/domain.pddl,files/tpp/instances/p09.pddl
PATTY-BV,tpp,files/tpp/domain.pddl,files/tpp/instances/p09.pddl
ENHSP,tpp,files/tpp/domain.pddl,files/tpp/instances/p09.pddl
PATTY,tpp,files/tpp/domain.pddl,files/tpp/instances/p10.pddl
PATTY-BV,tpp,files/tpp/domain.pddl,files/tpp/instances/p10.pddl
ENHSP,tpp,files/tpp/domain.pddl,files/tpp/instances/p10.pddl
PATTY,tpp,files/tpp/domain.pddl,files/tpp/instances/p11.pddl
PATTY-BV,tpp,files/tpp/domain.pddl,files/tpp/instances/p11.pddl
ENHSP,tpp,files/tpp/domain.pddl,files/tpp/instances/p11.pddl
PATTY,tpp,files/tpp/domain.pddl,files/tpp/instances/p12.pddl
PATTY-BV,tpp,files/tpp/domain.pddl,files/tpp/instances/p12.pddl
ENHSP,tpp,files/tpp/domain.pddl,files/tpp/instances/p12.pddl
PATTY,tpp,files/tpp/domain.pddl,files/tpp/instances/p13.pddl
PATTY-BV,tpp,files/tpp/domain.pddl,files/tpp/instances/p13.pddl
ENHSP,tpp,files/tpp/domain.pddl,files/tpp/instances/p13.pddl
PATTY,tpp,files/tpp/domain.pddl,files/tpp/instances/p14.pddl
PATTY-BV,tpp,files/tpp/domain.pddl,files/tpp/instances/p14.pddl
ENHSP,tpp,files/tpp/domain.pddl,files/tpp/instances/p14.pddl
PATTY,tpp,files/tpp/domain.pddl,files/tpp/instances/p15.pddl
PATTY-BV,tpp,files/tpp/domain.pddl,files/tpp/instances/p15.pddl
ENHSP,tpp,files/tpp/domain.pddl,files/tpp/instances/p15.pddl
PATTY,tpp,files/tpp/domain.pddl,files/tpp/instances/p16.pddl
PATTY-BV,tpp,files/tpp/domain.pddl,files/tpp/instances/p16.pddl
ENHSP,tpp,files/tpp/domain.pddl,files/tpp/instances/p16.pddl
PATTY,tpp,files/tpp/domain.pddl,files/tpp/instances/p17.pddl
PATTY-BV,tpp,files/tpp/domain.pddl,files/tpp/instances/p17.pddl
ENHSP,tpp,files/tpp/domain.pddl,files/tpp/instances/p17.pddl
PATTY,tpp,files/tpp/domain.pddl,files/tpp/instances/p18.pddl
PATTY-BV,tpp,files/tpp/domain.pddl,files/tpp/instances/p18.pddl
ENHSP,tpp,files/tpp/domain.pddl,files/tpp/instances/p18.pddl
PATTY,tpp,files/tpp/domain.pddl,files/tpp/instances/p19.pddl
PATTY-BV,tpp,files/tpp/domain.pddl,files/tpp/instances/p19.pddl
ENHSP,tpp,files/tpp/domain.pddl,files/tpp/instances/p19.pddl
PATTY,tpp,files/tpp/domain.pddl,files/tpp/instances/p20.pddl
PATTY-BV,tpp,files/tpp/domain.pddl,files/tpp/instances/p20.pddl
ENHSP,tpp,files/tpp/domain.pddl,files/tpp/instances/p20.pddl
PATTY,tpp,files/tpp/domain.pddl,files/tpp/instances/p21.pddl
PATTY-BV,tpp,files/tpp/domain.pddl,files/tpp/instances/p21.pddl
ENHSP,tpp,files/tpp/domain.pddl,files/tpp/instances/p21.pddl
PATTY,tpp,files/tpp/domain.pddl,files/tpp/instances/p22.pddl
PATTY-BV,tpp,files/tpp/domain.pddl,files/tpp/instances/p22.pddl
ENHSP,tpp,files/tpp/domain.pddl,files/tpp/instances/p22.pddl
PATTY,tpp,files/tpp/domain.pddl,files/tpp/instances/p23.pddl
PATTY-BV,tpp,files/tpp/domain.pddl,files/tpp/instances/p23.pddl
ENHSP,tpp,files/tpp/domain.pddl,files/tpp/instances/p23.pddl
PATTY,tpp,files/tpp/domain.pddl,files/tpp/instances/p24.pddl
PATTY-BV,tpp,files/tpp/domain.pddl,files/tpp/instances/p24.pddl
ENHSP,tpp,files/tpp/domain.pddl,files/tpp/instances/p24.pddl
PATTY,tpp,files/tpp/domain.pddl,files/tpp/instances/p25.pddl
PATTY-BV,tpp,files/tpp/domain.pddl,files/tpp/instances/p25.pddl
ENHSP,tpp,files/tpp/domain.pddl,files/tpp/instances/p25.pddl
PATTY,tpp,files/tpp/domain.pddl,files/tpp/instances/p26.pddl
PATTY-BV,tpp,files/tpp/domain.pddl,files/tpp/instances/p26.pddl
ENHSP,tpp,files/tpp/domain.pddl,files/tpp/instances/p26.pddl
PATTY,tpp,files/tpp/domain.pddl,files/tpp/instances/p27.pddl
PATTY-BV,tpp,files/tpp/domain.pddl,files/tpp/instances/p27.pddl
ENHSP,tpp,files/tpp/domain.pddl,files/tpp/instances/p27.pddl
PATTY,tpp,files/tpp/domain.pddl,files/tpp/instances/p28.pddl
PATTY-BV,tpp,files/tpp/domain.pddl,files/tpp/instances/p28.pddl
ENHSP,tpp,files/tpp/domain.pddl,files/tpp/instances/p28.pddl
PATTY,tpp,files/tpp/domain.pddl,files/tpp/instances/p29.pddl
PATTY-BV,tpp,files/tpp/domain.pddl,files/tpp/instances/p29.pddl
ENHSP,tpp,files/tpp/domain.pddl,files/tpp/instances/p29.pddl
PATTY,tpp,files/tpp/domain.pddl,files/tpp/instances/p30.pddl
PATTY-BV,tpp,files/tpp/domain.pddl,files/tpp/instances/p30.pddl
ENHSP,tpp,files/tpp/domain.pddl,files/tpp/instances/p30.pddl
PATTY,tpp,files/tpp/domain.pddl,files/tpp/instances/p31.pddl
PATTY-BV,tpp,files/tpp/domain.pddl,files/tpp/instances/p31.pddl
ENHSP,tpp,files/tpp/domain.pddl,files/tpp/instances/p31.pddl
PATTY,tpp,files/tpp/domain.pddl,files/tpp/instances/p32.pddl
PATTY-BV,tpp,files/tpp/domain.pddl,files/tpp/instances/p32.pddl
ENHSP,tpp,files/tpp/domain.pddl,files/tpp/instances/p32.pddl
PATTY,tpp,files/tpp/domain.pddl,files/tpp/instances/p33.pddl
PATTY-BV,tpp,files/tpp/domain.pddl,files/tpp/instances/p33.pddl
ENHSP,tpp,files/tpp/domain.pddl,files/tpp/instances/p33.pddl
PATTY,tpp,files/tpp/domain.pddl,files/tpp/instances/p34.pddl
PATTY-BV,tpp,files/tpp/domain.pddl,files/tpp/instances/p34.pddl
ENHSP,tpp,files/tpp/domain.pddl,files/tpp/instances/p34.pddl
PATTY,tpp,files/tpp/domain.pddl,files/tpp/instances/p35.pddl
PATTY-BV,tpp,files/tpp/domain.pddl,files/tpp/instances/p35.pddl
ENHSP,tpp,files/tpp/domain.pddl,files/tpp/instances/p35.pddl
PATTY,tpp,files/tpp/domain.pddl,files/tpp/instances/p36.pddl
PATTY-BV,tpp,files/tpp/domain.pddl,files/tpp/instances/p36.pddl
ENHSP,tpp,files/tpp/domain.pddl,files/tpp/instances/p36.pddl
PATTY,tpp,files/tpp/domain.pddl,files/tpp/instances/p37.pddl
PATTY-BV,tpp,files/tpp/domain.pddl,files/tpp/instances/p37.pddl
ENHSP,tpp,files/tpp/domain.pddl,files/tpp/instances/p37.pddl
PATTY,tpp,files/tpp/domain.pddl,files/tpp/instances/p38.pddl
PATTY-BV,tpp,files/tpp/domain.pddl,files/tpp/instances/p38.pddl
ENHSP,tpp,files/tpp/domain.pddl,files/tpp/instances/p38.pddl
PATTY,tpp,files/tpp/domain.pddl,files/tpp/instances/p39.pddl
PATTY-BV,tpp,files/tpp/domain.pddl,files/tpp/instances/p39.pddl
ENHSP,tpp,files/tpp/domain.pddl,files/tpp/instances/p39.pddl
PATTY,tpp,files/tpp/domain.pddl,files/tpp/instances/p40.pddl
PATTY-BV,tpp,files/tpp/domain.pddl,files/tpp/instances/p40.pddl
ENHSP,tpp,files/tpp/domain.pddl,files/tpp/instances/p40.pddl
PATTY,travel,files/travel/domain.pddl,files/travel/instances/pb1.pddl
PATTY-BV,travel,files/travel/domain.pddl,files/travel/instances/pb1.pddl
ENHSP,travel,files/travel/domain.pddl,files/travel/instances/pb1.pddl
PATTY,travel,files/travel/domain.pddl,files/travel/instances/pb2.pddl
PATTY-BV,travel,files/travel/domain.pddl,files/travel/instances/pb2.pddl
ENHSP,travel,files/travel/domain.pddl,files/travel/instances/pb2.pddl
PATTY,zeno-travel,files/zeno-travel/domain.pddl,files/zeno-travel/instances/pfile0.pddl
PATTY-BV,zeno-travel,files/zeno-travel/domain.pddl,files/zeno-travel/instances/pfile0.pddl
ENHSP,zeno-travel,files/zeno-travel/domain.pddl,files/zeno-travel/instances/pfile0.pddl
PATTY,zeno-travel,files/zeno-travel/domain.pddl,files/zeno-travel/instances/pfile1.pddl
PATTY-BV,zeno-travel,files/zeno-travel/domain.pddl,files/zeno-travel/instances/pfile1.pddl
ENHSP,zeno-travel,files/zeno-travel/domain.pddl,files/zeno-travel/instances/pfile1.pddl
PATTY,zeno-travel,files/zeno-travel/domain.pddl,files/zeno-travel/instances/pfile10.pddl
PATTY-BV,zeno-travel,files/zeno-travel/domain.pddl,files/zeno-travel/instances/pfile10.pddl
ENHSP,zeno-travel,files/zeno-travel/domain.pddl,files/zeno-travel/instances/pfile10.pddl
PATTY,zeno-travel,files/zeno-travel/domain.pddl,files/zeno-travel/instances/pfile11.pddl
PATTY-BV,zeno-travel,files/zeno-travel/domain.pddl,files/zeno-travel/instances/pfile11.pddl
ENHSP,zeno-travel,files/zeno-travel/domain.pddl,files/zeno-travel/instances/pfile11.pddl
PATTY,zeno-travel,files/zeno-travel/domain.pddl,files/zeno-travel/instances/pfile12.pddl
PATTY-BV,zeno-travel,files/zeno-travel/domain.pddl,files/zeno-travel/instances/pfile12.pddl
ENHSP,zeno-travel,files/zeno-travel/domain.pddl,files/zeno-travel/instances/pfile12.pddl
PATTY,zeno-travel,files/zeno-travel/domain.pddl,files/zeno-travel/instances/pfile13.pddl
PATTY-BV,zeno-travel,files/zeno-travel/domain.pddl,files/zeno-travel/instances/pfile13.pddl
ENHSP,zeno-travel,files/zeno-travel/domain.pddl,files/zeno-travel/instances/pfile13.pddl
PATTY,zeno-travel,files/zeno-travel/domain.pddl,files/zeno-travel/instances/pfile14.pddl
PATTY-BV,zeno-travel,files/zeno-travel/domain.pddl,files/zeno-travel/instances/pfile14.pddl
ENHSP,zeno-travel,files/zeno-travel/domain.pddl,files/zeno-travel/instances/pfile14.pddl
PATTY,zeno-travel,files/zeno-travel/domain.pddl,files/zeno-travel/instances/pfile15.pddl
PATTY-BV,zeno-travel,files/zeno-travel/domain.pddl,files/zeno-travel/instances/pfile15.pddl
ENHSP,zeno-travel,files/zeno-travel/domain.pddl,files/zeno-travel/instances/pfile15.pddl
PATTY,zeno-travel,files/zeno-travel/domain.pddl,files/zeno-travel/instances/pfile16.pddl
PATTY-BV,zeno-travel,files/zeno-travel/domain.pddl,files/zeno-travel/instances/pfile16.pddl
ENHSP,zeno-travel,files/zeno-travel/domain.pddl,files/zeno-travel/instances/pfile16.pddl
PATTY,zeno-travel,files/zeno-travel/domain.pddl,files/zeno-travel/instances/pfile17.pddl
PATTY-BV,zeno-travel,files/zeno-travel/domain.pddl,files/zeno-travel/instances/pfile17.pddl
ENHSP,zeno-travel,files/zeno-travel/domain.pddl,files/zeno-travel/instances/pfile17.pddl
PATTY,zeno-travel,files/zeno-travel/domain.pddl,files/zeno-travel/instances/pfile18.pddl
PATTY-BV,zeno-travel,files/zeno-travel/domain.pddl,files/zeno-travel/instances/pfile18.pddl
ENHSP,zeno-travel,files/zeno-travel/domain.pddl,files/zeno-travel/instances/pfile18.pddl
PATTY,zeno-travel,files/zeno-travel/domain.pddl,files/zeno-travel/instances/pfile19.pddl
PATTY-BV,zeno-travel,files/zeno-travel/domain.pddl,files/zeno-travel/instances/pfile19.pddl
ENHSP,zeno-travel,files/zeno-travel/domain.pddl,files/zeno-travel/instances/pfile19.pddl
PATTY,zeno-travel,files/zeno-travel/domain.pddl,files/zeno-travel/instances/pfile2.pddl
PATTY-BV,zeno-travel,files/zeno-travel/domain.pddl,files/zeno-travel/instances/pfile2.pddl
ENHSP,zeno-travel,files/zeno-travel/domain.pddl,files/zeno-travel/instances/pfile2.pddl
PATTY,zeno-travel,files/zeno-travel/domain.pddl,files/zeno-travel/instances/pfile20.pddl
PATTY-BV,zeno-travel,files/zeno-travel/domain.pddl,files/zeno-travel/instances/pfile20.pddl
ENHSP,zeno-travel,files/zeno-travel/domain.pddl,files/zeno-travel/instances/pfile20.pddl
PATTY,zeno-travel,files/zeno-travel/domain.pddl,files/zeno-travel/instances/pfile21.pddl
PATTY-BV,zeno-travel,files/zeno-travel/domain.pddl,files/zeno-travel/instances/pfile21.pddl
ENHSP,zeno-travel,files/zeno-travel/domain.pddl,files/zeno-travel/instances/pfile21.pddl
PATTY,zeno-travel,files/zeno-travel/domain.pddl,files/zeno-travel/instances/pfile22.pddl
PATTY-BV,zeno-travel,files/zeno-travel/domain.pddl,files/zeno-travel/instances/pfile22.pddl
ENHSP,zeno-travel,files/zeno-travel/domain.pddl,files/zeno-travel/instances/pfile22.pddl
PATTY,zeno-travel,files/zeno-travel/domain.pddl,files/zeno-travel/instances/pfile23.pddl
PATTY-BV,zeno-travel,files/zeno-travel/domain.pddl,files/zeno-travel/instances/pfile23.pddl
ENHSP,zeno-travel,files/zeno-travel/domain.pddl,files/zeno-travel/instances/pfile23.pddl
PATTY,zeno-travel,files/zeno-travel/domain.pddl,files/zeno-travel/instances/pfile3.pddl
PATTY-BV,zeno-travel,files/zeno-travel/domain.pddl,files/zeno-travel/instances/pfile3.pddl
ENHSP,zeno-travel,files/zeno-travel/domain.pddl,files/zeno-travel/instances/pfile3.pddl
PATTY,zeno-travel,files/zeno-travel/domain.pddl,files/zeno-travel/instances/pfile4.pddl
PATTY-BV,zeno-travel,files/zeno-travel/domain.pddl,files/zeno-travel/instances/pfile4.pddl
ENHSP,zeno-travel,files/zeno-travel/domain.pddl,files/zeno-travel/instances/pfile4.pddl
PATTY,zeno-travel,files/zeno-travel/domain.pddl,files/zeno-travel/instances/pfile5.pddl
PATTY-BV,zeno-travel,files/zeno-travel/domain.pddl,files/zeno-travel/instances/pfile5.pddl
ENHSP,zeno-travel,files/zeno-travel/domain.pddl,files/zeno-travel/instances/pfile5.pddl
PATTY,zeno-travel,files/zeno-travel/domain.pddl,files/zeno-travel/instances/pfile6.pddl
PATTY-BV,zeno-travel,files/zeno-travel/domain.pddl,files/zeno-travel/instances/pfile6.pddl
ENHSP,zeno-travel,files/zeno-travel/domain.pddl,files/zeno-travel/instances/pfile6.pddl
PATTY,zeno-travel,files/zeno-travel/domain.pddl,files/zeno-travel/instances/pfile7.pddl
PATTY-BV,zeno-travel,files/zeno-travel/domain.pddl,files/zeno-travel/instances/pfile7.pddl
ENHSP,zeno-travel,files/zeno-travel/domain.pddl,files/zeno-travel/instances/pfile7.pddl
PATTY,zeno-travel,files/zeno-travel/domain.pddl,files/zeno-travel/instances/pfile8.pddl
PATTY-BV,zeno-travel,files/zeno-travel/domain.pddl,files/zeno-travel/instances/pfile8.pddl
ENHSP,zeno-travel,files/zeno-travel/domain.pddl,files/zeno-travel/instances/pfile8.pddl
PATTY,zeno-travel,files/zeno-travel/domain.pddl,files/zeno-travel/instances/pfile9.pddl
PATTY-BV,zeno-travel,files/zeno-travel/domain.pddl,files/zeno-travel/instances/pfile9.pddl
ENHSP,zeno-travel,files/zeno-travel/domain.pddl,files/zeno-travel/instances/pfile9.pddl
